Title,Authors,Abstract,Published Year,Published Month,Journal,Volume,Issue,Pages,Accession Number,DOI,Ref,Covidence #,Study,Notes,Tags
LSD microdosing in major depressive disorder: results from an open-label trial.,Daldegan-Bueno D; Donegan CJ; Sumner R; Forsyth A; Evans W; Alshakhouri M; Reynolds L; Ponton R; Smith T; Roop P; Hoeh N; Allen N; Sundram F; Menkes D; Muthukumaraswamy S,"Major depressive disorder (MDD) affects approximately 5 % of the global population. Classic psychedelics have shown promise in treating various mental health disorders. This study evaluated the feasibility and tolerability of an 8-week regimen of microdosed lysergic acid diethylamide (LSD) as a treatment for major depressive disorder in an open-label phase 2A trial (LSDDEP1). Nineteen participants (15 male), most of whom were taking an antidepressant medication (n = 15), took 16 doses of LSD (8 μg initially, then 6-20 μg twice weekly at home), with the first dose administered in the clinic. We assessed tolerability through withdrawal rates due to adverse events and feasibility by clinic visit attendance. Safety measures included adverse events, blood laboratory tests, electrocardiography (ECG), and echocardiography. Depression was measured using the Montgomery-Åsberg Depression Rating Scale (MADRS). No serious or severe adverse events and clinical alterations in safety measures were observed, being this the first study to evaluate valvulopathy after repeated psychedelic administration in humans. One participant withdrew due to experiencing anxiety when dosing; all scheduled clinic visits were attended. MADRS scores were reduced by 59.5 % at the end of the intervention and were sustained for up to six months. Improvements were also noted in anxiety, rumination, stress, and quality of life. While limited by an open-label design and small sample size, this study provides preliminary evidence supporting the safety and feasibility of treating moderate depression with microdosed LSD and underscores a need for further randomised controlled trials. Trial registration: ANZCTR, ACTRN12623000486628 (12 May 2023).",2026,Feb,Neuropharmacology,283,,110762,,10.1016/j.neuropharm.2025.110762,41202873,#28398,Daldegan-Bueno 2026,"",Possible RCT
Psychedelic drugs: the ups and downs of ecstasy.,Check E,,2004,May,Nature,429,6988,126-8,,10.1038/429126a,15141183,#28588,Check 2004,"",""
Binding of [3H]paroxetine to serotonin uptake sites and of [3H]lysergic acid diethylamide to 5-HT2A receptors in platelets from women with premenstrual dysphoric disorder during gonadotropin releasing hormone treatment.,Bixo M; Allard P; Bäckström T; Mjörndal T; Nyberg S; Spigset O; Sundström-Poromaa I,"Changes in serotonergic parameters have been reported in psychiatric conditions such as depression but also in the premenstrual dysphoric disorder (PMDD). In addition, hormonal effects on serotonergic activity have been established. In the present study, binding of [3H]paroxetine to platelet serotonin uptake sites and binding of [3H]lysergic acid diethylamide ([3H]LSD) to platelet serotonin (5-HT)2A receptors were studied in patients with PMDD treated with a low dose of a gonadotropin releasing hormone (GnRH) agonist (buserelin) or placebo and compared to controls. The PMDD patients were relieved of premenstrual symptoms like depression and irritability during buserelin treatment. The number of [3H]paroxetine binding sites (Bmax) were significantly higher in the follicular phase in untreated PMDD patients compared to controls. When treated with buserelin the difference disappeared. No differences in [3H]LSD binding between the three groups were shown. The present study demonstrated altered platelet [3H]paroxetine binding characteristics in women with PMDD compared to controls. Furthermore, [3H]paroxetine binding was affected by PMDD treatment with a low dose of buserelin. The results are consistent with the hypothesis that changes in serotonergic transmission could be a trait in the premenstrual dysphoric disorder.",2001,Aug,Psychoneuroendocrinology,26,6,551-64,,10.1016/s0306-4530(01)00010-5,11403977,#28681,Bixo 2001,"",Possible RCT
Psilocybin-assisted therapy for anxiety and depression: implications for euthanasia.,Strauss N,,2017,Jun,Med J Aust,206,11,468-469,,10.5694/mja17.00081,28918722,#28696,Strauss 2017,"",""
"Validation of an ELISA-based screening assay for the detection of amphetamine, MDMA and MDA in blood and oral fluid.",Laloup M; Tilman G; Maes V; De Boeck G; Wallemacq P; Ramaekers J; Samyn N,"The use of amphetamine and 'ecstasy' (MDMA) has increased exponentially in many European countries since the late nineties, leading to a rapid growth in the number of clinical and forensic analyses. Therefore, a rapid screening procedure for these substances in biological specimens has become an important part of routine toxicological analysis in forensic laboratories. The objective of this study was to evaluate the Cozart amphetamine enzyme-linked immunosorbent assay (ELISA) for the screening of plasma samples and oral fluid samples (collected with the Intercept device). Authentic plasma samples from drivers (n=360) were screened, using an 1:5-fold dilution. True positive, true negative, false positive and false negative results were determined relative to the in-house routine GC-MS analysis. Samples consisted of 144 amphetamine-only positives, 141MDMA/MDA-only positives, and 74 negatives when using the limit of quantitation as the cut-off level for confirmation (10 ng/mL). Using these results, receiver operating characteristic (ROC) curves were generated and optimal cut-off values for the screening assay were calculated. Analysis showed that the ELISA is able to predict the presence of either amphetamine or *MDMA/MDA (*MDMA as its metabolite MDA) in plasma samples with 98.3% sensitivity and 100% specificity at a cut-off value of 66.5 ng/mL d-amphetamine equivalents. A similar analysis was conducted on 216 oral fluid specimens collected from a controlled double blind study. Subjects received placebo or a high (100 mg) or low (75 mg) dose of MDMA. Oral fluid samples were collected at 1.5 and 5.5h after administration. Combined results of the analysis of the high and low dose oral fluid samples indicated a screening cut-off of 51 ng/mL d-amphetamine equivalents with both a sensitivity and specificity of 98.6% (using a LC-MS/MS confirmation cut-off of 10 ng/mL). In conclusion, these data indicate that the Cozart AMP EIA plates constitute a fast and accurate screening technique for the identification of amphetamine and MDMA/MDA positive plasma samples and oral fluid specimens (collected with Intercept. It should be emphasized that method validation should be performed for each type of biological matrix.",2005,Oct,Forensic Sci Int,153,1,29-37,,10.1016/j.forsciint.2005.04.019,15922530,#28702,Laloup 2005,"",Possible RCT
Saccadic peak velocity and EEG as end-points for a serotonergic challenge test.,Gijsman HJ; van Gerven JM; Verkes RJ; Schoemaker RC; Pieters MS; Pennings EJ; Hessing TJ; Cohen AF,"We previously reported that a single dose of the serotonin receptor agonist meta-chlorophenylpiperazine increased the peak velocity of saccadic eye movements and decreased low-frequency electroencephalographic activity. METHODS: We administered a single dose of the serotonin releaser dexfenfluramine in a double blind, placebo controlled randomised cross-over design and measured saccadic eye movements and EEG every hour up to 6 h. Subjects were 62 males (18-30 years) with a history of no, moderate or heavy use of ecstasy tablets. RESULTS: Dexfenfluramine increased saccadic peak velocity and decreased alpha, delta and theta electroencephalographic activity, the latter predominantly in heavy users of ecstasy. CONCLUSIONS: This study supports the idea that saccadic peak velocity and EEG can be useful endpoints of a serotonergic challenge. This could be an important anatomical extension of these end-points, which until now were limited to the effect on hypothalamic serotonergic projections.",2002,Mar,Hum Psychopharmacol,17,2,83-9,,10.1002/hup.374,12404696,#28707,Gijsman 2002,"",Possible RCT
MDMA (ecstasy) pharmacokinetics in a CYP2D6 poor metaboliser and in nine CYP2D6 extensive metabolisers.,de la Torre R; Farré M; Mathúna BO; Roset PN; Pizarro N; Segura M; Torrens M; Ortuño J; Pujadas M; Camí J,,2005,Aug,Eur J Clin Pharmacol,61,7,551-4,,10.1007/s00228-005-0965-y,16041599,#28708,delaTorre 2005,"",""
Chromosome aberrations and LSD. A controlled study in 50 psychiatric patients.,Robinson JT; Chitham RG; Greenwood RM; Taylor JW,,1974,Sep,Br J Psychiatry,125,0,238-44,,10.1192/bjp.125.3.238,4422173,#28716,Robinson 1974,"",""
"Controlled sensory input: a note on the technic of drug evaluation with a preliminary report on a comparative study of sernyl, psilocybin, and LSD-25.",POLLARD JC; BAKKER C; UHR L; FEUERFILE DF,,1960,Dec,Compr Psychiatry,1,,377-80,,10.1016/s0010-440x(60)80061-2,13736851,#28718,POLLARD 1960,"",""
Opening doors of perception: psychedelic drugs and end-of-life care.,Macready N,,2012,Nov,J Natl Cancer Inst,104,21,1619-20,,10.1093/jnci/djs468,23104218,#28738,Macready 2012,"",""
Increased platelet membrane [3H]-LSD binding in patients on chronic neuroleptic treatment.,Schächter M; Geaney DP; Grahame-Smith DG; Cowen PJ; Elliott JM,"Using a [3H]-lysergic acid diethylamide [( 3H]-LSD) binding technique, platelet 5-hydroxytryptamine (5-HT) receptor number and affinity were compared in schizophrenics treated with depot thioxanthenes and phenothiazines and controls. There was an approximately 30% increase in platelet receptor number (Bmax) in the patient group. There was a decrease in affinity (increase in Kd) of about 30% in the patient group. This was probably due to the persistence of the neuroleptic in the platelet membrane preparation. There was a weak positive correlation between receptor number and total neuroleptic dosage. The increased number of 5-HT receptors is consistent with the previously reported enhancement of 5-HT-induced platelet aggregation in patients treated with long-term phenothiazines and thioxanthenes. Our findings are compatible with 5-HT up-regulation in human platelets produced by depot neuroleptic therapy. It is not known whether parallel changes may be occurring in brain 5-HT receptors.",1985,Apr,Br J Clin Pharmacol,19,4,453-7,,10.1111/j.1365-2125.1985.tb02670.x,2859873,#28745,Schächter 1985,"",Possible RCT
TOLERANCE TO LSD-25 IN SCHIZOPHRENIC SUBJECTS; ATTENUATION OF EFFECTS ON PUPILLARY DIAMETER AND KNEEJERK THRESHOLD AFTER CHRONIC INTOXICATION.,CHESSICK RD; HAERTZEN CA; WIKLER A,,1964,Jun,Arch Gen Psychiatry,10,,653-8,,10.1001/archpsyc.1964.01720240107012,14159265,#28750,CHESSICK 1964,"",""
Preliminary method for study of LSD with children.,Rolo A; Krinsky LW; Abramson H; Goldfarb L,,1965,Dec,Int J Neuropsychiatry,1,6,552-5,,,5886534,#28751,Rolo 1965,"",""
Characterizing the psychological state produced by LSD.,Katz MM; Waskow IE; Olsson J,,1968,Feb,J Abnorm Psychol,73,1,1-14,,10.1037/h0020114,5639999,#28755,Katz 1968,"",""
It's all about the relationship: The caregiver experience of supporting a person with advanced cancer going through an LSD microdosing trial.,Cottam F; Wells A; Clayden C; Reynolds L,"OBJECTIVES: The objectives of this research were to investigate the hopes, beliefs, perceptions, and experience of caregivers for advanced cancer patients undergoing a trial investigating a psychedelic-assisted therapy. METHODS: Semi-structured interviews asked 15 caregivers about their experience at baseline and 1 month after their close associate had completed treatment in a feasibility trial where participants were randomized to receive either lysergic acid diethylamide (LSD) microdoses or placebo alongside meaning-centered psychotherapy (MCP). Blinded to condition, reflexive thematic analysis was used to analyze interview transcripts. RESULTS: This study demonstrates the importance of bidirectional influences between caregiver and patient; the experience of one influences the experience of both. Caregivers were generally supportive of their close associate participating in a psychedelic-assisted trial, although some admitted hesitancy in them taking part. Caregivers described a desire to make the most of now, referring to the role of LSD microdose-assisted MCP as a means of accessing hope, improving the dyad relationship, and reducing existential distress. SIGNIFICANCE OF RESULTS: Participation in trials investigating psychedelic-assisted MCP may offer hope for patients and their caregivers. Given the bidirectional relationship in wellbeing between cancer dyads, caregivers should be included alongside patients in such trials.",2026,Feb,Palliat Support Care,24,,e70,,10.1017/S1478951526101977,41741401,#28758,Cottam 2026,"",Possible RCT
Speech rhythms in patient monologues: the influence of LSD-25 and dextroamphetamine.,Jaffe J; Dahlberg CC; Luria J; Breskin S; Chorosh J; Lorick E,,1972,Jun,Biol Psychiatry,4,3,243-6,,,5041919,#28759,Jaffe 1972,"",""
"Dimensions of LSD, methylphenidate and chlordiazepoxide experiences.",Ditman KS; Moss T; Forgy EW; Zunin LM; Lynch RD; Funk WA,,1969,,Psychopharmacologia,14,1,1-11,,10.1007/BF00401528,4900730,#28760,Ditman 1969,"",""
MDMA-assisted psychotherapy for posttraumatic stress disorder: A promising novel approach to treatment.,Vermetten E; Yehuda R,,2020,Jan,Neuropsychopharmacology,45,1,231-232,,10.1038/s41386-019-0482-9,31455855,#28761,Vermetten 2020,"",""
Effects of LSD-25 and dextroamphetamine on speech rhythms in psychotherapy dialogues.,Jaffe J; Dahlberg CC; Luria J; Chorosh J,,1973,Feb,Biol Psychiatry,6,1,93-6,,,4710779,#28762,Jaffe 1973,"",""
The use of LSD in time-limited psychotherapy.,Soskin RA,,1973,Dec,J Nerv Ment Dis,157,6,410-9,,10.1097/00005053-197312000-00002,4148471,#28764,Soskin 1973,"",""
Not imagining it. Research into hallucinogens cautiously resumes.,Biello D,,2006,Nov,Sci Am,295,5,33-5,,,17076078,#28765,Biello 2006,"",""
"Reaction time (""mental set"") in control and chronic schizophrenic subjects and in postaddicts under placebo, LSD-25, morphine, pentobarbital and amphetamine.",Wikler A; Haertzen CA; Chessick RD; Hill HE; Pescor FT,,1965,May,Psychopharmacologia,7,6,423-43,,10.1007/BF00402365,5319301,#28766,Wikler 1965,"",""
Psychopharmacology and conditioned reflexes.,Gantt WH,,1970,Apr-Jun,Cond Reflex,5,2,109-18,,,5454674,#28769,Gantt 1970,"",""
"Comparative phenomenology of experimental mental alterations after application of LSD, benactyzine and phenmetrzine.",Dolezal V; Hausner M,,1968,Oct,Act Nerv Super (Praha),10,3,280-2,,,5702526,#28770,Dolezal 1968,"",""
Mapping serotonergic dysfunction in MDMA (ecstasy) users using pharmacological MRI.,Schouw ML; Gevers S; Caan MW; Majoie CB; Booij J; Nederveen AJ; Reneman L,"3,4-Methylenedioxymethamphetamine (MDMA or ecstasy) is a popular recreational drug that has been shown to induce loss of brain serotonin (5-HT) neurons. The purpose of this study was to determine the usefulness of pharmacological magnetic resonance imaging (phMRI) in assessing 5-HT dysfunction by examining the hemodynamic response evoked by infusion with the selective 5-HT reuptake inhibitor citalopram. We studied the effects of MDMA on brain hemodynamics using arterial spin labeling (ASL) based phMRI following a citalopram challenge (7.5mg/kg, i.v.), combined with [¹²³I]β-CIT SPECT imaging in ten male MDMA users and seven healthy non-users. Single photon emission computed tomography (SPECT) imaging was used to assess the availability of 5-HT transporters (SERT). Imaging results were compared with the results of behavioral measures and mood changes following drug administration, in both groups (using the Beck Depression Inventory, Barratt Impulsiveness Scale and a visual analog scale). Reductions in SERT binding were observed in the occipital cortex of MDMA users. In line with this, citalopram induced decreases in cerebral blood flow (CBF) in the occipital cortex of MDMA users. ASL based phMRI also detected a CBF decrease in the thalamus of MDMA users. In concordance with imaging findings, behavioral measures differed significantly between MDMA users and controls. MDMA users had higher impulsivity scores and felt more uncomfortable after citalopram infusion, compared with control subjects. Our findings indicate that phMRI is very well suited for in-vivo assessment of 5-HT dysfunction.",2012,Aug,Eur Neuropsychopharmacol,22,8,537-45,,10.1016/j.euroneuro.2011.12.002,22209360,#28780,Schouw 2012,"",Possible RCT
"Reduced N-acetylaspartate levels in the frontal cortex of 3,4-methylenedioxymethamphetamine (Ecstasy) users: preliminary results.",Reneman L; Majoie CB; Flick H; den Heeten GJ,"BACKGROUND AND PURPOSE: The perceived safety of the recreational drug methylenedioxymethamphetamine (MDMA), or Ecstasy, conflicts with animal evidence indicating that MDMA damages cortical serotonin (5-HT) neurons at doses similar to those used by humans. Few data are available about the effects of MDMA on the human brain. This study was designed to evaluate MDMA-related alterations in metabolite ratios with single-voxel proton ((1)H) MR spectroscopy. METHODS: Fifteen male MDMA users (mean lifetime exposure, 723 tablets; mean time since last tablet, 12.0 weeks) and 12 age-matched control subjects underwent single-voxel (1)H MR spectroscopy. N-Acetylaspartate (NAA)/creatine (Cr), NAA/Choline (Cho), and myoinositol (MI)/Cr ratios were measured in midfrontal gray matter, midoccipital gray matter, and right parietal white matter. Data were analyzed with linear model-based multivariate analysis of variance. RESULTS: NAA/Cr (P =.04) and NAA/Cho (P =.03) ratios, markers associated with neuronal loss or dysfunction, were reduced in the frontal cortex of MDMA users. Neither NAA/Cr (P =.72) nor NAA/Cho (P =.12) ratios were different between both groups in occipital gray matter and parietal white matter (P =.18). Extent of previous MDMA use and frontal cortical NAA/Cr (rho = -.50, P =.012) or NAA/Cho (rho = -.550, P <.01) ratios were significantly associated. CONCLUSION: Reduced NAA/Cr and NAA/Cho ratios at (1)H MR spectroscopy provide evidence for neuronal abnormality in the frontal cortex of MDMA users; these are correlated with the degree of MDMA exposure. These data suggest that MDMA may be a neurotoxin in humans, as it is in animals.",2002,Feb,AJNR Am J Neuroradiol,23,2,231-7,,,11847047,#28800,Reneman 2002,"",Possible RCT
"Experimentally induced aggressive behavior in subjects with 3,4-methylenedioxy-methamphetamine (""Ecstasy"") use history: psychobiological correlates.",Gerra G; Zaimovic A; Ampollini R; Giusti F; Delsignore R; Raggi MA; Laviola G; Macchia T; Brambilla F,"PURPOSE: Objective measures of experimentally induced aggressiveness were evaluated in 12 male 3,4-methylenedioxy-methamphetamine (MDMA, ""Ecstasy"") users, in comparison with 20 healthy male subjects. METHODS: All the subjects were preliminarily submitted to DSM-IV interviews and Buss-Durkee Hostility Inventory (BDHI). During a laboratory task, the Point Subtraction Aggression Paradigm (PSAP), subjects earned monetary reinforcers with repeated button presses, and were provoked by the subtraction of money that was attributed to a fictitious other participant. Subjects could respond by ostensibly subtracting money from the fictitious subject (the aggressive response). Escape responses were also possible protecting the counter from monetary subtractions. RESULTS: Money-earning responses were not different in Ecstasy users and controls; aggressive responses were significantly higher in Ecstasy users in comparison with control subjects (F=20.74, P<.001). Baseline adrenocorticotropic hormone (ACTH) and cortisol (CORT) levels were higher in Ecstasy users than in controls. No difference was found in norepinephrine (NE) and epinephrine (EPI) basal levels of the two groups. During the experimentally induced aggressiveness, plasma ACTH concentrations increased significantly less and NE and EPI levels, together with heart rate (HR), increased significantly more in Ecstasy users than in healthy subjects. Despite ACTH-blunted responses, CORT did not increase differently from controls in Ecstasy users. PSAP aggressive responses positively correlated with catecholamines and CORT changes, BDHI Direct Aggression and Irritability scores, both in Ecstasy users and controls. A significant correlation was found between Ecstasy exposure extent and aggressive responses (r=.78, P<.001). IMPLICATIONS: Our findings suggest that Ecstasy users have higher outward-directed aggressiveness than healthy subjects. Aggressiveness in MDMA subjects seems to be associated more with MDMA pharmacological effects than with personality traits: Nevertheless, a premorbid psychobiological proneness to aggressive behavior cannot be excluded. Increased catecholamines reactivity, basal hypothalamus-pituitary-adrenal (HPA) axis hyperactivity, and blunted ACTH responses could be due to MDMA action on monoaminergic pathways and adrenal function.",2001,,J Subst Abuse,13,4,471-91,,10.1016/s0899-3289(01)00094-3,11775077,#28816,Gerra 2001,"",Possible RCT
Insights from the psychedelic experience integration session: Verbatims differentiate 3-month abstinence in alcohol use disorder with depressive symptoms.,Garcia Garcia M; Belahda D; Graux C; Serrand C; Igounenc N; Sergent F; Mura T; Luquiens A,"BACKGROUND: Psilocybin-assisted psychotherapy shows promise in alcohol use disorder (AUD), but therapeutic mechanisms remain poorly understood. Previous qualitative studies have described potential processes such as gaining insights, altered self-perception, connectedness, and changes in coping, yet findings remain limited and inconsistent in AUD, and little is known about early markers of therapeutic response. METHODS: We conducted a mixed quantitative-qualitative analysis of first integration sessions in the Psilocybin Alcohol Depression (PAD) randomized controlled trial. Only participants randomized to the 25 mg psilocybin group were included in this analysis. Recently detoxified patients with AUD and persisting depressive symptoms underwent semi-structured integration interviews the day after dosing. Transcripts were analyzed with IRaMuTeQ software using the Reinart descending hierarchical classification. Associations with abstinence at 3 months were examined. RESULTS: Twenty participants were included (55% male, median age 49); 55% were abstinent at 3 months. The corpus comprised 127,760 words, with 88% classified into two stable classes. Class 1 (44% of text segments) described sensory and emotional aspects of the psychedelic experience (physical sensations, visual phenomena, emotions, setting) and was predominantly elicited by non-responders. Class 2 (56%) reflected active cognitive processes and inner dialogue, including cognitive restructuring, distancing from habitual patterns, commitment to change, and work on pre-elicited intentions related to alcohol. Abstinence at 3 months was significantly associated with references to family connections, pleasant emotions, adaptive processing of fear, and revisiting alcohol-related triggers with new coping strategies, while non-abstinence was associated with negative emotions, physical pain, disappointment, and suppressive coping. CONCLUSIONS: Responders were distinguished by narratives of inner dialogue and adaptive coping, while non-responders emphasized sensory and affective descriptions and suppressive coping. Inner dialogue may constitute a distinct therapeutic mechanism, highlighting the importance of preparation and integration in psilocybin-assisted psychotherapy.",2026,May,J Affect Disord,400,,121215,,10.1016/j.jad.2026.121215,41558304,#28818,GarciaGarcia 2026,"",Possible RCT
One-year outcomes of prenatal exposure to MDMA and other recreational drugs.,Singer LT; Moore DG; Min MO; Goodwin J; Turner JJ; Fulton S; Parrott AC,"OBJECTIVE: A widely used illicit recreational drug among young adults, 3,4-methylenedioxymethamphetamine (MDMA) or ecstasy, is an indirect monoaminergic agonist/reuptake inhibitor affecting the serotonin system. Preclinical studies found prenatal exposure related to long-term learning and memory impairments. There are no studies of sequelae of prenatal MDMA exposure in humans, despite potential harmful effects to the fetus. METHODS: A total of 96 women in the United Kingdom (28 MDMA users; 68 non-MDMA) were interviewed about recreational drug use during pregnancy. Their infants were seen at 12 months using standardized assessments of cognitive, language, and motor development (Preschool Language Scale, Bayley Mental and Motor Development and Behavior Rating Scales [Mental Development Index, Psychomotor Development Index, Behavioral Rating Scale]). Mothers completed the Child Domain Scale of the Parenting Stress Index, The Home Observation of the Environment Scale (in interview), the Brief Symptom Inventory, and the Drug Abuse Screening Test. Women were primarily middle class with some university education, in stable partner relationships, and polydrug users. MDMA and other drug effects were assessed through multiple regression analyses controlling for confounding variables, and analysis of covariance comparing heavier versus lighter and nonexposed groups. RESULTS: Amount of prenatal MDMA exposure predicted poorer infant mental and motor development at 12 months in a dose-dependent manner. Heavily exposed infants were delayed in motor development. Lighter-exposed infants were comparable to nonexposed infants. There were no effects on language, emotional regulation, or parenting stress. CONCLUSIONS: Findings document persistent neurotoxic effects of heavier prenatal MDMA exposure on motor development through the first year of life.",2012,Sep,Pediatrics,130,3,407-13,,10.1542/peds.2012-0666,22908109,#28835,Singer 2012,"",Possible RCT
Stepping back into life: How Psychedelic Assisted Psychotherapy transforms the way of life of the terminally ill.,Dwyer J; Johnston RB; O'Callaghan C; Ross M,"This qualitative study of how successful Psychedelic Assisted Psychotherapy (PAP) transforms the way of life of terminally ill subjects provides new knowledge for researchers and clinicians contemplating its use. Using an interpretive phenomenological approach (IPA) and interviews with subjects before and after PAP from a recent randomised control trial, we find that participants with extreme death anxiety have become displaced from their own life, afraid and alone in an all-encompassing present. PAP can enable them to fully inhabit their life in a more abundant and joyful present, even in the face of death. The psilocybin component is found to be necessary but not sufficient for this achieving this outcome. These novel findings expand our conceptualisation of death anxiety and of the personal transformation that constitutes successful PAP. Clinical trial details Australian New Zealand Clinician Trials Registry. https://www.anzctr.org.au/Trial/Registration/TrialReview.aspx?id=378101&isReview=true registration: ACTRN12619001225101.",2026,Jan-Feb,Gen Hosp Psychiatry,98,,86-96,,10.1016/j.genhosppsych.2025.12.002,41418682,#28842,Dwyer 2026,"",Possible RCT
The effects of psilocybin therapy versus escitalopram on cognitive bias: A secondary analysis of a randomized controlled trial.,Henry J; Giribaldi B; Nutt DJ; Erritzoe D; Carhart-Harris R; Lyons T,"BACKGROUND: Patients with Major Depressive Disorder (MDD) have more dysfunctional attitudes than healthy individuals and these pessimistic biases are correlated with depression severity. Psilocybin has demonstrated sustained remission in depression. METHODS: Secondary analysis of a two-arm randomized controlled trial assessing the effect of psilocybin therapy versus escitalopram on 'maladaptive' cognitive biases relevant to the construct of depression. Primary outcomes were post-treatment changes in biases at six weeks compared with baseline, as measured using three validated psychological scales. FINDINGS: Fifty-nine MDD patients were randomly allocated to the psilocybin (n = 30) or escitalopram (n = 29) groups. Self-reported optimism showed a large increase six-weeks after psilocybin treatment (M(diff)=6·63 p < 0·0001; 95 % CI [4·06, 9·20], d = 1·1), whereas there was no change following escitalopram (M(diff)=1·52, p = 0·205; 95 % CI [-0·59, 3·62], d = 0·4). Behavioral results found that patients were more optimistic about desirable life events after psilocybin treatment (M(diff)=0·16, p = 0·0002; 95 % CI [0·08, 0·23], d = 1·1), but they were also less pessimistic about negative life events after escitalopram treatment (M(diff)=0·07, p = 0·018; 95 % CI [0·01, 0·13], d = 0·5). We found improvements in all three domains of dysfunctional attitudes following psilocybin treatment: achievement (M(diff)=10·37, p < 0·0001; 95 % CI [6·38, 14·53], d = 1·0); dependency (M(diff)=7·97, p < 0·0001; 95 % CI [4·00, 11·93], d = 0·9) and self-control (M(diff)=6·40, p = 0·0006; 95 % CI [2·60, 10·20], d = 0·8)), whereas only the achievement domain improved after escitalopram (M(diff)=4·10, p = 0·005; 95 % CI [1·35, 6·86], d = 0·6). INTERPRETATION: These results suggest that two high-dose sessions with psilocybin therapy are superior to a six-week daily course of a selective serotonin-reuptake inhibitor antidepressant, in remediating negative cognitive biases in depression.",2025,Aug,Eur Neuropsychopharmacol,97,,51-60,,10.1016/j.euroneuro.2025.06.003,40554997,#28860,Henry 2025,"",Possible RCT
Ecstasy use: cognitive deficits related to dosage rather than self-reported problematic use of the drug.,Fox HC; Parrott AC; Turner JJ,"Previous research has shown drug-free Ecstasy users to demonstrate selective cognitive impairment. However, there seems to be a degree of individual variation in the occurrence of such deficits. The present study aimed to assess whether these cognitive deficits are related to an awareness of problematic Ecstasy use, or to past drug dosage. Twenty regular Ecstasy users who reported experiencing Ecstasy-related problems were compared with 20 Ecstasy users who had not reported any previous problems. The two groups displayed similar past histories in relation to a range of illicit drugs, and were divided into low, medium and high users. The controls comprised 20 illicit recreational drug users who had never taken Ecstasy. Executive task measures comprised the Tower of London (TOL), the Wisconsin Card Sorting Task (WCST) and spatial working memory. Immediate and delayed word recall, matched verbal recognition and recall and simple reaction time were also included. Both Ecstasy groups performed significantly worse than controls on two executive measures: TOL planning time and spatial working memory score. There were no differences in cognitive impairment between the Ecstasy users who complained of problems and those who did not. In both groups, decrement on executive tasks was demonstrated as a function of previous drug dose. The study confirms that heavy Ecstasy polydrug use may culminate in selective executive deficits. It also demonstrates that two differently self-perceived Ecstasy groups showed similar cognitive impairment, despite only one group complaining of problems. Because all Ecstasy participants also consumed a range of other illicit drugs, the results are reflective of Ecstasy polydrug use in individuals who use Ecstasy as a drug of preference.",2001,Dec,J Psychopharmacol,15,4,273-81,,10.1177/026988110101500406,11769821,#28920,Fox 2001,"",Possible RCT
The role of therapeutic alliance in psilocybin treatment for treatment-resistant depression: A post hoc path analysis.,Goodwin GM; Aaronson ST; Alvarez O; Carhart-Harris R; Croal M; Feifel D; Hellerstein DJ; Husain MI; Kelly JR; Kirlic N; Licht RW; Marwood L; Nowakowska A; Páleníček T; Repantis D; Schoevers RA; Simmons H; Soares JC; Somers M; Tsai J; Wahba M; Williams E; Young AH; Young MB; Zisook S; Malievskaia E,"INTRODUCTION: The contribution of patient support to psilocybin's antidepressant effects remains uncertain. METHODS: Relationships between therapeutic alliance (Scale to Assess Therapeutic Relationship-Patient version; STAR-P), psychedelic experience (Five-Dimensional Altered States of Consciousness Questionnaire and Emotional Breakthrough Inventory; 5D-ASC and EBI) and clinical outcomes (Montgomery-Åsberg Depression Rating Scale; MADRS) were explored using correlation and path analysis for individuals with treatment-resistant depression receiving 25 mg psilocybin with monitoring and support (N = 79). RESULTS: Change from Baseline to Week 3 MADRS scores showed weaker correlations with pre-dosing therapeutic alliance (-0.178) than with measures of the psychedelic experience: EBI (-0.637), Oceanic Boundlessness (-0.508), and Visual Restructuralization (-0.516). Path analysis showed no nominally significant direct effects of therapeutic alliance on Week 3 MADRS scores, but there were nominally significant effects of therapeutic alliance on psychedelic experience (Oceanic Boundlessness (β = 0.28), Visual Restructuralization (β = 0.27), and Auditory Alterations (β = 0.25)). Only one indirect effect of therapeutic alliance on clinical outcome reached nominal significance (via Visual Restructuralization; β = -0.15). Stronger effects were seen on clinical outcomes for psychedelic experience (EBI (β = -0.59), Oceanic Boundlessness (β = -0.53), Visual Restructuralization (β = -0.54), and Auditory Alterations (β = -0.24)). CONCLUSIONS: The therapeutic alliance appeared to facilitate the psychedelic experience, and these experiences in turn had stronger nominally significant direct effects on clinical outcomes. The effects of the alliance itself on therapeutic efficacy were either limited or absent. TRIAL REGISTRATION: EudraCT number: 2017-003288-36; Clinicaltrials.gov identifier: NCT03775200.",2026,Aug,J Affect Disord,406,,121662,ClinicalTrials.gov/NCT03775200,10.1016/j.jad.2026.121662,41881122,#28921,Goodwin 2026,"",Possible RCT
Effects of alcohol (BAC 0.5‰) and ecstasy (MDMA 100 mg) on simulated driving performance and traffic safety.,Veldstra JL; Brookhuis KA; de Waard D; Molmans BH; Verstraete AG; Skopp G; Jantos R,"RATIONAL: An increasing number of fatal road-accidents have been reported in which ecstasy was found in the blood of drivers. Although, ecstasy is frequently found to have been used in combination with alcohol, studies on the acute effects of ecstasy co-administered with alcohol on driving performance are relatively rare. OBJECTIVE: The present study was designed to establish the extent of driver impairment as a consequence of ecstasy or combined ecstasy and alcohol use as compared to driving under the influence of 0.3‰, 0.5‰ and 0.8‰ alcohol. Furthermore, subjective performance was also assessed. RESULTS: Alcohol and ecstasy mainly influenced automated driving performance such as lateral and speed control. However, small to no effects of the substances were found on more complex driving behaviour. Overall, variance within the different driving measures was high especially when participants were treated with 3.4-methylenedioxy-methamphetamine (MDMA) and alcohol. Furthermore, equivalence testing showed that combined use may lead to impaired driving for some, but not all, drivers. Participants rated their own performance to be slightly worse than normal in both studies. Since driving was actually seriously deteriorated, this was a falsely positive assessment of their condition. CONCLUSIONS: The dissociation between subjective perceptions and objective performance decrements are important notions for traffic safety since this may affect a driver's judgement of whether or not it is safe to drive. For example, an intoxicated individual might decide to drive because the feelings of alertness caused by MDMA cloud the impairing effects of other drugs such as alcohol, thereby creating a potentially serious risk for traffic safety.",2012,Aug,Psychopharmacology (Berl),222,3,377-90,,10.1007/s00213-011-2537-4,22076245,#28932,Veldstra 2012,"",Possible RCT
Overcoming blinding confounds in psychedelic randomized controlled trials using biomarker driven causal mediation analysis.,Muthukumaraswamy SD,"INTRODUCTION: There is great interest in the use of psychedelic-assisted therapies to treat a range of mental health conditions and initial randomized controlled trials (RCTs) have generated positive results. However, the effect sizes reported in psychedelic RCTs are likely inflated due to expectancy effects due to the de-blinding of both participants and study personnel to treatment allocation caused by the distinctive psychoactive effects of psychedelic drugs. AREAS COVERED: An introduction to causal inference for RCTs, the underlying assumptions, and potential confounders along with graphical illustrations is provided. It is proposed that causal mediation analysis using objectively measured mediating biomarkers could be used to identify causal pathways between treatment and outcome in psychedelic RCTs, even with de-blinding of participants and give greater confidence as to the mechanistic basis and efficacy of psychedelic therapies. EXPERT OPINION: It is argued that psychedelic therapies should not be approved as licensed medicines until causal pathways are clearly established between treatment and outcome. Potential downsides of doing so include, future indication expansion based on low quality clinical trial evidence, the approval of other therapies based on similarly low-quality evidence, and the potential for efficacy to change over time after approvals has been granted.",2023,Jul-Dec,Expert Rev Clin Pharmacol,16,12,1163-1173,,10.1080/17512433.2023.2279736,37947758,#28938,Muthukumaraswamy 2023,"",Possible RCT
An open-label pilot trial assessing tolerability and feasibility of LSD microdosing in patients with major depressive disorder (LSDDEP1).,Donegan CJ; Daldegan-Bueno D; Sumner R; Menkes D; Evans W; Hoeh N; Sundram F; Reynolds L; Ponton R; Cavadino A; Smith T; Roop P; Allen N; Abeysinghe B; Svirskis D; Forsyth A; Bansal M; Muthukumaraswamy S,"BACKGROUND: Globally, an estimated 260 million people suffer from depression [1], and there is a clear need for the development of new, alternative antidepressant therapies. In light of problems with the tolerability and efficacy of available treatments [2], a global trend is emerging for patients to self-treat depression with microdoses of psychedelic drugs such as lysergic acid diethylamide (LSD) and psilocybin [3]. Beyond anecdotal reports from those who self-medicate in this way, few clinical trials have evaluated this practice. In our recently published phase 1 study in healthy volunteers [4], we determined that LSD microdosing was relatively safe and well tolerated in that cohort. Furthermore, the data demonstrated that conducting such microdosing trials is broadly feasible, with excellent adherence and compliance to the regimen observed. In this open-label pilot trial of patients with major depressive disorder (LSDDEP1), we will test the tolerability and feasibility of an 8-week regimen of LSD microdosing in this patient group prior to a larger subsequent randomised controlled trial (LSDDEP2). METHODS: Twenty patients meeting the DSM-5 criteria for major depressive disorder will receive an 8-week LSD microdosing treatment regimen. The treatment protocol will use a sublingual formulation of LSD (MB-22001) delivered twice per week under a titration schedule using a dose of 5-15 µg. Tolerability will be assessed by quantifying the percentage of participants who withdraw from the trial due to adverse events attributable to the treatment regimen, while feasibility will be assessed by quantifying the percentage of attended clinic visits once enrolled. To determine whether there is any antidepressant response to the LSD microdosing regimen, MADRS scores will be assessed at baseline and 2, 4, 6, and 8 weeks after the commencement of the regimen. DISCUSSION: The results of LSDDEP1 will provide valuable information regarding the tolerability and feasibility of a proposed LSD microdosing regimen in patients with MDD. Such information is critically important to optimise trial design prior to commencing a subsequent and more resource-intensive randomised controlled trial. TRIAL REGISTRATION: ANZCTR, ACTRN12623000486628. Registered on 12 May 2023.",2023,Oct,Pilot Feasibility Stud,9,1,169,,10.1186/s40814-023-01399-8,37798662,#29005,Donegan 2023,"",Possible RCT
"On-site testing of 3,4-methylenedioxymethamphetamine (ecstasy) in saliva with Drugwipe and Drugread: a controlled study in recreational users.",Pichini S; Navarro M; Farré M; Ortuño J; Roset PN; Pacifici R; Zuccaro P; Segura J; de la Torre R,,2002,Jan,Clin Chem,48,1,174-6,,,11751553,#29089,Pichini 2002,"",""
Psychotropic effect of mescaline-like drugs.,Vojtĕchovský M; Krus D,,1967,Nov,Act Nerv Super (Praha),9,4,381-3,,,4889069,#29097,Vojtĕchovský 1967,"",""
"Comparison of the metabolism of 3,4-dimethoxyphenylethylamine and mescaline in humans.",Friedhoff AJ; Hollister LE,,1966,Mar,Biochem Pharmacol,15,3,269-73,,10.1016/0006-2952(66)90298-x,5911541,#29101,Friedhoff 1966,"",""
Urinary catecholamine excretion after mescaline in man.,Hollister LE; Moore FF,,1968,Sep,Biochem Pharmacol,17,9,2015-7,,10.1016/0006-2952(68)90123-8,4880030,#29106,Hollister 1968,"",""
The effect of acute tryptophan depletion on mood and impulsivity in polydrug ecstasy users.,Young SN; Regoli M; Leyton M; Pihl RO; Benkelfat C,"RATIONALE: Several studies suggest users of 3,4-methylenedioxymethamphetamine (ecstasy) have low levels of serotonin. Low serotonin may make them susceptible to lowered mood. OBJECTIVE: This work aims to study the acute effects on mood and impulsivity of lowering serotonin levels with acute tryptophan depletion in polydrug ecstasy users and to determine whether effects were different in men and women. METHODS: In a double-blind cross-over study, participants who had used ecstasy at least 25 times (n = 13) and nonuser controls (n = 17) received a tryptophan-deficient amino acid mixture and a control amino acid mixture containing tryptophan, at least 1 week apart. Mood was measured using the profile of mood states, and impulsivity was measured with the Go/No-Go task. RESULTS: The main result shows that a lowering of mood after acute tryptophan depletion occurred only in female polydrug ecstasy users (n = 7), relative to controls (n = 9). Results from the Go/No-Go task suggested that impulsivity was not increased by acute tryptophan depletion in polydrug ecstasy users. LIMITATION: The group sizes were small, when males and females were considered separately. CONCLUSIONS: Women polydrug ecstasy users appear to be more susceptible than men to the effects of lowered serotonin levels. If use of ecstasy alone or in conjunction with other drugs causes progressive damage of serotonin neurons, women polydrug ecstasy users may become susceptible to clinical depression.",2014,Feb,Psychopharmacology (Berl),231,4,707-16,,10.1007/s00213-013-3287-2,24142202,#29107,Young 2014,"",Possible RCT
Hallucinogens as hard science: the adrenochrome hypothesis for the biogenesis of schizophrenia.,Mills JA,"Working in a psychiatrically innovative environment created by the Government of Saskatchewan, Canada, Abram Hoffer and Humphry F. Osmond enunciated the adrenochrome hypothesis for the biogenesis of schizophrenia in 1952, slightly later proposing and, apparently, demonstrating, in a double-blind study, that the symptoms of the illness could be reversed by administering large doses of niacin. After placing the hypothesis within its ideological framework, the author describes its emergence and elaboration and discusses the empirical evidence brought against it. Hoffer's idiosyncratic diagnostic procedures, especially his creation and use of a supposed biochemical marker for schizophrenia, are examined. The author argues that Hoffer's conceptualization of schizophrenia, as well as his treatment approach, depended on a tautology. Following David Healy, the author treats the adrenochrome hypothesis as a version of a transmethylation theory, thus incorporating it into mainstream psychopharmacology.",2010,May,Hist Psychol,13,2,178-95,,10.1037/a0019394,20533770,#29115,Mills 2010,"",Possible RCT
"Lack of psychotomimetic effect of para-methoxyphenylethylamine and 3,4-dimethoxyphenethylamine in man.",Brown WT; McGeer PL; Moser I,,1968,Feb,Can Psychiatr Assoc J,13,1,91-2,,10.1177/070674376801300117,5644428,#29116,Brown 1968,"",""
"The effects of psilocybin, dextro-amphetamine and placebo on performance of the trail making test.",Duke RB; Keeler MH,,1968,Jul,J Clin Psychol,24,3,316-7,,10.1002/1097-4679(196807)24:3<316::aid-jclp2270240310>3.0.co;2-g,5661749,#29117,Duke 1968,"",""
EXPLORATORY STUDY OF DRUGS AND SOCIAL INTERACTION.,CHEEK FE,,1963,Dec,Arch Gen Psychiatry,9,,566-74,,10.1001/archpsyc.1963.01720180038006,14056838,#29131,CHEEK 1963,"",""
"TIME-SERIES, FREQUENCY ANALYSIS, AND ELECTROGENESIS OF THE EEGS OF NORMALS AND PSYCHOTICS BEFORE AND AFTER DRUGS.",PFEIFFER CC; GOLDSTEIN L; MURPHREE HB; SUGERMAN AA,,1965,Jun,Am J Psychiatry,121,,1147-55,,10.1176/ajp.121.12.1147,14286047,#29134,PFEIFFER 1965,"",""
Quantitative electroencephalographic analysis of naturally occurring (schizophrenic) and drug-induced psychotic states in human males.,GOLDSTEIN L; MURPHREE HB; SUGERMAN AA; PFEIFFER CC; JENNEY EH,,1963,Jan-Feb,Clin Pharmacol Ther,4,,10-21,,10.1002/cpt19634110,14010325,#29135,GOLDSTEIN 1963,"",""
CLINICAL AND EXPERIMENTAL STUDY OF CENTRAL EFFECTS OF ADRENOCHROME.,GROF S; VOJTECHOVSKY M; VITEK V; PRANKOVA S,,1963,Oct,J Neuropsychiatr,4,,33-50,,,14089791,#29136,GROF 1963,"",""
THE EFFECTS OF A DRUG-INDUCED ALTERATION IN STATE OF CONSCIOUSNESS ON RETENTION OF DRIVE-RELATED VERBAL MATERIAL.,PAUL IH,,1964,Apr,J Nerv Ment Dis,138,,367-74,,10.1097/00005053-196404000-00007,14141893,#29138,PAUL 1964,"",""
Interpretation of visual space under drug-induced ergotropic and trophotropic arousal.,Hill RM; Fischer R,,1971,Nov,Agents Actions,2,3,122-30,,10.1007/BF01966750,5164100,#29144,Hill 1971,"",""
Effects of psychotropic drugs on normal man.,Heimann H,,1969,,Confin Psychiatr,12,2,205-21,,,4906833,#29145,Heimann 1969,"",""
Gas chromatographic-mass spectrometric identification of urinary bufotenin and dimethyltryptamine in drug-free chronic schizophrenic patients.,Narasimhachari N; Baumann P; Pak HS; Carpenter WT; Zocchi AF; Hokanson L; Fujimori M; Himwich HE,,1974,Jun,Biol Psychiatry,8,3,293-305,,,4527813,#29159,Narasimhachari 1974,"",""
Platelet binding characteristics distinguish placebo responders from nonresponders in depression.,Sheline YI; Black KJ; Bardgett ME; Csernansky JG,"To determine whether there are characteristics distinguishing placebo responders from nonresponders, we studied 37 outpatients meeting DSM-III-R criteria for depression who were enrolled in controlled drug trials and 14 control subjects. Clinical data and blood samples were collected on admission and after a 7- to 10-day placebo washout. All patients experiencing a 40% drop in the Hamilton Rating Scale for Depression (HRSD) at the time of the second evaluation were considered placebo responders. There were no statistically significant differences between the two groups in clinical variables. Platelet markers distinguished the groups: Most notably, placebo nonresponders had the lowest 5-HT uptake site density values, placebo responders had intermediate values, and normal controls had the highest values. Placebo responders and placebo nonresponders had higher 5-HT uptake affinity values. No significant differences were observed among the groups in platelet 5-HT2 receptor site density or affinity values. These results suggest that platelet serotonin characteristics, but not common clinical characteristics, may distinguish depressed patients who do and do not respond to placebo.",1995,Jul,Neuropsychopharmacology,12,4,315-22,,10.1016/0893-133X(94)00097-J,7576008,#29169,Sheline 1995,"",Possible RCT
Effects of selective serotonin reuptake inhibitors on platelet serotonin parameters in major depressive disorder.,Bakish D; Cavazzoni P; Chudzik J; Ravindran A; Hrdina PD,"The effects of treatment with serotonin (5-HT) reuptake inhibitors on platelet 5-HT2 receptors, 5-HT reuptake sites an 5-HT uptake were studied in a double-blind trial comparing two selective serotonin reuptake inhibitors (SSRI), paroxetine, and fluoxetine, for the treatment of major depression. Hamilton Depression Rating Scale (HAM-D) scores and platelet 5-HT parameters were determined in 21 depressed patients at baseline, after 4 and 8 weeks of treatment, and were compared to 21 healthy controls. Antidepressant treatment did not significantly alter the density of 5-HT reuptake sites, labelled with [3H]paroxetine, or 5-HT2 receptors, labelled with [3H]LSD. However, a strong correlation was observed between the HAM-D suicidality item and 5-HT2 receptor density at baseline. A marked increase in platelet 5-HT2 receptors at baseline was observed in suicidal depressed patients compared to those with no suicidal ideation and healthy controls. Changes in [3H]paroxetine Bmax and in [3H]5-HT uptake significantly correlated with change in HAM-D score at 4 and 8 weeks respectively. These results confirm previous reports of an association between suicidality and platelet 5-HT2 receptor upregulation. Our data also lends support to the use of platelet 5-HT parameters as indicators of antidepressant efficacy, particularly in suicidal depressed patients.",1997,Jan,Biol Psychiatry,41,2,184-90,,10.1016/S0006-3223(96)00040-6,9018388,#29179,Bakish 1997,"",Possible RCT
The schizophrenias as nervous types.,Claridge G,,1972,Jul,Br J Psychiatry,121,560,1-17,,10.1192/bjp.121.1.1,5047166,#29198,Claridge 1972,"",""
Perceptual challenge to measure illness and therapy.,Marrazzi AS; Woodruff S; Kennedy D,,1972,Jan,Am J Psychiatry,128,7,886-90,,10.1176/ajp.128.7.886,5009270,#29199,Marrazzi 1972,"",""
The neurophysiological basis of hypnosis--objective techniques.,Ulett GA; Akpinar S; Itil TM; Fukuda T,,1971,,Folia Psychiatr Neurol Jpn,25,3,203-11,,,5172594,#29200,Ulett 1971,"",""
Effects of parenteral administration of haloperidol and chlorpromazine in man. I. Normal subjects: quantitative EEG and subjective response.,Pfeiffer CC; Goldstein L; Murphree HB,,1968,Mar-Apr,J Clin Pharmacol J New Drugs,8,2,79-88,,10.1002/j.1552-4604.1968.tb00252.x,5240366,#29201,Pfeiffer 1968,"",""
Drug therapy.,Stone WN; Hofling CK; Winslow WW,,1971,,Prog Neurol Psychiatry,26,,529-51,,,4274994,#29207,Stone 1971,"",""
Subjective effects of narcotic antagonists.,Haertzen CA,,1973,,Adv Biochem Psychopharmacol,8,0,383-98,,,4795096,#29208,Haertzen 1973,"",""
Psychotropic drugs.,Fischer R,,1972,Spring,Perspect Biol Med,15,3,474-5,,10.1353/pbm.1972.0061,5023286,#29209,Fischer 1972,"",""
Neuroendocrine and subjective responses to pharmacological challenge with citalopram: a controlled study in male and female ecstasy/MDMA users.,Allott K; Canny BK; Broadbear JH; Stepto NK; Murphy B; Redman J,"Despite evidence that +/-3,4-methylenedioxymethamphetamine (MDMA; 'ecstasy') causes persistent alterations to the serotonergic system of animals, evidence for long-term neurological effects of ecstasy/MDMA in humans remains equivocal. The current study assessed serotonin functioning of nine male and 11 female recreational ecstasy polydrug users by measuring neuroendocrine (prolactin, cortisol) responses to pharmacological challenge with the selective serotonin reuptake inhibitor citalopram, compared with nine male and five female cannabis polydrug users and 11 male and 11 female non-drug using controls. A single-blind, randomised, placebo-controlled design was used. Subjective responses, other substance use, mood, personality traits and demographic variables were measured to control for potentially confounding variables. There were no significant differences between ecstasy polydrug users, cannabis polydrug users and non-drug using controls in neuroendocrine or subjective responses to serotonergic challenge, and there were no sex by drug group interactions. There was no relationship between extent of ecstasy use and neuroendocrine functioning, alone or in combination with potential confounding variables. Subjective responses to the pharmacological challenge (nausea, tremor, dry mouth), novelty seeking and lifetime dose of alcohol were the only variables that contributed to one or more of the neuroendocrine outcome variables. These data do not support the premise that recreational ecstasy/MDMA use results in measurable impairment of serotonergic control of endocrine activity.",2009,Sep,J Psychopharmacol,23,7,759-74,,10.1177/0269881108092336,18562414,#29212,Allott 2009,"",Possible RCT
A paradigm for the study of altered states of consciousness.,Silverman J,,1968,Oct,Br J Psychiatry,114,515,1201-18,,10.1192/bjp.114.515.1201,5721937,#29214,Silverman 1968,"",""
Marihuana and social behavior; a controlled study.,Galanter M; Stillman R; Wyatt RJ; Vaughan TB; Weingartner H; Nurnberg FL,,1974,Apr,Arch Gen Psychiatry,30,4,518-21,,10.1001/archpsyc.1974.01760100082013,4815558,#29217,Galanter 1974,"",""
Factors contributing to unexpected reactions in two human drug-placebo experiments.,Reed CF; Witt PN,,1965,,Confin Psychiatr,8,2,57-68,,,5318256,#29241,Reed 1965,"",""
Personality Traits in Former Spanish Substance Users Recovered with Ayahuasca.,Apud Peláez IE,"Ayahuasca is a psychoactive brew that contains N,N-dimethyltryptamine and monoamine oxidase-inhibiting alkaloids. It is originally from the Amazon rainforest, but since the 1990s it has expanded worldwide. The compound is used in different religious, spiritual, and therapeutic settings. One of its common applications is for the treatment of addiction. The current study is an assessment of the impact of ayahuasca on personality traits in former substance users from Catalonia and surrounding areas. When compared with a control group, the ayahuasca group had statistically significantly higher scores in the dimensions Novelty Seeking and Self-Transcendence, and in the traits Attachment, Impulsivity, Compassion, and Spiritual Acceptance. Results suggest that recovery could be related less to a reduction of Impulsivity and Novelty Seeking, main features of substance use disorder (SUD), and more to an increase of Character dimensions and traits, especially Self-Transcendence and Cooperativeness. Those changes could be triggered by self-reflective, prosocial, and transcendental ayahuasca ritual experiences, which in the qualitative part of the research were described by the participants as being of great importance for their recovery, helping with the reconstruction of personal goals, gratifications, social bonds, and the general life's projection.",2020,Jul-Aug,J Psychoactive Drugs,52,3,264-272,,10.1080/02791072.2020.1752960,32362241,#29244,ApudPeláez 2020,"",Possible RCT
The promotion of drug abuse--PO.,Allen VC,,1974,Mar,S Afr Med J,48,10,407-10,,,4817051,#29252,Allen 1974,"",""
Low doses of Dipropyltryptamine in psychotherapy.,Soskin RA; Grof S; Richards WA,,1973,Jun,Arch Gen Psychiatry,28,6,817-21,,10.1001/archpsyc.1973.01750360047006,4575167,#29253,Soskin 1973,"",""
Effects of drugs on handwriting.,Purtell DJ,,1965,Jul,J Forensic Sci,10,3,335-46,,,5889311,#29259,Purtell 1965,"",""
"Effects of dose, sex, and long-term abstention from use on toxic effects of MDMA (ecstasy) on brain serotonin neurons.",Reneman L; Booij J; de Bruin K; Reitsma JB; de Wolff FA; Gunning WB; den Heeten GJ; van den Brink W,"BACKGROUND: 3,4-methylenedioxymethamphetamine (MDMA or ecstasy) is a popular recreational drug that has been shown to damage brain serotonin neurons in high doses. However, effects of moderate MDMA use on serotonin neurons have not been studied, and sex differences and the long-term effects of MDMA use on serotonin neurons have not been identified. We investigated the effects of moderate and heavy MDMA use, sex differences, and long-term effects of MDMA use on serotonin neurons in different brain regions. METHODS: By means of flyers posted in ""rave"" venues in Amsterdam, the Netherlands, we recruited 15 moderate MDMA users, 23 heavy MDMA users, 16 ex-MDMA users who had stopped using MDMA for more than 1 year, and 15 controls who claimed never to have used MDMA. We studied the effects of MDMA on brain serotonin neurons using 123iodine-2beta-carbomethoxy-3beta-(4-iodophenyl) tropane ([123I]beta-CIT)-a radioligand that binds with high affinity to serotonin transporters. Density of binding (expressed as a ratio of region-of-interest binding over binding in the cerebellum) was calculated by single-photon-emission computed tomography (SPECT). FINDINGS: We saw significant effects of group and group by sex (p=0.041 and p=0.022, respectively) on overall [123I]beta-CIT binding ratios. In heavy MDMA users, significant decreases in overall binding ratios were seen in women (p<0.01) but not men (p=0.587). In female ex-MDMA users, overall densities of serotonin transporters were significantly higher than in heavy MDMA users (p=0.004), but not higher than in controls (p=0.524). INTERPRETATION: Our results indicate that heavy use of MDMA is associated with neurotoxic effects on serotonin neurons, that women might be more susceptible than men, and that MDMA-induced neurotoxic changes in several brain regions of female ex-MDMA users are reversible.",2001,Dec,Lancet,358,9296,1864-9,,10.1016/S0140-6736(01)06888-X,11741626,#29328,Reneman 2001,"",Possible RCT
Substance usage intention does not affect attentional bias: implications from Ecstasy/MDMA users and alcohol drinkers.,Wilcockson TDW; Pothos EM; Parrott AC,"BACKGROUND: An attentional bias towards substance-related stimuli has been demonstrated with alcohol drinkers and many other types of substance user. There is evidence to suggest that the strength of an attentional bias may vary as a result of context (or use intention), especially within Ecstasy/MDMA users. OBJECTIVE: Our aim was to empirically investigate attentional biases by observing the affect that use intention plays in recreational MDMA users and compare the findings with that of alcohol users. METHOD: Regular alcohol drinkers were compared with MDMA users. Performance was assessed for each group separately using two versions of an eye-tracking attentional bias task with pairs of matched neutral, and alcohol or MDMA-related visual stimuli. Dwell time was recorded for alcohol or MDMA. Participants were tested twice, when intending and not intending to use MDMA or alcohol. Note, participants in the alcohol group did not complete any tasks which involved MDMA-related stimuli and vice versa. RESULTS: Significant attentional biases were found with both MDMA and alcohol users for respective substance-related stimuli, but not control stimuli. Critically, use intention did not affect attentional biases. Attentional biases were demonstrated with both MDMA users and alcohol drinkers when usage was and was not intended. CONCLUSIONS: These findings demonstrate the robust nature of attentional biases i.e. once an attentional bias has developed, it is not readily affected by intention.",2019,Jan,Addict Behav,88,,175-181,,10.1016/j.addbeh.2018.09.001,30205257,#29365,WilcocksonTDW 2019,"",Possible RCT
The acute and sub-acute effects of 'ecstasy' (MDMA) on processing of facial expressions: preliminary findings.,Hoshi R; Bisla J; Curran HV,"RATIONALE: There is evidence that serotonergic processes may modulate the processing of fearful facial expressions. It is therefore possible that the recreational drug 'ecstasy' (MDMA), which has marked serotonergic effects, may affect people's ability to recognise human facial expressions portraying fear. OBJECTIVE: The present study therefore aimed to determine whether ecstasy users differed from controls in fear recognition at two time points: shortly after taking the drug and a few days later. METHODS: Sixteen ecstasy users and 21 controls were compared on a facial expression recognition task involving the 6 basic emotions (happiness, surprise, sadness, anger, fear and disgust) and on self-ratings of mood on the night of drug use (day 0) and 4 days later (day 4). RESULTS: In recognising fearful facial expressions, ecstasy users were more accurate than controls on day 0 but less accurate than them on day 4 when compared with their overall ability to recognise other basic emotions. Accuracy of fear recognition on day 4 was negatively correlated with both years of ecstasy use and number of ecstasy tablets taken on a typical session. On self-rated aggression scales, ecstasy users scored lower than controls on day 0 and higher on day 4. CONCLUSIONS: These results support the notion that 5-HT plays a role in modulating the recognition of fearful facial expressions. Increased accuracy of fear recognition may relate to 5-HT release following ecstasy use on day 0, and decreased accuracy may reflect subsequent depletion of 5-HT mid-week.",2004,Dec,Drug Alcohol Depend,76,3,297-304,,10.1016/j.drugalcdep.2004.06.006,15561480,#29377,Hoshi 2004,"",Possible RCT
Personality change in a trial of psilocybin therapy v. escitalopram treatment for depression.,Weiss B; Ginige I; Shannon L; Giribaldi B; Murphy-Beiner A; Murphy R; Baker-Jones M; Martell J; Nutt DJ; Carhart-Harris RL; Erritzoe D,"BACKGROUND: Psilocybin Therapy (PT) is being increasingly studied as a psychiatric intervention. Personality relates to mental health and can be used to probe the nature of PT's therapeutic action. METHODS: In a phase 2, double-blind, randomized, active comparator controlled trial involving patients with moderate-to-severe major depressive disorder, we compared psilocybin with escitalopram, over a core 6-week trial period. Five-Factor model personality domains, Big Five Aspect Scale Openness aspects, Absorption, and Impulsivity were measured at Baseline, Week 6, and Month 6 follow-up. RESULTS: PT was associated with decreases in neuroticism (B = -0.63), introversion (B = -0.38), disagreeableness (B = -0.47), impulsivity (B = -0.40), and increases in absorption (B = 0.32), conscientiousness (B = 0.30), and openness (B = 0.23) at week 6, with neuroticism (B = -0.47) and disagreeableness (B = -0.41) remaining decreased at month 6. Escitalopram Treatment (ET) was associated with decreases in neuroticism (B = -0.38), disagreeableness (B = -0.26), impulsivity (B = -0.35), and increases in openness (B = 0.28) at week 6, with neuroticism (B = -0.46) remaining decreased at month 6. No significant between-condition differences were observed. CONCLUSIONS: Personality changes across both conditions were in a direction consistent with improved mental health. With the possible exception of trait absorption, there were no compelling between-condition differences warranting conclusions regarding a selective action of PT (v. ET) on personality; however, post-ET changes in personality were significantly moderated by pre-trial positive expectancy for escitalopram, whereas expectancy did not moderate response to PT.",2024,Jan,Psychol Med,54,1,178-192,,10.1017/S0033291723001514,37264814,#29393,Weiss 2024,"",Possible RCT
"Cortical serotonin transporter density and verbal memory in individuals who stopped using 3,4-methylenedioxymethamphetamine (MDMA or ""ecstasy""): preliminary findings.",Reneman L; Lavalaye J; Schmand B; de Wolff FA; van den Brink W; den Heeten GJ; Booij J,"BACKGROUND: Although the popular drug 3,4-methylenedioxymethamphetamine (MDMA or ""ecstasy"") has been shown to damage brain serotonin (5-HT) neurons in animals, the fate and functional consequences of 5-HT neurons after MDMA injury are not known in humans. We investigated the long-term effects of MDMA use on cortical 5-HT neurons in humans and memory function, because brain 5-HT has been implicated in memory function. METHODS: Twenty-two recent MDMA users, 16 ex-MDMA users who had stopped using MDMA for more than 1 year, and 13 control subjects. The effects of MDMA use on cortical 5-HT neurons was studied by means of single-photon emission computed tomography with iodine 123-labeled 2beta-carbomethoxy-3beta-(4-iodophenyl) tropane ([(123)I]beta-CIT) by quantification of brain 5-HT transporter densities. Verbal memory performance was assessed with the Rey Auditory Verbal Learning Test. RESULTS: Mean cortical [(123)I]beta-CIT-labeled 5-HT transporter density was significantly lower in recent MDMA users than in controls (1.17 vs. 1.28 [-9%]) but not in ex-MDMA users (1.24 vs. 1.28 [-3%]). Recent and ex-MDMA users recalled significantly fewer words than did controls on the immediate recall (47.0 and 48.0 vs 60.0, respectively; P =.001) as well as the delayed recall (9.8 and 10.1 vs. 13.1, respectively; P =.003). Greater use of MDMA was associated with greater impairment in immediate verbal memory. However, memory performance was not associated with [(123)I]beta-CIT binding to cortical 5-HT transporters or duration of abstinence from MDMA. CONCLUSION: The present study suggests that, while the neurotoxic effects of MDMA on 5-HT neurons in the human cortex may be reversible, the effects of MDMA on memory function may be long-lasting.",2001,Oct,Arch Gen Psychiatry,58,10,901-6,,10.1001/archpsyc.58.10.901,11576026,#29397,Reneman 2001,"",Possible RCT
Investigating the role of serotonin in visual orientation processing using an 'ecstasy' (MDMA)-based research model.,Dickson C; Bruno R; Brown J,"AIMS/OBJECTIVES: A growing body of evidence suggests that regular 'ecstasy' (3,4-methylenedioxymethamphetamine) use causes lasting changes to central serotonergic functioning in humans, including in the occipital lobe. Serotonin may play a role in visual orientation processing, mediated in the occipital lobe, via lateral inhibition. The tilt aftereffect is an illusion apparent following adaptation to stimuli angled 5-50 degrees from vertical and thought to be affected by lateral inhibition between occipital neurons. A recent study identified an enhanced tilt aftereffect among ecstasy users, but only in a subset that were recently abstinent from amphetamines. The current study examined the effects of ecstasy use, cannabis use and their interacting effect on the magnitude of the tilt aftereffect among participants with no recent history of amphetamine consumption. MATERIALS AND METHODS: Eleven ecstasy users, 15 cannabis users, 15 ecstasy plus cannabis users and 15 drug-naïve controls were compared on the magnitude of the tilt aftereffect elicited following adaptation to stimuli angled 15, 30, 40 or 60 degrees from vertical. RESULTS: At a 40 degrees adaptation condition, ecstasy users had a greater magnitude of the tilt aftereffect compared to those that had not taken the drug. Additionally, the extent of ecstasy use was positively associated with the magnitude of the tilt aftereffect generated following 15, 30 and 40 degrees adaptation conditions, but not at 60 degrees. CONCLUSIONS: Given that lateral inhibition mediates the tilt aftereffect following adaptation to 5-50 degrees , the findings of a relationship between ecstasy use and tilt magnitude at the 15-40 degrees but not 60 degrees adaptation conditions support a role for serotonin in visual orientation processing via lateral inhibition.",2009,,Neuropsychobiology,60,3-4,204-12,,10.1159/000253556,19893337,#29412,Dickson 2009,"",Possible RCT
The therapeutic alliance between study participants and intervention facilitators is associated with acute effects and clinical outcomes in a psilocybin-assisted therapy trial for major depressive disorder.,Levin AW; Lancelotta R; Sepeda ND; Gukasyan N; Nayak S; Wagener TL; Barrett FS; Griffiths RR; Davis AK,"We examined if the therapeutic alliance between study participants and intervention facilitators in a psilocybin-assisted therapy (PAT) trial changed over time and whether there were relationships between alliance, acute psilocybin experiences, and depression outcomes. In a randomized, waiting list-controlled clinical trial for major depressive disorder in adults (N = 24), participants were randomized to an immediate (N = 13) or delayed (N = 11) condition with two oral doses of psilocybin (20mg/70kg and 30mg/70kg). Ratings of therapeutic alliance significantly increased from the final preparation session to one-week post-intervention (p = .03, d = .43). A stronger total alliance at the final preparation session predicted depression scores at 4 weeks (r = -.65, p = .002), 6 months (r = -.47, p = .036), and 12 months (r = -.54, p = .014) post-intervention. A stronger total alliance in the final preparation session was correlated with higher peak ratings of mystical experiences (r = .49, p = .027) and psychological insight (r = .52, p = .040), and peak ratings of mystical experience and psychological insight were correlated with depression scores at 4 weeks (r = -.45, p = .030 for mystical; r = -.75, p < .001 for insight). Stronger total alliance one week after the final psilocybin session predicted depression scores at 4 weeks (r = -.85, p < .001), 3 months (r = -.52, p = .010), 6 months (r = -.77, p < .001), and 12 months (r = -.61, p = .001) post-intervention. These findings highlight the importance of the therapeutic relationship in PAT. Future research should explore therapist and participant characteristics which maximize the therapeutic alliance and evaluate its relationship to treatment outcomes. Trial registration: Registration: Clinicaltrials.gov NCT03181529. https://classic.clinicaltrials.gov/ct2/show/NCT03181529.",2024,,PLoS One,19,3,e0300501,ClinicalTrials.gov/NCT03181529,10.1371/journal.pone.0300501,38483940,#29427,Levin 2024,"",Possible RCT
Avoiding counterproductive results: an experimental pretest of a harm reduction intervention on attitude toward party drugs among users and nonusers.,Whittingham JR; Ruiter RA; Bolier L; Lemmers L; Van Hasselt N; Kok G,"In two experimental studies, the authors tested written health education materials on the personal acceptance of party drug use. Following a harm reduction strategy, the materials provided information on minimizing potential hazards associated with drug use. Among users and nonusers, potential aversive effects of these materials were examined on measures of attitude, intention, and outcome expectancy toward party drug use. Participants were recruited in the city center of Maastricht, The Netherlands, in nightlife settings that were popular among young people. In the first experiment, a leaflet on ecstasy use was evaluated among ecstasy users and nonusers. Results showed neither health promoting effects, nor counterproductive results on the outcome measures. In the second experiment, the effects of two different formats (leaflet vs. infocard) about two different kinds of party drugs (ecstasy vs. GHB) were compared within a nonusing population. Again, results showed no positive changes on the outcome measures toward ecstasy use as a result of exposure to the ecstasy materials. However, exposure to the GHB materials resulted into a more negative attitude toward GHB use (leaflet and infocard) and lower estimates of the likelihood of positive outcomes of use (infocard). The study's limitations and implications are discussed, including the need for experimental pretesting.",2009,,Subst Use Misuse,44,4,532-47,,10.1080/10826080802347685,19242864,#29439,Whittingham 2009,"",Possible RCT
Serotonergic function in major depression and effect of sertraline and paroxetine treatment.,Stain-Malmgren R; Khoury AE; Aberg-Wistedt A; Tham A,"We investigated platelet [14C]serotonin (5-HT) uptake and lysergic acid diethylamide [N-methyl-3H] ([3H]LSD)- and phenyl-6'-paroxetine ([3H]paroxetine) binding in 30 patients with major depression at baseline and after 6 months of treatment with either paroxetine or sertraline. The study was of a double-blind design. Baseline data was compared with an age- and gender-matched group of healthy volunteers. Baseline Vmax was significantly lower in patients than in controls. Bmax for [3H]paroxetine binding were similar in patients and controls, but patients who suffered their first depression had significantly lower Bmax for [3H]paroxetine binding than patients who had suffered multiple depressions. Twenty-three patients (76%) (13 in the paroxetine group and 10 in the sertraline group) responded to treatment as judged by a 50% or more reduction in Montgomery-Asberg Depression Rating Scale (MADRS) scores after 6 months of treatment. There were no significant differences between the paroxetine and sertraline treated groups. Both paroxetine and sertraline caused a significant reduction in Vmax and a significant increase in Km. There was a strong correlation between Km and plasma drug concentration in patients who experienced their first depression but not in patients who had suffered multiple episodes. Bmax for [3H]paroxetine binding increased after paroxetine treatment while the opposite occurred after sertraline treatment. There was a significant interaction between the impact of drug and earlier depressions. All patients included in the study had been drug free for at least 2 months. Earlier antidepressant treatment may have long withstanding effects on the serotonin uptake machinery but it cannot be excluded that the sensitivity of the uptake mechanism may become more resistant to change in patients with recurrent depressive episodes.",2001,Mar,Int Clin Psychopharmacol,16,2,93-101,,10.1097/00004850-200103000-00004,11236074,#29440,Stain-Malmgren 2001,"",Possible RCT
Effect of peyote on human chromosomes. Cytogenetic study of the Huichol Indians of Northern Mexico.,Dorrance DL; Janiger O; Teplitz RL,"Fify-seven Huichol Indians with a lifelong individual history and a 1,600-year cultural tradition of ingestion of peyote, a mescaline-containing cactus possessing hallucinogenic properties, were compared with 50 Huichol Indian controls and ten laboratory controls for effects on lymphocyte chromosomes. The frequency of abnormalities in the experimental and control groups did not differ significantly. Our results indicate that multigenerational ingestion of peyote is not associated with abnormalities in lymphocyte chromosomes.",1975,Oct,JAMA,234,3,299-302,,,1174242,#29443,Dorrance 1975,"",Possible RCT
"Durability of improvement in post-traumatic stress disorder symptoms and absence of harmful effects or drug dependency after 3,4-methylenedioxymethamphetamine-assisted psychotherapy: a prospective long-term follow-up study.",Mithoefer MC; Wagner MT; Mithoefer AT; Jerome L; Martin SF; Yazar-Klosinski B; Michel Y; Brewerton TD; Doblin R,"We report follow-up data evaluating the long-term outcomes for the first completed trial of 3,4-methylenedioxymethamphetamine (MDMA)-assisted psychotherapy for chronic, treatment-resistant post-traumatic stress disorder (PTSD) (Mithoefer et al., 2011). All of the 19 subjects who received MDMA-assisted treatment in the original trial participated in the long-term follow-up (LTFU), with 16 out of 19 completing all of the long-term outcome measures, which were administered from 17 to 74 months after the original study's final MDMA session (mean = 45.4; SD = 17.3). Our primary outcome measure used was the Clinician-Administered PTSD Scale (CAPS). Secondary outcome measures were the Impact of Events Scale-Revised (IES-R) and the Neuroticism Extroversion Oppenness Personality Inventory-Revised (NEO PI-R) Personality Inventory. We also collected a long-term follow-up questionnaire. Results for the 16 CAPS completers showed there were no statistical differences between mean CAPS score at LTFU (mean = 23.7; SD = 22.8) (t (matched) = 0.1; df = 15, p = 0.91) and the mean CAPS score previously obtained at Study Exit (mean = 24.6, SD = 18.6). On average, subjects maintained statistically and clinically-significant gains in symptom relief, although two of these subjects did relapse. It was promising that we found the majority of these subjects with previously severe PTSD who were unresponsive to existing treatments had symptomatic relief provided by MDMA-assisted psychotherapy that persisted over time, with no subjects reporting harm from participation in the study.",2013,Jan,J Psychopharmacol,27,1,28-39,,10.1177/0269881112456611,23172889,#29451,Mithoefer 2013,"",Possible RCT
MDMA as well as amphetamine and alcohol increase feelings of social closeness in healthy adults.,de Wit H; Hahn E; Smadi S; Li T; Molla H,"Psychoactive drugs such as alcohol and stimulants are typically used in social settings such as bars, parties or small groups. Yet, relatively little is known about how social contexts affect responses to drugs, or how the drugs alter social interactions. It is possible that positive social contexts enhance the rewarding properties of drugs, perhaps increasing their potential for repeated use and abuse. In addition, drugs may enhance the rewarding effects of social interactions by increasing feelings of social closeness and connectedness. To examine these relations, we investigated the effects of several drugs (MDMA, methamphetamine, alcohol) on feelings of connection between two strangers engaged in a conversation. We also investigated feelings of connection between two participants who discussed either 'shallow' or deeper topics in two conversations, without any drugs. All four conditions: deeper conversations, MDMA, methamphetamine and alcohol significantly increased feelings of connection and closeness compared with control conditions (small talk or placebo). We postulate that these feelings of connection could contribute to the drugs' rewarding effects when the drugs are used in social contexts.",2024,Dec,Sci Rep,14,1,31312,,10.1038/s41598-024-82632-z,39732947,#29486,deWit 2024,"",Possible RCT
Enlightened hedonism? Independent drug checking amongst a group of ecstasy users.,Taylor S; Ayres T; Jones E,"BACKGROUND: Research indicates that a body of ecstasy users across the globe employ 'home' drug testing technologies to learn more about the content of their drugs - a process referred to throughout this article as independent drug checking (IDC). Whilst a small number of studies offer accounts of this process, they do so through a narrow lens of harm reduction, potentially overlooking wider socio-cultural factors which may affect this. In response, this article draws on Slavoj Žižek's political theory of the cultural injunction to enjoy, situating IDC in the wider political economy of neoliberal consumer capitalism to contextualise and interpret its use as integral to pleasure and leisure. METHODS: This empirical study documents the thoughts and experiences of a group of UK ecstasy users who independently use a privately owned drug-testing kit. Drawing on qualitative data generated through 20 semi-structured interviews, the article considers two research questions; what role did drug checking play in the group's drug journeys and leisure activities?; and is drug checking thought to be purposeful? FINDINGS: For this group of ecstasy users, issues of safety and self-responsibility interweaved with the pursuit of pleasure as they sought to enjoy their drug consumption, but in a way that navigated potential harms. IDC therefore served to maximise pleasure via its 'guarantee' of a prolonged, enjoyable, authentic consumer experience whilst simultaneously safeguarding wellbeing via its premise of more responsible and controlled consumption practices. CONCLUSION: IDC allowed this group of drug consumers to partake in 'enlightened hedonism' - demonstrating their conformity to the imperatives of capitalism and its social norms. Despite recognising the limitations of IDC and disclosing potentially harmful outcomes, the group's engagement with capitalist markets provided a belief that investment in your consumer experience can both improve it and make it safer - premises that belie the empirical reality.",2020,Sep,Int J Drug Policy,83,,102869,,10.1016/j.drugpo.2020.102869,32702610,#29488,Taylor 2020,"",Possible RCT
MDMA-assisted therapy for major depressive disorder: A seven-month follow-up proof of principle trial.,Kvam TM; Goksøyr IW; Rog J; van de Vooren IJ; Stewart LH; Autran I; Berthold-Losleben M; Mørch-Johnsen L; Holst R; Røssberg JI; Clausen I; Andreassen OA,"BACKGROUND: Major depressive disorder (MDD) is a leading cause of global disability, and current treatments often fail to provide sustained effectiveness. MDMA-assisted therapy (MDMA-AT) is a promising treatment for MDD. However, the long-term effects are not known. OBJECTIVES: To examine the long-term effects of MDMA-AT for MDD. METHODS: Twelve participants with MDD and an ongoing moderate to severe depressive episode received MDMA-AT in two MDMA dosing sessions one month apart, integrated with nine psychotherapy sessions. Clinical assessments were done before MDMA-AT (baseline), after the final psychotherapy session (post-treatment), and at follow-up seven months after baseline. The primary and secondary outcome measures were the Montgomery-Asberg Depression Rating Scale (MADRS) and Sheehan Disability Scale (SDS), respectively. Suicidality was tracked with the Columbia-Suicide Severity Rating Scale. Exploratory outcomes included self-reported assessments of functional impairment, depression, generalized anxiety, insomnia, and PTSD symptoms. We used a mixed-effects model and multinomial logistic regression for analysis of repeated measures. RESULTS: All twelve participants attended the follow-up visit. At follow-up, there was a significant reduction of MADRS (p < 0.001) and SDS (p = 0.001) scores compared with baseline, along with significant improvements in all exploratory outcome measures. There were no significant changes in any measures from the post-treatment visit. Neither the mean suicidal ideation (SI) score nor the SI intensity rating exceeded pre-study levels. CONCLUSION: This long-term follow-up study of MDMA-AT provides preliminary evidence supporting sustained treatment effects and long-term safety in MDD. However, further validation in larger, controlled trials is needed. CLINICAL TRIAL IDENTIFICATION: EudraCT number 2021-000805-26.",2026,Feb,J Psychiatr Res,193,,302-308,,10.1016/j.jpsychires.2025.11.030,41344230,#29497,Kvam 2026,"",Possible RCT
Use of illicit amphetamines is associated with long-lasting changes in hand circuitry and control.,Pearson-Dennett V; Faulkner PL; Collie B; Wilcox RA; Vogel AP; Thewlis D; Esterman A; McDonnell MN; Gandevia SC; White JM; Todd G,"OBJECTIVE: The study aim was to determine if use of illicit amphetamines or ecstasy is associated with abnormal excitability of the corticomotoneuronal pathway and manipulation of novel objects with the hand. METHODS: Three groups of adults aged 18-50 years were investigated: individuals with a history of illicit amphetamine use, individuals with a history of ecstasy use but minimal use of other stimulants, and non-drug users. Transcranial magnetic stimulation was delivered to the motor cortex and the electromyographic response (motor evoked potential; MEP) was recorded from a contralateral hand muscle. Participants also gripped and lifted a novel experimental object consisting of two strain gauges and an accelerometer. RESULTS: Resting MEP amplitude was larger in the amphetamine group (6M, 6F) than the non-drug and ecstasy groups (p < 0.005) in males but not females. Overestimation of grip force during manipulation of a novel object was observed in the amphetamine group (p = 0.020) but not the ecstasy group. CONCLUSIONS: History of illicit amphetamine use, in particular methamphetamine, is associated with abnormal motor cortical and/or corticomotoneuronal excitability in males and abnormal manipulation of novel objects in both males and females. SIGNIFICANCE: Abnormal excitability and hand function is evident months to years after cessation of illicit amphetamine use.",2019,May,Clin Neurophysiol,130,5,655-665,,10.1016/j.clinph.2019.02.005,30870801,#29511,Pearson-Dennett 2019,"",Possible RCT
Studies on headache. The mode of action of UML-491 and its relevance to the nature of vascular headache of the migraine type.,DALESSIO DJ; CAMP WA; GOODELL H; WOLFF HG,,1961,Mar,Arch Neurol,4,,235-40,,10.1001/archneur.1961.00450090001001,13719415,#29556,DALESSIO 1961,"",""
"Binding of [(3)H]lysergic acid diethylamide to serotonin 5-HT(2A) receptors and of [(3)H]paroxetine to serotonin uptake sites in platelets from healthy children, adolescents and adults.",Sigurdh J; Spigset O; Allard P; Mjörndal T; Hägglöf B,"Possible age effects on binding of [(3)H]lysergic acid diethylamide ([(3)H]LSD) to serotonin 5-HT(2A) receptors and of [(3)H]paroxetine to serotonin uptake sites were studied in platelets from healthy children (11-12 years of age), adolescents (16-17 years of age) and adults. Significant overall age effects were found both for the number of binding sites (B(max)) for [(3)H]LSD binding (p < 0.001), the affinity constant (K(d)) for [(3)H]LSD binding (p < 0.001), B(max) for [(3)H]paroxetine binding (p < 0.001) and K(d) for [(3)H] paroxetine binding (p = 0.006). In general, there was a decrease in B(max) with increasing age, which predominantly occurred between the ages 11-12 years and 16-17 years for the 5-HT(2A) receptor, and after 16-17 years of age for the serotonin uptake site. These developmental changes might have an impact on the effect of treatment with serotonergic drugs in children and adolescents. When the platelet serotonin variables investigated are employed in studies in children or adolescents, age matching or, alternatively, introduction of age control in the statistical analysis should be performed.",1999,Nov,Neuropsychobiology,40,4,183-7,,10.1159/000026617,10559700,#29598,Sigurdh 1999,"",Possible RCT
Platelet [3H]paroxetine and [3H]lysergic acid diethylamide binding in seasonal affective disorder and the effect of bright light therapy.,Smedh K; Spigset O; Allard P; Mjörndal T; Adolfsson R,"BACKGROUND: Seasonal affective disorder (SAD) has been regarded as a melatonin disorder, but the pathophysiological mechanisms of SAD are to a large extent unclarified. Serotonergic mechanisms have also been studied, but they have shown inconsistent results. METHODS: We have compared [3H]paroxetine and [3H]lysergic acid diethylamide (LSD) binding in platelets from 23 SAD patients and 23 controls. Then SAD patients had 4 weeks of light therapy. On the last treatment day new blood samples were drawn. Symptoms before and after light treatment were measured by SIGH-SAD. RESULTS: Bmax for paroxetine binding before light treatment was higher in SAD patients compared to controls and also higher in responders than in nonresponders. Bmax decreased significantly during light treatment. We also found a negative correlation between the two Bmax values before but not after light treatment. There was a negative correlation between Bmax for paroxetine binding before treatment and clinical status after treatment. Patients with reduced Bmax for LSD binding after treatment had a better clinical treatment response. CONCLUSIONS: The present study indicates that serotonin receptor parameters might be suitable in the prediction of clinical response to light treatment.",1999,Feb,Biol Psychiatry,45,4,464-70,,10.1016/s0006-3223(98)00069-9,10071719,#29609,Smedh 1999,"",Possible RCT
Enhanced platelet serotonin 5-HT2A receptor binding in anorexia nervosa and bulimia nervosa.,Spigset O; Andersen T; Hägg S; Mjöndal T,"Some evidence exists to suggest that serotonin 5-HT2A receptor function is altered in anorexia nervosa and bulimia nervosa. In order to further investigate the 5-HT2A receptor in eating disorders, platelet [3H]lysergic acid diethylamide ([3H]LSD) binding was studied in ten patients with anorexia nervosa, 23 patients with bulimia nervosa and 33 healthy controls. At admission, Bmax for platelet [3H]LSD binding was significantly higher both in the anorexia nervosa group (30.6+/-4.2 fmol/mg protein; mean+/-S.D.) and in the bulimia nervosa group (30.8+/-7.6 fmol/mg protein) than in the control group (23.5+/-6.3 fmol/mg protein; p=0.01 and p=0.003, respectively). Kd was borderline significantly higher among anorexics (median 1.45 nM) and significantly higher among bulimics (median 1.66 nM) than among controls (median 0.95 nM; p=0.05 and 0.003, respectively). The Global Assessment of Functioning score and the body mass index were both significantly negatively correlated to Kd (r=-0.40; p=0.03 and r=-0.41 p=0.03, respectively), but not to Bmax. The present study indicates that patients with anorexia nervosa as well as patients with bulimia nervosa have an enhanced 5-HT2A receptor binding and provides further evidence for a serotonergic dysfunction in eating disorders.",1999,Dec,Eur Neuropsychopharmacol,9,6,469-73,,10.1016/s0924-977x(99)00012-7,10625113,#29632,Spigset 1999,"",Possible RCT
Platelet serotonin 5-HT2A receptor binding in patients with carcinoid tumor.,Spigset O; Kristoffersson A; Mjörndal T,"BACKGROUND: As carcinoid tumors produce and secrete serotonin, various serotonin markers in blood, plasma and urine have been used as diagnostic tools, and quantification of the urinary excretion of the serotonin metabolite 5-hydroxyindoleacetic acid (5-HIAA) is the method most frequently used. METHODS: [3H]lysergic acid diethylamide ([3H]LSD) binding to the platelet serotonin 5-HT2A receptor was investigated in nine patients with carcinoid tumors. The possible effect of serotonin-rich food on the receptor binding was also investigated. RESULTS: B(max) for [3H]LSD binding was significantly lower in the carcinoid group than in the control group (mean +/- SD: 17.6 +/- 1.3 vs. 23.9 +/- 5.2 fmol/mg protein; p = 0.007). Kd for [3H]LSD binding was significantly higher in the carcinoid group than in the control group (median: 1.14 vs. 0.71 nmol/L; p = 0.03). B(max) was inversely related to the urinary 5-HIAA excretion, but the correlation did not reach statistical significance (r(s) = -0.57; p = 0.14). Intake of five bananas per day for one week had no effect on B(max) or Kd in healthy volunteers. CONCLUSIONS: The results are consistent with a down-regulation of the 5-HT2A receptor as a response to the high serotonin levels found in patients with carcinoid tumors. Intake of serotonin-rich food does not affect the receptor characteristics. Further studies are needed to determine whether the platelet 5-HT2A receptor status can be used as a supplement to urinary 5-HIAA and other biochemical variables in carcinoid tumors.",2004,,Scand J Clin Lab Invest,64,1,3-8,,10.1080/00365510310003409,15025423,#29642,Spigset 2004,"",Possible RCT
Healing Words: Effects of Psychoeducation on Likelihood to Seek and Refer Psychedelic-Assisted Psychotherapy Among BIPOC Individuals.,Feng R; Ching THW; Bartlett AC; La Torre JT; Williams MT,"Psychedelic-assisted psychotherapy (PAP) is gaining renewed interest as a treatment for various mental disorders. However, there has been limited Black, Indigenous, and People of Color (BIPOC) representation in PAP clinical trials, signaling the need for culturally consonant communication about the efficacy and safety of PAP. We randomly assigned 321 BIPOC and 301 non-Hispanic White participants to four different modes of psychoeducation (didactic, visual, narrative, hope-based) and tested effects on likelihood of seeking and referring others to PAP using ANCOVAS. The influences of different psychoeducation components on these likelihoods were also tested using hierarchical regression modeling. Regardless of psychoeducation mode, BIPOC participants were more likely to seek PAP than non-Hispanic White participants after psychoeducation. Further, information on physical safety and success rate of PAP uniquely predicted BIPOC participants' likelihood of seeking and referring others to PAP after psychoeducation. Our findings suggest that once provided psychoeducation, BIPOC participants are receptive to seeking or referring others to PAP. BIPOC participants also appear to prioritize physical safety and rate of success of PAP in these decisions. Stigma against PAP is likely not the primary barrier to recruitment of BIPOC individuals into PAP trials. Instead, researchers should conduct more psychoeducational outreach to diversify future trials.",2024,Nov-Dec,J Psychoactive Drugs,56,5,603-615,,10.1080/02791072.2023.2253535,37652035,#29653,Feng 2024,"",Possible RCT
Effects of trifluoromethylphenylpiperazine (TFMPP) on interhemispheric communication.,Lee H; Kydd RR; Lim VK; Kirk IJ; Russell BR,"BACKGROUND: 'Party Pills' containing trifluoromethylphenylpiperazine (TFMPP) and benzylpiperazine are legally available in many countries and marketed as safe alternatives to other illicit substances such as methamphetamine and methylenedioxymethamphetamine (or Ecstasy). They have gained huge popularity around the world, especially amongst young adults. However, there is no information currently available describing the acute neurophysiological effects of these psychoactive drugs in humans. The purpose of this study is to investigate the effects of TFMPP on central information processing speed in humans. METHODS: A randomised, double blind, placebo-controlled study using electroencephalography (EEG) was carried out to investigate the effects of TFMPP on interhemispheric transfer time (IHTT). Healthy, right-handed males (age: 25 ± 5.6 years) were given placebo (n = 15) or TFMPP (0.94 mg/kg, oral, n = 15) and tested both pre- and 2 h post-drug administration. High-density EEG recordings (128 channels which were re-referenced using an average reference to make 129 electrodes) were used to record event-related potentials. The N160 component was defined as the biggest negative peak in the range between 140 and 220 ms after the event. The IHHTs were analysed by deducting the N160 latency obtained in the contralateral hemisphere from the N160 latency obtained in the hemisphere ipsilateral to stimulus signal. RESULTS: Statistical analysis using a split-plot design analysis of variance revealed that TFMPP significantly reduced the IHTT but did not affect reaction time. No statistically significant changes were observed in the placebo group. CONCLUSIONS: This study is the first to report the neurophysiological effects of TFMPP in humans and suggests that TFMPP may affect transmitter systems involved in speeding of interhemispheric communication in the male brain.",2011,Feb,Psychopharmacology (Berl),213,4,707-14,,10.1007/s00213-010-2025-2,20924753,#29673,Lee 2011,"",Possible RCT
Double-Blind Randomized 12-Month Soy Intervention Had No Effects on Breast MRI Fibroglandular Tissue Density or Mammographic Density.,Wu AH; Spicer D; Garcia A; Tseng CC; Hovanessian-Larsen L; Sheth P; Martin SE; Hawes D; Russell C; MacDonald H; Tripathy D; Su MY; Ursin G; Pike MC,"Soy supplementation by patients with breast cancer remains controversial. No controlled intervention studies have investigated the effects of soy supplementation on mammographic density in patients with breast cancer. We conducted a double-blind, randomized, placebo-controlled intervention study in previously treated patients with breast cancer (n = 66) and high-risk women (n = 29). We obtained digital mammograms and breast MRI scans at baseline and after 12 months of daily soy (50 mg isoflavones per day; n = 46) or placebo (n = 49) tablet supplementation. The total breast area (MA) and the area of mammographic density (MD) on the mammogram were measured using a validated computer-assisted method, and mammographic density percent (MD% = 100 × MD/MA) was determined. A well-tested computer algorithm was used to quantitatively measure the total breast volume (TBV) and fibroglandular tissue volume (FGV) on the breast MRI, and the FGV percent (FGV% = 100 × FGV/TBV) was calculated. On the basis of plasma soy isoflavone levels, compliance was excellent. Small decreases in MD% measured by the ratios of month 12 to baseline levels were seen in the soy (0.95) and the placebo (0.87) groups; these changes did not differ between the treatments (P = 0.38). Small decreases in FGV% were also found in both the soy (0.90) and the placebo (0.92) groups; these changes also did not differ between the treatments (P = 0.48). Results were comparable in patients with breast cancer and high-risk women. We found no evidence that soy supplementation would decrease mammographic density and that MRI might be more sensitive to changes in density than mammography.",2015,Oct,Cancer Prev Res (Phila),8,10,942-51,ClinicalTrials.gov/NCT01219075,10.1158/1940-6207.CAPR-15-0125,26276750,#29719,Wu 2015,"",Possible RCT
"Psychedelics, placebo effects, and set and setting: Insights from common factors theory of psychotherapy.",Gukasyan N; Nayak SM,"Psychedelic-assisted treatment is at first glance markedly different in structure and approach from mainstream forms of psychotherapy in the West. A major criticism of clinical psychedelic research rests on the difficulty of executing placebo-controlled studies and distinguishing drug effects from those of the psychotherapeutic container in which psychedelics are typically presented. Detractors also tend to find fault in spiritual or mystical themes that often arise in the context of psychedelic use. Common factors theory of psychotherapy is a useful and extensively studied framework that can help make sense of these issues, and has much to contribute to our understanding of contextual effects that are often discussed in psychedelic literature as ""set and setting."" In this article, we examine four major contextual ""common factors"" shared by various healing traditions: 1) the therapeutic relationship; 2) the healing setting; 3) the rationale, conceptual scheme, or myth; and 4) the ritual. We explain how these factors show up in psychedelic-assisted treatment and how they may contribute to therapeutic effects. Lastly, we discuss the implications of these factors for the concept of placebo, and for future research.",2022,Oct,Transcult Psychiatry,59,5,652-664,,10.1177/1363461520983684,33499762,#29738,Gukasyan 2022,"",Possible RCT
"""Ecstasy""-induced changes of cerebral glucose metabolism and their correlation to acute psychopathology. An 18-FDG PET study.",Schreckenberger M; Gouzoulis-Mayfrank E; Sabri O; Arning C; Zimny M; Zeggel T; Wagenknecht G; Kaiser HJ; Sass H; Buell U,"The aim of this study was to determine the acute effects of the ""Ecstasy"" analogue MDE (3,4-methylene dioxyethamphetamine) on cerebral glucose metabolism (rMRGlu) of healthy volunteers and to correlate neurometabolism with acute psychopathology. In a randomized double-blind trial, 15 healthy volunteers without a history of drug abuse were examined with fluorine-18-deoxyglucose (18FDG) positron emission tomography (PET) 110-120 min after oral administration of 2 mg/kg MDE (n = 7) or placebo (n = 8). Two minutes prior to radiotracer injection, constant cognitive stimulation was started and maintained for 32 min using a word repetition paradigm to ensure constant and comparable mental conditions during cerebral glucose uptake. Individual brain anatomy was represented using Tl-weighted 3D flash magnetic resonance imaging (MRI), followed by manual regionalization into 108 regions of interest and PET/MRI overlay. After absolute quantification of rMRGlu and normalization to global metabolism, normalized rMRGlu under MDE was compared to placebo using the Mann-Whitney U-test. Acute psychopathology was assessed using the Positive and Negative Syndrome Scale (PANSS) and rMRGlu was correlated to PANSS scores according to Spearman. MDE subjects showed significantly decreased rMRGlu in the bilateral frontal cortex: left frontal posterior (-7.1%, P < 0.05) and right prefrontal superior (-4.6%, P < 0.05). On the other hand, rMRGlu was significantly increased in the bilateral cerebellum (right: +10.1%, P < 0.05; left: +7.6%, P < 0.05) and in the right putamen (+6.2%, P < 0.05). There were positive correlations between rMRGlu in the middle right cingulate and grandiosity (r = 0.87, P < 0.05), both the right amygdala (r = 0.90, P < 0.01) and the left posterior cingulate (r = 0.90, P < 0.01) to difficulties in abstract thinking, and the right frontal inferior (r = 0.85, P < 0.05), right anterior cingulate (r = 0.93, P < 0.01), and left anterior cingulate (r = 0.85, P < 0.05) to attentional deficits. A negative correlation was found between the left frontal operculum (Broca's area) and attentional deficits (r = -0.85, P < 0.05). The present study revealed acute neurometabolic changes under the ""Ecstasy"" analogue MDE, indicating a frontostriatocerebellar imbalance paralleling other psychotropic substances or various psychiatric disorders.",1999,Dec,Eur J Nucl Med,26,12,1572-9,,10.1007/s002590050497,10638409,#29801,Schreckenberger 1999,"",Possible RCT
Urinary studies of schizophrenics and controls.,Narasimhachari N; Heller B; Spaide J; Haskovec L; Fujimori M; Tabushi K; Himwich HE,,1971,,Biol Psychiatry,3,1,9-20,,,4398666,#29810,Narasimhachari 1971,"",""
"Relationship between locus of control and drug effects in users of narcotics, stimulants, hypnotic-sedatives, and hallucinogens.",Hall JN,"A test is made of the hypothesis that the subjective effects of narcotics lead to an internal locus of control orientation. No support is evident. Similar findings are given for users of stimulants. As an aside to the major focus of the study, a test of locus of control differences between users of narcotics, stimulants, hypnotic-sedatives, and hallucinogens is given, with no differences being found.",1978,Jan,Int J Addict,13,1,143-7,,10.3109/10826087809039271,631948,#29823,Hall 1978,"",Possible RCT
Studies of drug-free schizophrenics and controls.,Narasimhachari N; Avalos J; Fujimori M; Himwich HE,,1973,Dec,Biol Psychiatry,5,3,311-8,,,4513564,#29828,Narasimhachari 1973,"",""
Dream and drug-induced fantasy behavior. A comparative study.,Cartwright RD,,1966,Jul,Arch Gen Psychiatry,15,1,7-15,,10.1001/archpsyc.1966.01730130009002,5939076,#29839,Cartwright 1966,"",""
Cyberdelics: Virtual reality hallucinations modulate cognitive-affective processes.,Brizzi G; Pupillo C; Rastelli C; Greco A; Bernardelli L; Di Natale AF; Pizzoli SFM; Sajno E; Frisone F; Di Lernia D; Riva G,"INTRODUCTION: Psychedelics were explored for their potential in the mental health field. However, research was delayed by concerns over short-term side effects and long-term consequences of substance use. Technological advances enabled the development of Hallucinatory Visual Virtual Experiences (HVVEs), namely psychedelic experiences simulations in immersive virtual reality. This study investigated HVVEs' impact on cognitive flexibility, affective response, and autonomic activity. METHODS: 50 healthy participants underwent assessments of cognitive flexibility, control inhibition, emotional response, and autonomic activity at baseline. Participants were then exposed to two 10-minute immersive virtual reality (IVR) experiences: 'The Secret Garden' and its hallucinated counterpart created using Google DeepDream algorithm. All measures were presented after each video, in addition to the flow experience assessment. RESULTS: Post-HVVE, participants demonstrated enhanced cognitive flexibility and inhibitory control. They reported increased flow-absorption and decreased flow-fluency. Both IVR experiences reduced positive affects and state anxiety compared to baseline; additionally, IVR reduced heart rate and sympathetic activity compared to baseline. CONCLUSIONS: HVVEs produced psychedelic positive effects on cognitive and emotional functioning. The complex emotional and autonomic profile mimicked awakened relaxation that, in conjunction with the cognitive flexibility enhancement, could offer the unique opportunity to exploit psychedelic advantages while mitigating risks, opening new avenues for therapeutic approaches.",2025,Dec,Dialogues Clin Neurosci,27,1,1-12,,10.1080/19585969.2025.2499459,40407250,#29840,Brizzi 2025,"",Possible RCT
The obstetrical use in ancient and early modern times of Convolvulus scammonia or Scammony: another non-fungal source of ergot alkaloids?,Albert-Puleo M,,1979,Apr,J Ethnopharmacol,1,2,193-5,,10.1016/0378-8741(79)90006-0,396416,#29904,Albert-Puleo 1979,"",""
Pharmacokinetic-pharmacodynamic relationships of central nervous system effects of scopolamine in healthy subjects.,Liem-Moolenaar M; de Boer P; Timmers M; Schoemaker RC; van Hasselt JG; Schmidt S; van Gerven JM,"WHAT IS ALREADY KNOWN ABOUT THIS SUBJECT: • The cholinergic system is important for different central nervous system functions, including memory, learning and attention. Scopolamine, a centrally active muscarinic antagonist, has been used to model dementia and to demonstrate the pharmacological effects of cholinergic drugs, but for most effects the concentration-effect relationships are unknown. WHAT THIS STUDY ADDS: • We determined the pharmacokinetic-pharmacodynamic relationships of scopolamine using a multidimensional central nervous system test battery in a large group of healthy volunteers. The results suggested there are various functional cholinergic systems with different pharmacological characteristics, which can be used to study the effects of drugs that directly or indirectly modify cholinergic systems. The design of such studies should take the different concentration-effect relationships into account. AIM(S) Although scopolamine is a frequently used memory impairment model, the relationships between exposure and corresponding central nervous system (CNS) effects are mostly unknown. The aim of our study was to characterize these using pharmacokinetic-pharmacodynamic (PK-PD) modelling. METHODS: In two double-blind, placebo-controlled, four-way crossover studies, 0.5-mg scopolamine was administered i.v. to 90 healthy male subjects. PK and PD/safety measures were monitored pre-dose and up to 8.5 h after administration. PK-PD relationships were modelled using non-linear mixed-effect modelling. RESULTS: Most PD responses following scopolamine administration in 85 subjects differed significantly from placebo. As PD measures lagged behind the plasma PK profile, PK-PD relationships were modelled using an effect compartment and arbitrarily categorized according to their equilibration half-lives (t(1/2) k(eo) ; hysteresis measure). t(1/2) k(eo) for heart rate was 17 min, saccadic eye movements and adaptive tracking 1-1.5 h, body sway, smooth pursuit, visual analogue scales alertness and psychedelic 2.5-3.5 h, pupil size, finger tapping and visual analogue scales feeling high more than 8 h. CONCLUSIONS: Scopolamine affected different CNS functions in a concentration-dependent manner, which based on their distinct PK-PD characteristics seemed to reflect multiple distinct functional pathways of the cholinergic system. All PD effects showed considerable albeit variable delays compared with plasma concentrations. The t(1/2) k(eo) of the central effects was longer than of the peripheral effects on heart rate, which at least partly reflects the long CNS retention of scopolamine, but possibly also the triggering of independent secondary mechanisms. PK-PD analysis can optimize scopolamine administration regimens for future research and give insight into the physiology and pharmacology of human cholinergic systems.",2011,Jun,Br J Clin Pharmacol,71,6,886-98,,10.1111/j.1365-2125.2011.03936.x,21306419,#29955,Liem-Moolenaar 2011,"",Possible RCT
Psychomotor and cognitive effects of a single oral dose of talnetant (SB223412) in healthy volunteers compared with placebo or haloperidol.,Liem-Moolenaar M; Gray FA; de Visser SJ; Franson KL; Schoemaker RC; Schmitt JA; Cohen AF; van Gerven JM,"Central Nervous System (CNS) effects of talnetant, an NK-3 antagonist in development for schizophrenia, were compared to those of haloperidol and placebo. The study was randomised, double-blind, three-way crossover of talnetant 200 mg, haloperidol 3 mg or placebo. Twelve healthy males participated and EEG, saccadic and smooth pursuit eye movements, adaptive tracking, body sway, finger tapping, hormones, visual analogue scales (VAS) for alertness, mood and calmness and psychedelic effects, left/right distraction task, Tower of London and Visual and Verbal Learning Task were assessed. Haloperidol showed (difference to placebo; 95% CI; p-value) decreases in EEG alpha power (-0.87microV; -1.51/-0.22; p = 0.0110), saccadic inaccuracy (2.0%; 0.5/3.6; p = 0.0133), smooth pursuit eye movements (-7.5%; -12.0/-3.0; p = 0.0026), adaptive tracking (-3.5%; -5.4/-1.7; p = 0.0009), alertness (-6.8 mm; -11.1/-2.4; p = 0.0039), negative mood (-4.6 mm; -8.6/-0.6; p = 0.0266), the ability to control thoughts (1.2 mm; 0.2/2.3; p = 0.0214), and an increase of serum prolactin (ratio 4.1; 3.0/5.6; p < 0.0001). Talnetant showed decreased alpha power (-0.69 muV; -1.34/-0.04; p = 0.0390), improved adaptive tracking (1.9%; 0.1/3.7; p = 0.0370) and reduced calmness on VAS Bond and Lader (-4.5 mm; -8.0/-1.0; p = 0.0151). Haloperidol effects were predominantly CNS-depressant, while those of talnetant were slightly stimulatory. The results suggest that talnetant penetrates the brain, but it remains to be established whether this dose is sufficient and whether the observed effect profile is class-specific for NK3-antagonists.",2010,Jan,J Psychopharmacol,24,1,73-82,,10.1177/0269881108094524,18755817,#29970,Liem-Moolenaar 2010,"",Possible RCT
"Tolerability of loteprednol/tobramycin versus dexamethasone/tobramycin in healthy volunteers: results of a 4-week, randomized, double-masked, parallel-group study.",Bartlett JD; Holland EJ; Usner DW; Paterno MR; Comstock TL,"OBJECTIVE: To compare the ocular comfort and tolerability of loteprednol etabonate 0.5%/tobramycin 0.3% (LE/T; Zylet) with dexamethasone 0.1%/tobramycin 0.3% (DM/T; TobraDex) in healthy volunteers. RESEARCH DESIGN AND METHODS: In this multicenter, randomized, double-masked, parallel-group study, healthy volunteers (n = 306) were randomized to receive LE/T or DM/T four times per day for 28 days. Subjects recorded subjective ratings for seven comfort/tolerability parameters using an electronic patient diary (EPD). The primary endpoint was the difference at week 4 from the ratings of an artificial tear at baseline in comfort/tolerability parameters between treatment groups, using a noninferiority paradigm. CLINICAL TRIALS REGISTRATION: ClinicalTrials. gov, NCT 00532961. RESULTS: The 97.5% confidence intervals for the lower bound were within -10 for all of the seven comfort/ tolerability parameters evaluated (pain, stinging/burning, irritation, itchiness, foreign-body sensation, dryness, and light sensitivity). Secondary analysis revealed small but significant within-treatment differences in pain favoring LE/T over tears and in light sensitivity favoring tears over DM/T (p < 0.01). Small between-treatment differences in the changes from baseline tear ratings to individual study visits favored LE/T for pain, stinging/burning, irritation, itchiness, foreign-body sensation, and light sensitivity at visit 4 (p < or = 0.04); for pain, stinging/burning, and foreignbody sensation at visit 5 (p < or = 0.03), and for dryness and light sensitivity at visit 6 (p < or = 0.05). CONCLUSIONS: LE/T satisfied all conditions of noninferiority to DM/T in comfort and tolerability. Subjects receiving LE/T were more likely to report better ocular comfort/tolerability ratings relative to baseline artificial tears than subjects receiving DM/T. LIMITATIONS: The study population consisted of healthy volunteers.",2008,Aug,Curr Med Res Opin,24,8,2219-27,ClinicalTrials.gov/NCT00532961,10.1185/03007990802231981,18577309,#30019,Bartlett 2008,"",Possible RCT
Hallucinogenic drugs: influence of mental set and setting.,Faillace LA; Szara S,,1968,Feb,Dis Nerv Syst,29,2,124-6,,,4866514,#30034,Faillace 1968,"",""
Loteprednol Etabonate 0.5%/Tobramycin 0.3% Compared with Dexamethasone 0.1%/Tobramycin 0.3% for the Treatment of Blepharitis.,Comstock TL; DeCory HH,"PURPOSE: To compare the efficacy of loteprednol etabonate 0.5%/tobramycin 0.3% (LE/T) and dexamethasone 0.1%/tobramycin 0.3% (DM/T) ophthalmic suspensions in reducing select signs of blepharitis. METHODS: Data were pooled from two studies (one from the USA; one from China) of adults (n = 627) with blepharokeratoconjunctivitis treated with LE/T or DM/T four times daily for 2 weeks (safety population). Efficacy analyses included 495 eyes (247 LE/T, 248 DM/T) with any baseline sign of blepharitis. RESULTS: At Day 15, the least squares mean change from baseline in composite blepharitis severity was similar between LE/T (-2.86) and DM/T (-2.99) (90% CI for mean treatment difference: -0.35, 0.11). Intraocular pressure (IOP) increases ≥10 mmHg over baseline were reported for 1 US patient (DM/T group) and 19 Chinese patients (6 LE/T; 13 DM/T). CONCLUSIONS: LE/T was similarly effective in reducing the signs of blepharitis compared with DM/T, but demonstrated a better safety profile with respect to changes in IOP.",2017,Apr,Ocul Immunol Inflamm,25,2,267-274,,10.3109/09273948.2015.1115879,26788833,#30035,Comstock 2017,"",Possible RCT
Within-subject comparison of the subjective and psychomotor effects of a gaseous anesthetic and two volatile anesthetics in healthy volunteers.,Beckman NJ; Zacny JP; Walker DJ,"Inhalant abuse is a serious public health problem throughout the world. The present study compared the states of intoxication produced by three inhaled anesthetics that represent two of the three major classes of abused inhalants, as classified by [Balster, R.L., 1998. Neural basis of inhalant abuse. Drug Alcohol Depend 51, 207-214.]. Isoflurane and sevoflurane represent the class of volatile substances, and nitrous oxide (N2O) comprises a class of its own. Fourteen healthy volunteers inhaled the vehicle (100% O2) and two concentrations each of isoflurane (0.1 and 0.2%), sevoflurane (0.2 and 0.4%), and N2O (15 and 30%) for 40 min each, across seven separate sessions. Drug concentrations were chosen to produce similar ratings of drug effect strength and similar impairment on a psychomotor test, the digit-symbol substitution test (DSST). Ratings of drug effect strength and performance on the DSST were similar across drugs; however, the volatile anesthetics produced greater sedation and greater impairment on three other psychomotor tests than N2O, whereas N2O produced a greater magnitude of putatively pleasant and psychedelic-like subjective effects. These results are consistent with the drugs' putative receptor mechanisms of action and confirm Balster's classification of the volatile anesthetics into a class distinct from N2O.",2006,Jan,Drug Alcohol Depend,81,1,89-95,,10.1016/j.drugalcdep.2005.06.002,16024183,#30046,Beckman 2006,"",Possible RCT
Cognitive predictors of medical decision-making capacity in mild cognitive impairment and Alzheimer's disease.,Stormoen S; Almkvist O; Eriksdotter M; Sundström E; Tallberg IM,"OBJECTIVE: Impaired capacity to make decisions in everyday life and situations of medical treatment is an inevitable consequence of the cognitive decline in Alzheimer's disease (AD). The objective of this study was to identify the most powerful cognitive component(s) that best predicted medical decision-making capacity (MDMC) in patients with AD and mild cognitive impairment. METHOD: Three groups of subjects participated in the study: patients with AD (n = 20), mild cognitive impairment (n = 21), and healthy control subjects (n = 33). MDMC was assessed by the linguistic instrument for medical decision-making (LIMD) and related to demographics and 27 cognitive test measures. RESULTS: The cognitive tests were found to aggregate into four components using a principle component analysis. The four components, which correspond to verbal knowledge, episodic memory, cognitive speed, and working memory, accounted for 73% of the variance in LIMD according to a stepwise regression analysis. Verbal knowledge was the most powerful predictor of LIMD (beta = 0.66) followed by episodic memory (beta = 0.43), cognitive speed (beta = 0.32), and working memory (beta = 0.23). The best single test as shown by the highest correlation with LIMD was Reading speed (R = 0.77). CONCLUSION: Multiple factors are involved in MDMC in subjects with cognitive impairment. The component of verbal knowledge was the best predictor of MDMC and Reading speed was the most important single cognitive test measurement, which assessed both rapid Reading and understanding of text.",2014,Dec,Int J Geriatr Psychiatry,29,12,1304-11,,10.1002/gps.4114,24737535,#30216,Stormoen 2014,"",Possible RCT
Auditory verbal learning in drug-free Ecstasy polydrug users.,Fox HC; Toplis AS; Turner JJ; Parrott AC,"Drug-free Ecstasy polydrug users have shown impairment on tasks of verbal working memory and memory span. Current research aims to investigate how these deficits may affect the learning of verbal material by administration of the Auditory Verbal Learning Task (AVLT) (Rey, 1964). The task provides a learning curve by assessing immediate memory span over multiple trials. Learning strategies are further analysed by tendencies to confabulate as well as demonstrate either proactive or retroactive interference elicited by a novel 'distractor' list. Three groups completed the task: two groups of 14 Ecstasy users (short- and long-term) and one group of 14 polydrug controls. Compared with controls both Ecstasy groups recalled significantly fewer words and made more confabulation errors on the initial three recall trials as well as a delayed recall trial. Long-term users demonstrated increased confabulation on the initial trials and the novel 'distractor7' trial, compared with short-term users. Only following repeated presentations were both short- and long-term users shown to perform at control levels. As such, deficits in verbal learning may be more related to storage and/or retrieval problems than problems associated with capacity per se. No interference errors were demonstrated by either of the Ecstasy groups. However, a high level of intrusion errors may indicate selective working memory problems associated with longer-term use of the drug. Copyright 2001 John Wiley & Sons, Ltd.",2001,Dec,Hum Psychopharmacol,16,8,613-618,,10.1002/hup.344,12404541,#30333,Fox 2001,"",Possible RCT
Sexuality and spirituality: the relevance of eastern traditions.,Francoeur RT,,1992,Apr-May,SIECUS Rep,20,4,1-8,,,12343737,#30803,Francoeur 1992,"",""
Unblinding and demand characteristics in the treatment of depression.,Goodwin GM; Croal M; Marwood L; Malievskaia E,"Blinding of treatment allocation in clinical trials in psychiatry is regarded as an ideal. The potential impact of unblinding chimes with a general concern for psychological research: so-called demand characteristics can undermine confidence in findings from experimental and clinical studies. Scepticism can result in nihilism. The reliance on subjective report of symptoms in clinical trials of drug efficacy in depression provides an important example. It is regularly implied that if subjective effects, including specific adverse reactions, unblind participants to an active treatment then evidence for its efficacy is suspect. In fact, the strong association between dose and subjective effects does not translate into a strong relationship with efficacy in randomised controlled trials (RCTs) of conventional antidepressant drugs; this observation falsifies the proposition that unblinding is the principal mechanism driving RCT outcomes in studies of depression. Instead, changes in brain function, that occur soon after treatment starts, do predict treatment outcomes and align with our understanding of neurotransmitter effects from neuroscience. Psychedelic experience for the treatment of depression must be unblinding, but the effect results directly from serotonergic receptor activation and changes in brain connectivity. Where such effects are part of a novel mechanism of action, a strong dose response relationship would be expected, irrespective of unblinding. We highlight the importance of exploring blinding as a mechanism, confirming dose-related outcomes, and dissociating unblinding effects from efficacy. Unblinding does not necessarily invalidate the subjective experience of sustained recovery from depression.",2023,May,J Affect Disord,328,,1-5,,10.1016/j.jad.2023.02.030,36781142,#30815,Goodwin 2023,"",Possible RCT
Impact of Psilocybin on Peripheral Cytokine Production.,DiRenzo D; Barrett FS; Perin J; Darrah E; Christopher-Stine L; Griffiths RR,"BACKGROUND: Psilocybin is a psychedelic drug with potential therapeutic effects in patients with mood and substance use disorders. Little is known about its impact on the immune system. METHODS: Multiplex immunoassay pro-inflammatory cytokine panels (Meso-Scale Discovery, Rockville, MD) were used to examine the serum from participants in three separate randomized controlled clinical trials (randomized controlled trials [RCTs]) wherein a range of doses of psilocybin were administered (methods reported previously). Participants represented a range of clinical histories including those with no-known health problems/long-term meditation practice (n = 35), depression (n = 25), anxiety, and cancer (various types; n = 31). Linear mixed models with random effects for each participant were fit to determine relative cytokine levels both immediately before and at various time points after psilocybin administration, adjusted for multiple comparisons. Serum extracted during a waitlist, where applicable, was not included. RESULTS: Sera from 91 participants were included from our three prior RCTs. In our linear models of pooled data, sera collected ≤1-week postpsilocybin revealed increased levels of interleukin (IL)-8 (β = 0.164, 95% confidence interval [0.10 to 0.23]; p = 0.042). At ≥4-week time points compared to baseline, there were no changes in cytokine levels. In our linear models of individual studies, no changes in cytokine levels at each time point were observed. CONCLUSION: This preliminary study suggests that a transient increase in cytokine production ≤1-week postpsilocybin may be found, although not consistently across patient populations. More broadly, peripheral cytokine production is possibly altered by psilocybin administration. ClinicalTrials.gov Identifier: NCT01988311.",2024,Jun,Psychedelic Med (New Rochelle),2,2,109-115,ClinicalTrials.gov/NCT01988311,10.1089/psymed.2023.0039,40051582,#30825,DiRenzo 2024,"",Possible RCT
Preliminary safety and effectiveness of psilocybin-assisted therapy in adults with fibromyalgia: an open-label pilot clinical trial.,Aday JS; McAfee J; Conroy DA; Hosanagar A; Tarnal V; Weston C; Scott K; Horowitz D; Geller J; Harte SE; Pouyan N; Glynos NG; Baker AK; Guss J; Davis AK; Burgess HJ; Mashour GA; Clauw DJ; Boehnke KF,"INTRODUCTION: Fibromyalgia (FM) is the prototypical nociplastic pain condition, characterized by widespread pain and issues with cognition, mood, and sleep. Currently, there are limited treatment options available that effectively treat FM symptoms. Psilocybin-assisted therapy (PAT) is an emerging combined drug-therapy intervention, but no studies to-date have investigated PAT for FM. METHODS: Here, we report findings from an open-label, pilot clinical trial of PAT for FM (N = 5). In conjunction with psychotherapy (two preparatory, four integration sessions), participants received two doses of oral psilocybin (15 mg and 25 mg) delivered two weeks apart. RESULTS: Regarding safety (primary outcome), there were transient elevations of blood pressure or heart rate during dosing which normalized by the end of treatment, with no serious adverse events. Four of five participants reported transient headaches following dosing. Compared to baseline, participants reported clinically meaningful improvements in the following secondary outcomes one month following their second psilocybin dose (reported as Cohen's d): pain severity [d = -2.1, 95% CI(-3.7 to -0.49)], pain interference [d = -1.8, 95% CI (-3.27 to -0.24)], and sleep disturbance [d = -2.5, 95% CI (-4.21 to -0.75)]. Using the Patient Global Impression of Change, one participant reported their symptoms ""very much improved,"" two reported ""much improved,"" and two reported ""minimally improved."" We stopped recruitment early because of concerns about generalizability and changes in FDA guidance for psychedelic clinical trials that occurred data collection. DISCUSSION: This small open-label trial preliminarily supports that PAT is well-tolerated by people with FM, establishing a basis for larger randomized controlled trials. CLINICAL TRIAL REGISTRATION: ClinicalTrials.gov, identifier, (NCT05128162).",2025,,Front Pain Res (Lausanne),6,,1527783,ClinicalTrials.gov/NCT05128162,10.3389/fpain.2025.1527783,40171515,#30889,Aday 2025,"",Possible RCT
Large-scale prediction of biological activities with Active-IT system.,Almeida VL; Dos Santos ODH; Lopes JCD,"Traditional testing methods in pharmaceutical development can be time-consuming and costly, but in silico evaluation tools can offer a solution. Our in-house Active-IT system, a Ligand-Based Virtual Screening (LBVS) tool, was developed to predict the biological and pharmacological activities of small organic molecules. It includes four independent modules for generating molecular descriptors (3D-Pharma), machine learning modeling (ExCVBA), a database of bioactivity models, and a prediction module. Activity data collected from the PubChem BioAssay database was used for modelling SVM and Naïve Bayes machine learning methods. Models have been constructed using a recursive stratified partition method and validated through an activity randomization (Y-random) process. Over 3500 bioassays were modeled, each comprising 30 SVM and 30 Naïve Bayes models and 60 randomized models. Bioassays with low performance or discrimination between regular and randomized were discarded. Using the Active-IT system we have evaluated three bioactive compounds of Ayahuasca tea. The predictions were thoroughly validated using known targets described in several public databases. The external validation results are noteworthy, with 16 of 33 (48.5% with p-value.",2024,Dec,Biomed Khim,70,6,435-441,,10.18097/PBMC20247006435,39718107,#30911,Almeida 2024,"",Possible RCT
Development and Evaluation of a Therapist Training Program for Psilocybin Therapy for Treatment-Resistant Depression in Clinical Research.,Tai SJ; Nielson EM; Lennard-Jones M; Johanna Ajantaival RL; Winzer R; Richards WA; Reinholdt F; Richards BD; Gasser P; Malievskaia E,"Introduction: Psychological support throughout psilocybin therapy is mandated by regulators as an essential part of ensuring participants' physical and psychological safety. There is an increased need for specially trained therapists who can provide high-quality care to participants in clinical studies. This paper describes the development and practical implementation of a therapist training program of psychological support within a current phase IIb international, multicenter, randomized controlled study of psilocybin therapy for people experiencing treatment-resistant depression. Description of Training Program: This new and manualized approach, based on current evidence-based psychotherapeutic approaches, was developed in partnership with different mental health researchers, practitioners, and experts; and has been approved by the FDA. Training consists of four components: an online learning platform; in-person training; applied clinical training; and ongoing individual mentoring and participation in webinars.This paper provides a brief overview of the method of support, the rationale and methodology of the training program, and describes each stage of training. The design and implementation of fidelity procedures are also outlined. Lessons Learned: As part of the phase IIb study of psilocybin therapy for treatment-resistant depression, 65 health care professionals have been fully trained as therapists and assisting therapists, across the US, Canada and Europe. Therapists provided informal feedback on the training program. Feedback indicates that the didactic and experiential interactive learning, delivered through a combination of online and in-person teaching, helped therapists build conceptual understanding and skill development in the therapeutic approach. Clinical training and engagement in participant care, under the guidance of experienced therapists, were considered the most beneficial and challenging aspects of the training. Conclusions: Clinical training for therapists is essential for ensuring consistently high-quality psilocybin therapy. Development of a rigorous, effective and scalable training methodology has been possible through a process of early, active and ongoing collaborations between mental health experts. To maximize impact and meet phase III and post-approval need, enhanced online learning and establishing pathways for clinical training are identified as critical points for quality assurance. This will require close public, academic and industry collaboration.",2021,,Front Psychiatry,12,,586682,,10.3389/fpsyt.2021.586682,33643087,#30959,Tai 2021,"",Possible RCT
"Placebo Effects: Neurological Mechanisms Inducing Physiological, Organic, and Belief Responses-A Prospective Analysis.",Niazi SK,"The placebo effect can induce physiological or clinical neurological and organic responses despite the recipient receiving no active ingredients; these responses are based instead on the recipient's perceptions. Placebo effects come from the rostral anterior cingulate cortex, pontine nucleus, and cerebellum of the brain; this information provides a better understanding of placebo effects and can also help us understand the mechanism of the modulation of neurotransmitters from the use of psychedelic substances, activity of selective serotonin reuptake inhibitors, the process of transcranial magnetic stimulation, and deep brain stimulation, as well as aid in developing novel therapies, challenging the validity of controlled clinical trials (RCTs) that the regulatory agencies now appreciate. Education about how placebo effects bring in social, political, and religious beliefs and whether these can be modulated may help reduce global confrontations.",2024,Nov,Healthcare (Basel),12,22,,,10.3390/healthcare12222314,39595511,#30977,Niazi 2024,"",Possible RCT
Psilocybin and Mental Health-Don't Lose Control.,Barnby JM; Mehta MA,,2018,,Front Psychiatry,9,,293,,10.3389/fpsyt.2018.00293,30018574,#31113,Barnby 2018,"",""
Efficacy and side effects of intermittent recombinant interferon-alpha 2a in chronic aggressive hepatitis C: with or without initial daily administration.,Itoh H; Nakata H; Yokoya Y; Nakashima S; Yamanishi T; Hara T; Kawai J; Miyamoto H; Higashi K; Nishioka S,"To investigate the therapeutic effect and incidence of side effects of recombinant interferon-alpha 2a (IFN-alpha) in chronic aggressive hepatitis C under stratification by administration mode, a study was conducted by assigning patients to either group A (daily consecutive administration of 9 million units (MU) IFN-alpha for 2 weeks and, thereafter, 3 MU intermittently 3 times weekly for 22 weeks) or group B (exclusively intermittent administration; 9 MU IFN-alpha twice weekly or 6 MU IFN-alpha thrice weekly for 24 weeks). The 28 patients in group A received IFN-alpha for 24 weeks up to a total dose of 324 MU and the 53 patients in group B received the same for 24 weeks up to a total dose of 432 MU. When recovery was defined as the absence of hepatitis C virus (HCV)-RNA 6 months after the completion of treatment, the rate of recovery for group A was 32.1% and that for group B was 37.7%, the latter being higher but without significance. Side effects in groups A and B consisted of leucopenia occupying 14.3 and 7.5%, respectively, and thrombocytopenia occupying 42.9 and 11.3%, respectively; group B exhibited lower values for both side effects. No difference was detected between these groups in other side effects, including pyrexia, generalized malaise, arthralgia or psilosis. Intermittent administration from the outset permitted shortened duration of hospitalization and earlier rehabilitation. Intermittent administration of INF-alpha is required when treating patients with chronic hepatitis C showing lower leucocyte or platelet counts.",1996,Aug,J Gastroenterol Hepatol,11,8,718-23,,10.1111/j.1440-1746.1996.tb00320.x,8872767,#31145,Itoh 1996,"",Possible RCT
"Evidence for a common biological basis of the Absorption trait, hallucinogen effects, and positive symptoms: epistasis between 5-HT2a and COMT polymorphisms.",Ott U; Reuter M; Hennig J; Vaitl D,"Absorption represents a disposition to experience altered states of consciousness characterized by intensively focused attention. It is correlated with hypnotic susceptibility and includes phenomena ranging from vivid perceptions and imaginations to mystical experiences. Based on the assumption that drug-induced and naturally occurring mystical experiences share common neural mechanisms, we hypothesized that Absorption is influenced by the T102C polymorphism affecting the 5-HT2a receptor, which is known to be an important target site of hallucinogens like LSD. Based on the pivotal role ascribed to the prefrontal executive control network for absorbed attention and positive symptoms in schizophrenia, it was further hypothesized that Absorption is associated with the VAL158MET polymorphism of the catechol-O-methyltransferase (COMT) gene affecting the dopaminergic neurotransmitter system. The Tellegen Absorption Scale was administered to 336 subjects (95 male, 241 female). Statistical analysis revealed that the group with the T/T genotype of the T102C polymorphism, implying a stronger binding potential of the 5-HT2a receptor, indeed had significantly higher Absorption scores (F = 10.00, P = 0.002), while no main effect was found for the COMT polymorphism. However, the interaction between T102C and COMT genotypes yielded significance (F = 3.89; P = 0.049), underlining the known functional interaction between the 5-HT and the dopaminergic system. These findings point to biological foundations of the personality trait of Absorption.",2005,Aug,Am J Med Genet B Neuropsychiatr Genet,137B,1,29-32,,10.1002/ajmg.b.30197,15965969,#31224,Ott 2005,"",Possible RCT
Drug effects on male sexual function.,Smith CG,,1982,Sep,Clin Obstet Gynecol,25,3,525-31,,10.1097/00003081-198209000-00008,7127928,#31251,Smith 1982,"",""
Self-transcendence accompanies aesthetic chills.,Christov-Moore L; Schoeller F; Lynch C; Sacchet M; Reggente N,"Self-transcendence (ST) is a state of consciousness associated with feelings of ego-dissolution, connectedness, and moral elevation, which mediates well-being, meaning-making, and prosociality. Conventional paths to ST, like religious practice, meditation, and psychedelics, pose nontrivial barriers to entry, limiting ST's study and application. Aesthetic chills (henceforth ""chills"") are a psychophysiological response characterized by a pleasurable, cold sensation, with subjective qualities and downstream effects similar to ST. However, evidence is lacking directly relating chills and ST. In the summer of 2023, we exposed a diverse sample of 2937 participants in Southern California to chills-eliciting stimuli, then assayed chills, mood and ST. Even after controlling for differences in demographics, traits, and prior affective state, both chills likelihood and intensity were positively associated with measures ST. Parametric and non-parametric analyses of variance, mutual information, and correlation structure found that chills occurrence and intensity, and ST measures are reliably interrelated across a variety of audiovisual stimuli. These findings suggest aesthetic chills may denote sufficiently intense feelings of self-transcendence. Further study is necessary to demonstrate the generalizability of these results to non-WEIRD populations, and the precise direction of causal relationships between self-transcendent feelings and aesthetic chills.",2024,,PLOS Ment Health,1,5,e0000125,,10.1371/journal.pmen.0000125,41661913,#31257,Christov-Moore 2024,"",Possible RCT
"GC-MS/MS Determination of Synthetic Cathinones: 4-chloromethcathinone, N-ethyl Pentedrone, and N-ethyl Hexedrone in Oral Fluid and Sweat of Consumers under Controlled Administration: Pilot Study.",Nuñez-Montero M; Lombroni C; Maida N; Rotolo MC; Pichini S; Papaseit E; Hladun O; Ventura M; Poyatos L; Pérez-Mañá C; Farré M; Marchei E,"This study presents a validated GC-MS/MS method for the detection and quantification of 4-chloromethcathinone or clephedrone (4-CMC), N-ethyl Pentedrone (NEP), and N-ethyl Hexedrone (NEH, also named HEXEN) in oral fluid and sweat and verifies its feasibility in determining human oral fluid concentrations and pharmacokinetics following the administration of 100 mg of 4-CMC orally and 30 mg of NEP and NEH intranasally. A total of 48 oral fluid and 12 sweat samples were collected from six consumers. After the addition of 5 μL of methylone-d(3) and 200 μL of 0.5 M ammonium hydrogen carbonate, an L/L extraction was carried out using ethyl acetate. The samples, dried under a nitrogen flow, were then derivatized with pentafluoropropionic anhydride and dried again. One microliter of the sample reconstituted in 50 μL of ethyl acetate was injected into GC-MS/MS. The method was fully validated according to international guidelines. Our results showed how, in oral fluid, the two cathinones taken intranasally were absorbed very rapidly, within the first hour, when compared with the 4-CMC which reached its maximum concentration peak in the first three hours. We observed that these cathinones were excreted in sweat in an amount equivalent to approximately 0.3% of the administered dose for 4-CMC and NEP. The total NEH excreted in sweat 4 h after administration was approximately 0.2% of the administered dose. Our results provide, for the first time, preliminary information about the disposition of these synthetic cathinones in the consumers' oral fluid and sweat after controlled administration.",2023,May,Int J Mol Sci,24,11,,,10.3390/ijms24119387,37298339,#31272,Nuñez-Montero 2023,"",Possible RCT
"Grounded in Biology: Why the Context-Dependency of Psychedelic Drug Effects Means Opportunities, Not Problems for Anthropology and Pharmacology.",Schleim S,,2022,,Front Psychiatry,13,,906487,,10.3389/fpsyt.2022.906487,35633783,#31349,Schleim 2022,"",""
Correction to Set and Setting: A Randomized Study of Different Musical Genres in Supporting Psychedelic Therapy.,Strickland JC; Garcia-Romeu A; Johnson MW,[This corrects the article DOI: 10.1021/acsptsci.0c00187.].,2021,Jun,ACS Pharmacol Transl Sci,4,3,1248,,10.1021/acsptsci.1c00119,34151215,#31359,Strickland 2021,"",""
The extrapolation fallacy in unblinded psychedelic trials,"Ekman Schenberg, E.; King IV, F.; Haberkamp, M.","The tension between gold-standard double-blind randomized controlled trials and the overt psychoactive effects of psychedelics increases the risk of extrapolation fallacy, with potentially harmful downstream consequences.",2026,,Nature Mental Health,4,3,311-312,,10.1038/s44220-026-00596-7,,#31443,EkmanSchenberg 2026,"",""
Placebo Effects in the Treatment of Depression—Implications for the Psychedelic Renaissance,"Ansari, M.; Elliott, S.I.; Holmes, S.E.; Sanacora, G.",,2026,,Neurologic Clinics,44,1,63-75,,10.1016/j.ncl.2025.08.009,,#31460,Ansari 2026,"",""
Oxytocin in hypopituitarism: What do we know?,"Aulinas, A.; Lawson, E.A.",,2025,,"Endocrinologia, Diabetes y Nutricion",72,9,,,10.1016/j.endinu.2025.501637,,#31594,Aulinas 2025,"",""
The promise of psychedelic medicine in psychiatry,"Healey, N.","After years of stigma, psychedelic compounds are edging closer to regulatory approval, with pivotal trials in tough-to-treat depression and anxiety underway.",2025,,Nature Medicine,31,11,3572-3574,,10.1038/d41591-025-00062-4,,#31598,Healey 2025,"",""
The void and the brain,"Koch, C.","Blackburne et al. track the electroencephalogram activity of volunteers inhaling a high dose of the powerful psychedelic 5-methoxy-N,N-dimethyltryptamine, revealing profoundly slowed-down brain activity but no significant reduction of alpha band power that is typical of other psychedelics.1",2025,,Cell Reports,44,8,,,10.1016/j.celrep.2025.116072,,#31652,Koch 2025,"",""
Correction: Psilocybin Therapy for Clinicians With Symptoms of Depression From Frontline Care During the COVID-19 Pandemic: A Randomized Clinical Trial (JAMA Network Open (2024) 7:12 (e2449026) DOI: 10.1001/jamanetworkopen.2024.49026),"","In the Original Investigation titled ""Psilocybin Therapy for Clinicians With Symptoms of Depression From Frontline Care During the COVID-19 Pandemic: A Randomized Clinical Trial,""1 which was published on December 5, 2024, several author affiliations were incorrect. The affiliation for Dr Back, Ms Freeman-Young, and Ms Morgan should be the Department of Medicine, University of Washington School of Medicine, Seattle. The affiliation for Dr Sethi should be the Department of Family Medicine, University of Washington School of Medicine, Seattle. The affiliation for Drs Tai, Kollefrath, and Thomas should be the Department of Psychiatry, University of Washington School of Medicine, Seattle. The article has been corrected.",2025,,JAMA Network Open,8,7,,,10.1001/jamanetworkopen.2025.25303,,#31700,,"",Possible RCT
Influence of Lactic Acid Bacteria and Sourdough Addition on Dough Textural and Structural Properties,"Ran, J.; Han, Y.; Su, Y.; Niu, Z.; Zhang, C.; Zhang, Y.; Tang, Y.; Li, Y.; Zhu, J.","The effects of co-fermentation with Lactobacillus plantarum and Streptococcus thermophilus on dough structure, starch properties, protein microstructure, and starch microstructure were systematically investigated. Results showed that the combination of L. plantarum and S. thermophilus through fermentation effectively reduced viscosity (η) and significantly enhanced elasticity (storage modulus G'). The ionic interaction and hydrophobic interaction in the L. plantarum and S. thermophilus sourdough dough (LSD) were reduced by 60.00% and 26.17%, respectively; meanwhile, hydrogen bond strength increased significantly by 86.73%. LSD exhibited a 9.71% reduction in amylose content compared to the control group. The starch retrogradation value and enthalpy change (ΔH) of the LSD group were significantly lower than those of the SD group. Similarly, To, Tp, and Tc were lower than those of the SD group. The co-fermentation system improved dough quality and established a theoretical framework for industrial-scale production of probiotic-enriched steamed buns.",2025,,SSRN,,"(Ran J.; Han Y.; Su Y.; Zhang C.; Zhang Y.; Tang Y.; Li Y., histlyc@163.com) School of Food Science, School of Life Sciences, Henan Institute of Science and Technology, Henan International Joint Laboratory of Plant Genetic Improvement and Soil Remediation",,,10.2139/ssrn.5143362,,#31788,Ran 2025,"",Possible RCT
Correction: Psilocybin therapy for clinicians with symptoms of depression from frontline care during the COVID-19 pandemic: a randomized clinical trial (JAMA Netw Open. (2024) 7:12 (e2449026) DOI: 10.1001/jamanetworkopen.2024.49026),"","In the Original Investigation titled, ""Psilocybin Therapy for Clinicians With Symptoms of Depression From Frontline Care During the COVID-19 Pandemic: A Randomized Clinical Trial""1 published December 5, 2024, one of Ladybird Morgan's academic degrees was omitted from the byline. The name should appear as follows: Ladybird Morgan, RN, MSW. The article has been corrected.",2025,,JAMA Network Open,8,1,,,10.1001/jamanetworkopen.2024.59278,,#31810,,"",""
Too big to fail? Comparing effect sizes of MDMA assisted therapy to unmasking bias,"Szigeti, B.; Bradley, E.R.; Woolley, J.",,2025,,Psychopharmacology,,"(Szigeti B., balazs.szigeti@ucsf.edu; Bradley E.R.; Woolley J.) Translational psychedelic research group, Department of Psychiatry and Behavioral Sciences, Weill Institute for Neurosciences, University of California, San Francisco, United States(Szigeti B",,,10.1007/s00213-025-06886-9,,#31847,Szigeti 2025,"",""
Psychedelic minimalism: the case against music in psychedelic therapy settings,"Nader, S.A.",,2025,,Frontiers in Psychiatry,16,"(Nader S.A., nadersa@odu.edu) Macon & Joan Brock Virginia Health Sciences at Old Dominion University, Eastern Virginia Medical School, Norfolk, VA, United States",,,10.3389/fpsyt.2025.1652568,,#31848,Nader 2025,"",""
"Psychedelics and mental health: reimagining care through science, insight, and compassion","Mikellides, G.; Kyriazis, M.",,2025,,Frontiers in Pharmacology,16,"(Mikellides G., george.mikellides@gmail.com) Cyprus rTMS, Larnaca, Cyprus(Mikellides G., george.mikellides@gmail.com) Department of Basic and Clinical Sciences, Medical School, University of Nicosia, Nicosia, Cyprus(Kyriazis M.) National Gerontology Centr",,,10.3389/fphar.2025.1649929,,#31850,Mikellides 2025,"",""
Validation of the Swiss Psychedelic Side Effects Inventory: Standardized assessment of adverse effects in studies of psychedelics and MDMA,"Calder, A.E.; Hasler, G.","Introduction: Studies of psychedelic-assisted therapy with LSD, psilocybin, MDMA, and related substances show clinical promise but inadequately assess side effects. Measuring side effects is challenging because they are not always easily differentiated from treatment effects or disease symptoms and show high heterogeneity, variable duration and impact, and sensitivity to context. A systematic questionnaire describing important characteristics of side effects of psychedelics and MDMA would greatly improve on previous methods. We aimed to create a standardized tool for recording clinically relevant side effects of psychedelics and MDMA, including their severity, duration, impact, and treatment-relatedness. Methods: We constructed the Swiss Psychedelic Side Effects Inventory (SPSI) based on insights from previous research. It was pilot tested in 145 participants from three studies. Structured feedback from an expert panel was used to improve validity and feasibility. Results: The final SPSI contains 32 side effects and standardized follow-up questions about their severity, impact, treatment-relatedness, and duration. It is compatible with any study design and can be administered as an interview or self-report at any timepoint after treatment with psychedelics or MDMA. Limitations: The SPSI omits relatively unimportant side effects for brevity's sake, though space for additional symptoms is given. Future studies are needed to confirm its validity in different contexts. Conclusions: The SPSI is available in English and German for collecting systematic data on side effects from psychedelics and MDMA. This information is vital for improving clinical decisions, informed consent, and patient safety.",2024,,Journal of Affective Disorders,365,"(Calder A.E.; Hasler G., gregor.hasler@unifr.ch) Molecular Psychiatry Lab, Faculty of Science and Medicine, University of Freiburg, Villars-sur-Glâne, Switzerland(Hasler G., gregor.hasler@unifr.ch) Freiburg Mental Health Network, Chemin du Cardinal-Journe",258-264,,10.1016/j.jad.2024.08.091,,#31952,Calder 2024,"",Possible RCT
Functional Unblinding in Pivotal Studies and the Future of Psychedelic Medicine,"Rosenbaum, J.F.",,2024,,Journal of Clinical Psychiatry,85,3,,,10.4088/JCP.24com15504,,#32004,Rosenbaum 2024,"",""
Effectiveness of Psychosocial Intervention and Psychoeducation in Improving Psychological Well-being and Cognitive Functioning in Caregivers of Substance Use Issues: A Pilot Study,"Ashmitha, K.A.A.; Gopal, C.N.R.; Sridhar, O.T.S.; Kancharla, K.","Background: Family caregivers of individuals with substance use disorder (SUD) face significant challenges that can impact their well-being, coping abilities, and cognitive functioning. However, the empowerment of these caregivers often goes unnoticed, highlighting the need for supportive interventions. Purpose: To develop and evaluate the effectiveness of a one-on-one intervention program for family caregivers of SUD patients using pre-test and post-test assessments. Methods: A pilot study was conducted using a randomized controlled trial design with 40 family caregivers of individuals with SUD. Through a lottery method, participants were randomly assigned to either the control or experimental groups, with each group consisting of 20 caregivers. The intervention program consisted of 12 one-on-one sessions. Pre-test and post-test assessments utilized the Ryff Psychological Well-being Scale, Ways of Coping, revised by Lazarus and Folkman, the Hamilton Anxiety Rating Scale, and the Kingston Caregiver Stress Scale. Descriptive and inferential statistics were analyzed using SPSS software. Results: Significant differences were observed between the control and experimental groups in psychological well-being, cognitive functioning, coping, anxiety, and stress (p <.01). The one-on-one intervention program significantly improved well-being and coping skills while reducing anxiety and stress levels. Consequently, the program empowered caregivers and enhanced their psychological resilience in the caregiving process. Conclusion: The findings support the effectiveness of the one-on-one intervention program in enhancing the well-being, coping skills, cognitive functioning, anxiety, and stress levels of family caregivers of individuals with SUD. This intervention program has the potential to empower caregivers and enable them to better cope with the challenges they face in providing care.",2024,,Annals of Neurosciences,31,3,157-165,,10.1177/09727531231185925,,#32025,Ashmitha 2024,"",Possible RCT
Neural effects of psychedelics: Complexity the key word,"Jones, B.D.M.; Husain, M.I.",,2024,,Neuropsychopharmacology,49,7,1067-1068,,10.1038/s41386-024-01856-9,,#32046,Jones 2024,"",""
tDCS reduces depression and state anxiety symptoms in older adults from the augmenting cognitive training in older adults study (ACT),"Hausman, H.K.; Alexander, G.E.; Cohen, R.; Marsiske, M.; DeKosky, S.T.; Hishaw, G.A.; O'Shea, A.; Kraft, J.N.; Dai, Y.; Wu, S.; Woods, A.J.","Background: Pharmacological interventions for depression and anxiety in older adults often have significant side effects, presenting the need for more tolerable alternatives. Transcranial direct current stimulation (tDCS) is a promising non-pharmacological intervention for depression in clinical populations. However, its effects on depression and anxiety symptoms, particularly in older adults from the general public, are understudied. Objective: We conducted a secondary analysis of the Augmenting Cognitive Training in Older Adults (ACT) trial to assess tDCS efficacy in reducing psychological symptoms in older adults. We hypothesized that active stimulation would yield greater reductions in depression and state anxiety compared to sham post-intervention and at the one-year follow-up. We also explored tDCS effects in subgroups characterized by baseline symptom severity. Methods: A sample of 378 older adults recruited from the community completed a 12-week tDCS intervention with cognitive or education training. Electrodes were placed at F3/F4, and participants received active or sham tDCS during training sessions. We assessed the association between tDCS group and changes in depression, state anxiety, and trait anxiety from baseline to post-intervention and one-year controlling for covariates. Results: The active tDCS group demonstrated greater reductions in depression and state anxiety compared to sham post-intervention, particularly in individuals with mild depression and moderate/severe state anxiety at baseline. Furthermore, the active tDCS group with moderate/severe state anxiety maintained greater symptom reductions at one-year. Conclusions: tDCS effectively reduced depression and state anxiety symptoms in a large sample of older adults. These findings highlight the importance of considering symptom severity when identifying those who may benefit most from this intervention.",2024,,Brain Stimulation,17,2,283-311,,10.1016/j.brs.2024.02.021,,#32095,Hausman 2024,"",Possible RCT
Methodological concerns in psychedelic research: The issues of nonequivalent psychological support and generalizability,"Zeifman, R.J.; Maia, L.O.",,2024,,European Neuropsychopharmacology,78,"(Zeifman R.J., richard.zeifman@nyulangone.org) NYU Langone Centre for Psychedelic Medicine, Department of Psychiatry, NYU Grossman School of Medicine, NY, United States(Maia L.O.) Brain Institute, Federal University of Rio Grande do Norte, Natal, Brazil",13-15,,10.1016/j.euroneuro.2023.09.007,,#32144,Zeifman 2024,"",""
FDA Grants Breakthrough Therapy Designation to LSD-Based Treatment for Generalized Anxiety Disorder,"Meara, K.",,2024,,Drug Topics,168,3,18,,,,#32161,Meara 2024,"",""
Medical Uses and Adverse Effects of Psilocybin,"Ghaznavi, S.; Bernardez, L.M.; Stern, T.A.",,2024,,Primary Care Companion for CNS Disorders,26,3,,,10.4088/PCC.23f03652,,#32163,Ghaznavi 2024,"",""
Expectancy Effects Cannot Be Neglected in MDMA-Assisted Therapy Research,"Flameling, L.J.; Aday, J.S.; van Elk, M.",,2023,,ACS Chemical Neuroscience,14,23,4062-4063,,10.1021/acschemneuro.3c00692,,#32201,Flameling 2023,"",""
EFFECT OF MORINGA LEAF (MORINGA OLEIFERA LAM.) ETHANOL EXTRACT 10% AND ALPHA TOCOPHEROL 10% AS ANTIOXIDANT ON THE SHEAR BOND STRENGTH OF COMPOSITE RESIN TO ENAMEL FOLLOWING EXTRA CORONAL BLEACHING,"Vincent,; Nurliza, C.; Farahanny, W.","Introduction: After bleaching treatment, patients often require additional intervention for composite resin restorations. The initial composite restorations after bleaching with hydrogen peroxide (H2O2) 25-40% cannot be done immediately, due to the presence of free radical residues as a result of oxidation of the bleaching material it is recommended to delay bonding for 1-3 weeks. If the adhesive restoration are carried out immediately, the shear bond strength of the restoration would reduced. Free radicals can interfere with resin infiltration and inhibit complete polymerization. The use of antioxidants as an effective alternative treatment to overcome free radical residues and increase the shear strength of post-bleaching restorations. Alpha tocopherol is an antioxidant that has been known to bind free radicals, that adhesive action can be carried out immediately after bleaching. The potential natural resource being developed is moringa leaves (moringa oleifera lam) which is rich in antioxidants. The purpose of this study was to compare the differences in the use of antioxidants 10% alpha tocopherol and 10% ethanol extract of moringa leaves can increase the shear bond strength of the attachment in nanofilled composite restorations on teeth after bleaching with 40% H2O2. Material and methods: Twenty seven insisivus were divided into three groups. Samples were treated with bleaching treatment, group I the application of 10% alpha tocopherol antioxidant, group II with ethanol extract of Moringa leaves for 10 minutes. Group III is the group without antioxidants. Then all samples were restored with nanofilled composites. The shear bond strength was measured by a universal testing machine. The data obtained were statistically tested with one-way analysis of variance (ANOVA), while the LSD test was used to see the difference in the effect of the shear bond strength between groups. Results: The highest shear bond strength of the composite resin was in the bleaching group of 40% hydrogen peroxide and using 10% alpha tocopherol as an antioxidant, while the lowest was in the control group bleaching using 40% hydrogen peroxide and immediate restoration without antioxidants Conclusion: The application of antioxidant alpha tocopherol and ethanol extract of moringa leaves increased the shear bond strength of composite restoration to enamel following extra coronal bleaching.",2023,,European Journal of Molecular and Clinical Medicine,10,1,3297-3306,,,,#32202,Vincent 2023,"",Possible RCT
Psychedelics and Psychotherapy: Is the Whole Greater than the Sum of its Parts?,"Dworkin, R.H.; McDermott, M.P.; Nayak, S.M.; Strain, E.C.",,2023,,Clinical Pharmacology and Therapeutics,114,6,1166-1169,,10.1002/cpt.3050,,#32212,Dworkin 2023,"",""
Psychedelics as Therapeutics - Potential and Challenges,"Volkow, N.D.; Gordon, J.A.; Wargo, E.M.",,2023,,JAMA Psychiatry,80,10,979-980,,10.1001/jamapsychiatry.2023.1968,,#32249,Volkow 2023,"",""
Psychedelic Microdosing: What Is It Good For?,"Bershad, A.K.",,2023,,Biological Psychiatry,94,6,e23-e24,,10.1016/j.biopsych.2023.06.021,,#32260,Bershad 2023,"",""
"Psilocybin for anorexia nervosa: If it helps, let's learn how","Attia, E.; Steinglass, J.E.","Existing treatments for adults with anorexia nervosa (AN) have limited effectiveness. AN is a brain-based disorder with behavioral and cognitive features leading to severe undernourishment. Peck et al. conducted a small open trial suggesting safety and tolerability of psilocybin for AN,1 opening an avenue for further investigation into the neural mechanisms involved.",2023,,Med,4,9,581-582,,10.1016/j.medj.2023.08.003,,#32261,Attia 2023,"",""
The Intricate Interaction Between Expectations and Therapeutic Outcomes of Psychedelic Agents,"Colloca, L.; Nikayin, S.; Sanacora, G.",,2023,,JAMA Psychiatry,80,9,867-868,,10.1001/jamapsychiatry.2023.1412,,#32263,Colloca 2023,"",""
Patient safety in psychedelic-assisted therapy,"",,2023,,Australasian Psychiatry,31,4,570-571,,10.1177/10398562231190829g,,#32287,,"",""
"Efficacy of a Thai Herbal Remedy in Patients with Mild Chronic Plaque Psoriasis: An Observer-Blinded Randomized, Standard Treatment-Controlled Trial","Chankeaw, K.; Kamolratanakul, S.; Tapaopong, J.; Pitisuttithum, P.; Dhitavat, J.; Picheansoonthon, C.","Background: Psoriasis is a chronic non-infectious inflammatory skin disease caused by genetic and environmental predispositions. There is a Thai herbal remedy for psoriasis recorded in Wat Pho’s marble inscriptions, consisting of Dictyophora indusiate Fisch, Psilocybe cubensis (Earle) Sing, and sesame oil. Objective: To compare the efficacy and safety of a Thai herbal remedy as an alternative treatment to the standard treatment of 0.1% triamcinolone lotion in patients with mild chronic plaque psoriasis. Materials and Methods: A randomized, split-body controlled design was conducted in 30 mild chronic plaque-type psoriasis patients with symmetrically distributed psoriasis rashes. Each patient was randomized to apply a Thai herbal remedy on a rash on one side of the body and 0.1% triamcinolone lotion on the other side, using the same dosage of twice daily for eight weeks. Efficacy was assessed at week 1, 2, 4, and 8 by the Targeted Area Score (TAS). The Self-Assessment Score (SAS) at week 8 was compared to the baseline. Safety was assessed through the interviews at each visit. Product satisfaction was evaluated by the visual analog scale (VAS). Results: The TAS and SAS for erythema, desquamation, and induration decreased in both treatment groups, with no significant difference. However, product satisfaction in color (p=0.012), odor (p=0.013), and absorption (p=0.003) were significantly higher in the 0.1% triamcinolone lotion group. Conclusion: The present study showed that the Thai herbal remedy was safe and efficacious in treating chronic plaque-type psoriasis, therefore, can be used as an alternative treatment.",2023,,Journal of the Medical Association of Thailand,106,7,690-696,,10.35755/jmedassocthai.2023.07.13864,,#32317,Chankeaw 2023,"",Possible RCT
"Premise, promise and challenges of MDMA assisted therapy for PTSD","Madero, S.; Alvarez, O.D.",,2023,,European Neuropsychopharmacology,70,"(Madero S., madero@clinic.cat) University Hospital Clinic of Barcelona, Psychiatry and Psychology Department, Bipolar and Depressive Disorders Unit, August Pi i Sunyer Biomedical Research Institute (IDIBAPS), Spain(Alvarez O.D.) Parc Sanitari Sant Joan de",19-20,,10.1016/j.euroneuro.2023.02.002,,#32345,Madero 2023,"",""
Dexamphetamine influences funneling illusion based on psychometric score,"Kassim, F.M.; Mark Lim, J.H.; Albrecht, M.A.; Martin-Iverson, M.T.","Objectives: Our team previously showed that like the experience of the rubber hand illusion (RHI) in people with schizophrenia and their offspring¸ dexamphetamine administration to healthy volunteers increases the stimulus binding windows (BWs) in RHI. It is not clear if similar expansions of BWs are present for unimodal illusions. Studies have also shown that subjective or objective effects of amphetamine would be linked to between-person variations in personality measures. Therefore, we aimed to examine the effect of dexamphetamine (DEX), a dopamine-releasing stimulant, on illusory perception using unimodal sensory stimuli (Tactile Funneling Illusion [TFI]) across both temporal and spatial variables. We further examined the relationship between changes in psychometric scores and changes in illusion perception induced by dexamphetamine. Methods: Healthy subjects (N = 20) participated in a randomized, double-blind, counter-balanced, placebo-controlled, cross-over study. The effects of dexamphetamine (0.45 mg/kg, PO, q.d.) on funneling and error of spatial localization (EL) were examined using TFI. Psychotomimetic effects were assessed using a battery of psychological measures. Results: Dexamphetamine did not significantly increased the funneling illusion (p = 0.88) or EL (p = 0.5), relative to placebo. However, the degree of change in psychometric scores following dexamphetamine positively correlated with changes in funneling (ρ = 0.48, p = 0.03, n = 20), mainly at 0 ms delay condition (ρ = 0.6, p = 0.004, n = 20). Conclusion: Unlike multimodal illusions, alteration of BWs does not occur for unimodal illusions after administration of a dopamine-releasing agent. However, our findings indicate that moderate release of dopamine, through its psychotomimetic effect, indirectly influences unimodal illusion.",2023,,Human Psychopharmacology,38,2,,,10.1002/hup.2862,,#32372,Kassim 2023,"",Possible RCT
Do psychedelics have therapeutic potential for obesity?,"Fadahunsi, N.; Knudsen, G.M.; Clemmensen, C.",,2023,,Nature Reviews Endocrinology,19,1,1-2,,10.1038/s41574-022-00769-1,,#32421,Fadahunsi 2023,"",""
Rhabdomyolysis and Aminotransferase Activity Due to Acute Intoxication With Psychotropic and Chemical Substances,"Babulovska, A.; Chparoska, D.; Velikj-Stefanovska, V.; Simonovska, N.; Pereska, Z.; Berat-Huseini, A.; Kostadinoski, K.; Naumoski, K.","Background: Rhabdomyolysis is caused by the release of enzymes from skeletal muscles into the blood, which leads to systemic complications with diverse etiologies. This study evaluated the serum aminotransferases in patients with rhabdomyolysis following acute intoxication with either psychotropic drugs or other chemical agents. Methods: This study randomly recruited 140 patients suffering from rhabdomyolysis. They were divided into two groups affected by either psychotropic drugs or chemical agents. Rhabdomyolysis was defined as having serum creatine kinase (CK) levels greater than 250 U/L, based on the poisoning severity score. Results: On day 1, the CK/AST correlation was significantly stronger in the psychotropic than the chemical group (P=0.0009). On day 5, patients in the psychotropic group had significantly higher AST (P=0.0138) and ALT (P=0.0129) than those poisoned with other chemicals. The difference in the strength of the CK/ALT correlation between the two groups was insignificant. Between the two groups, the differences between the CK levels and the following serum parameters were insignificant: Alkaline phosphatase; gamma-glutamyl transferase; prothrombin time; total bilirubin; and albumin. Conclusion: The elevated aminotransferases in patients with rhabdomyolysis due to acute psychotropic toxicity might have resulted from the skeletal muscle injury rather than hepatotoxicity. In rhabdomyolysis patients poisoned with other chemicals, the elevated serum aminotransferases are likely due to liver toxicity arising from the consumed substances. These patients are likely to manifest clinically severe long-term multi-organ failure. Intoxications with typical agents, such as herbicides, petroleum distillates, and corrosives were responsible for the rhabdomyolysis in the second group.",2023,,Iranian Journal of Toxicology,17,1,63-70,,10.32598/IJT.17.1.1031.1,,#32457,Babulovska 2023,"",Possible RCT
Linear and circular stapled gastrojejunal anastomoses in Roux-en-Y gastric bypass: stomal diameter at onset and at long-term follow-up,"Campanello, M.; Lindskog, S.; Zilling, T.","BACKGROUND: In the laparoscopic Roux-en-Y gastric bypass procedure, the gastrojejunal stoma is constructed with either a circular (CSD) or a linear stapling device (LSD). The diameter of the stoma following stapling with the 21 mm CSD is expected to be approximately 12 mm (diameter of the anvil). Measuring the stoma diameter after linear stapling is a little more complex since the remaining opening in the linear anastomosis is closed by hand. The aim of this prospective randomized study was to follow up on changes in the diameter of gastrojejunal stomata after laparoscopic Roux-en-Y gastric bypass using either a CSD or an LSD between that at construction and at a long-term follow-up of 12-72 months later. METHODS: Twenty patients were randomly assigned to gastrojejunostomy with either a 21 mm CSD or a 45 mm LSD. Directly after completion of the surgery, the diameter of the gastrojejunal stoma was measured using a Fogarty occlusion catheter and again at follow-up 12-72 months later. RESULTS: Five patients were lost for follow-up, and 15 patients remained. The mean diameter of the CSD stomata at construction was 19.3 ± 5.3 mm (mean ± SD) and increased to 26.4 ± 6.6 mm at follow-up after a mean of 46 months (P = 0.02). The corresponding figures for the LSD stomata were 26.2 ± 4.1 mm, increasing to 32.7 ± 3.0 mm also after a mean follow-up of 46 months (P = 0.03). CONCLUSIONS: The mean diameter of the circular stapled gastrojejunostomy stomata at construction was 20 mm, that is, considerably larger than the 12 mm expected. After a mean of 5 years, the mean diameter had increased by 37%. The mean diameter of the linear stapled stomata increased by 25%.",2022,,ANZ journal of surgery,92,11,2896-2900,,10.1111/ans.17988,,#32511,Campanello 2022,"",Possible RCT
Psychedelic drugs take on depression,"Willyard, C.",,2022,,Nature,608,7924,S36-S38,,10.1038/d41586-022-02205-w,,#32567,Willyard 2022,"",""
Neuronal Abnormalities Induced by an Intelligent Virtual Reality System for Methamphetamine Use Disorder,"Chen, C.-C.; Tsai, M.-C.; Wu, E.H.-K.; Chung, C.-R.; Lee, Y.; Chiu, P.-R.; Tsai, P.-Y.; Sheng, S.-R.; Yeh, S.-C.","Methamphetamine use disorder (MUD) is a brain disease that leads to altered regional neuronal activity. Virtual reality (VR) is used to induce the drug cue reactivity. Previous studies reported significant frequency-specific neuronal abnormalities in patients with MUD during VR induction of drug craving. However, whether those patients exhibit neuronal abnormalities after VR induction that could serve as the treatment target remains unclear. Here, we used an integrated VR system for inducing drug related changes and investigated the neuronal abnormalities after VR exposure in patients. Fifteen patients with MUD and ten healthy subjects were recruited and exposed to drug-related VR environments. Resting-state EEG were recorded for 5 minutes twice-before and after VR and transformed to obtain the frequency-specific data. Three self-reported scales for measurement of the anxiety levels and impulsivity of participants were obtained after VR task. Statistical tests and machine learning methods were employed to reveal the differences between patients and healthy subjects. The result showed that patients with MUD and healthy subjects significantly differed in Θ, α, and γ power changes after VR. These neuronal abnormalities in patients were associated with the self-reported behavioral scales, indicating impaired impulse control. Our findings of resting-state EEG abnormalities in patients with MUD after VR exposure have the translational value and can be used to develop the treatment strategies for methamphetamine use disorder.",2022,,IEEE Journal of Biomedical and Health Informatics,26,7,3458-3465,,10.1109/JBHI.2022.3154759,,#32594,Chen 2022,"",Possible RCT
"Pharmacological profile of ALKS 7119, an investigational compound evaluated for the treatment of neuropsychiatric disorders, in healthy volunteers","Dijkstra, F.M.; Zuiker, R.G.J.A.; Siebenga, P.S.; Leigh-Pemberton, R.A.; Sun, L.; Manthis, J.D.; de Kam, M.L.; Lin, R.; von Moltke, L.L.; Rezendes, D.; van Gerven, J.M.A.","Aims: ALKS 7119 is a novel compound with in vitro affinity highest for the SERT, and for μ receptor, α1A-adrenoceptor, α1B-adrenoceptor, NMDA receptor and sigma non-opioid intracellular receptor 1. This first-in-human study evaluated safety and PK/PD effects of single ascending doses (SAD) of ALKS 7119 in healthy males and compared effects with neurotransmitter modulators with partially overlapping targets. Methods: In 10 cohorts (n = 10 subjects each), PK, safety and PD (NeuroCart tests, measuring neurophysiologic effects [pupillometry, pharmaco-EEG (pEEG)], visuomotor coordination, alertness, [sustained] attention [saccadic peak velocity, adaptive tracking], subjective drug effects [VAS Bowdle and VAS Bond and Lader] and postural stability [body sway]) were evaluated. Neuroendocrine effects (cortisol, prolactin, growth hormone) were measured. Data were analysed over the 12-hour post-dose period using mixed-effects model for repeated measure (MMRM) with baseline as covariate. Results: ALKS 7119 demonstrated linear PK and was generally well tolerated. QTcF interval increases of 30–60 ms compared to baseline were observed with ALKS 7119 doses of ≥50 mg without related adverse events. Significant increases in left and right pupil/iris ratio were observed at dose levels ≥50 mg (estimate of difference [95% CI], P-value) (0.04 [0.01; 0.07], P <.01) and (0.06 [0.03; 0.09], P =.01), respectively. From dose levels ≥50 mg significant increases (% change) of serum cortisol (51.7 [8.4; 112.3], P =.02) and prolactin (77.9 [34.2; 135.8], P <.01) were observed. Conclusion: In line with ALKS 7119’s in vitro pharmacological profile, the clinical profile observed in this study is most comparable to SERT inhibition.",2022,,British Journal of Clinical Pharmacology,88,6,2909-2925,,10.1111/bcp.15229,,#32615,Dijkstra 2022,"",Possible RCT
Probing the antidepressant action of psychedelics,"Kingwell, K.",,2022,,Nature Reviews Drug Discovery,21,6,416,,10.1038/d41573-022-00085-3,,#32619,Kingwell 2022,"",""
Atomic force microscopy observation of the effect of laser ablation on the nanostructures of the dentin surface,"Lin, Q.; Lin, Y.; Xie, Y.; Ma, Z.","OBJECTIVES: An atomic force microscope (AFM) was used to analyze the changes in organic matter in human dentin and the effects of laser irradiation with different energy densities on the surface micro-nanostructures of human dentin. METHODS: Extracted human third molars were used in this study. Human dentin were scanned with an Er, Cr:YSGG laser (6.18, 8.04, 9.89, 11.1 J·cm-2). The 12 samples were randomly allocated. AFM phase imaging technology and energy-dispersive spectroscopy (EDS) were applied to detect the proportional changes in the organic components on the dentine surface before and after Er,Cr:YSGG laser irradiation. AFM was capable of observing the morphological changes of the dentine surface and hydroxyapatite crystals before and after Er, Cr:YSGG laser irradiation. RESULTS: After laser irradiation, the proportion of collagen with low contrast in the phase images remarkably reduced. Accordingly, the proportion of the inorganic phase significantly increased. EDS results showed that dentine was composed of Ca, P, O, and C and some trace elements of Na, Mg and Cl. After Er, Cr:YSGG laser irradiation, the C, O, and Na contents and C/Ca ratio declined significantly (P<0.05), whereas the Ca and P contents and the Ca/P ratio obviously increased (P<0.05). CONCLUSIONS: Irradiating human dentine with an Er, Cr:YSGG laser at varying energy densities from 6.18 to 11.1 J·cm-2 did not significantly influence the inorganic phase structure of the surface dentine layer. However, thermal ablation occurred in the organic component.",2022,,Hua xi kou qiang yi xue za zhi = Huaxi kouqiang yixue zazhi = West China journal of stomatology,40,2,155-161,,10.7518/hxkq.2022.02.005,,#32658,Lin 2022,"",Possible RCT
Does being overweight play a role in the reduced inhibitory control of patients receiving treatment for substance use disorder?,"Tavares, V.D.O.; Schuch, F.B.; Vancampfort, D.; Jenkins, M.; Rego, M.L.M.; Galvão-Coelho, N.L.; Cabral, D.A.R.","Background: Impaired inhibitory control is present in individuals with substance use disorder (SUD) and in those with obesity. However, the question as to whether patients with SUD who are either overweight or obese have impaired inhibitory control, relative to patients with SUD and normal weight, remains unanswered. Methods: Sixty-two adult men (mean age: 31.17±8.79) under treatment for SUD performed a general and drug-specific inhibitory control test (GoNogo). Participants were divided in two groups based on their BMI. Patients with a BMI higher or equal than ≥25 kg/m² were in the overweight and obese group (OB), and patients with a BMI lower than 25 kg/m² were in the normal weight group (NW). Analyses of covariance (ANCOVA) were performed to explore differences in drug-specific and general commission errors, as well as reaction time for go trials during both drug-specific and general inhibition tasks. Models were adjusted for anxiety, depression, age, and duration of drug use. Results: No differences were found for commission errors in both tasks. With regards to reaction time, no differences were found for the general inhibitory control paradigm, whereas the OB group demonstrated slower reaction time during the drug specific paradigm, relative to the NW group (p=0.03, f2 = 0.09; OB: 520.65±71.39 ms vs. NW: 486.07±51.75 ms). Conclusion: Our findings suggest that those undergoing treatment for SUD and are either overweight or obese present impaired inhibitory control when facing drug cues. Future research should explore the effects of physical activity, nutritional counseling, and food monitoring on inhibitory control outcomes in SUD rehabilitation.",2021,,Physiology and Behavior,241,"(Tavares V.D.O.; Galvão-Coelho N.L.) Laboratory of Hormone Measurement, Department of Physiology and Behavior, Federal University of Rio Grande do Norte, Natal, Brazil(Schuch F.B.) Department of Sports Methods and Techniques, Federal University of Santa M",,,10.1016/j.physbeh.2021.113587,,#32780,Tavares 2021,"",Possible RCT
Caution at psychiatry’s psychedelic frontier,"Burke, M.J.; Blumberger, D.M.",,2021,,Nature Medicine,27,10,1687-1688,,10.1038/s41591-021-01524-1,,#32789,Burke 2021,"",""
The influence of tart cherries (Prunus Cerasus) on vascular function and the urinary metabolome: A randomised placebo-controlled pilot study,"Kimble, R.; Murray, L.; Keane, K.M.; Haggerty, K.; Howatson, G.; Lodge, J.K.","Montmorency tart cherries (MC) have been found to modulate indices of vascular function with interventions of varying duration. The objective of this preliminary study was to identify the chronic effects of MC supplementation on vascular function and the potential for urinary metabolomics to provide mechanistic evidence. We performed a placebo-controlled, double-blind, randomised study on 23 healthy individuals (18M, 7F) that consumed 30 ml MC or a placebo twice daily for 28 days. Whole body measures of vascular function and spot urine collections were taken at baseline and after supplementation. There were no significant changes to vascular function including blood pressure and arterial stiffness. Urinary metabolite profiling highlighted significant changes (P < 0.001) with putative discriminatory metabolites related to tryptophan and histidine metabolism. Overall, MC supplementation for 28 days does not improve indices of vascular function but changes to the urinary metabolome could be suggestive of potential mechanisms.",2021,,Journal of Nutritional Science,10,"(Kimble R.; Murray L.; Keane K.M.; Howatson G.) Department of Sport, Exercise and Rehabilitation, Faculty of Health and Life Sciences, Northumbria University, Newcastle-upon-Tyne, United Kingdom(Haggerty K.; Lodge J.K., john.lodge@northumbria.ac.uk) Depar",,,10.1017/jns.2021.68,,#32804,Kimble 2021,"",Possible RCT
New Frontiers or a Bursting Bubble? Psychedelic Therapy Beyond the Dichotomy,"Noorani, T.; Martell, J.",,2021,,Frontiers in Psychiatry,12,"(Noorani T., tehseen.n.noorani@durham.ac.uk) Department of Anthropology, Durham University, Durham, United Kingdom(Martell J.) Centre for Psychedelic Research, Imperial College London, London, United Kingdom",,,10.3389/fpsyt.2021.727050,,#32805,Noorani 2021,"",""
ESTIMATION OF CARDIAC TROPONIN I AND SOME OXIDATIVE STRESS PARAMETERS AS BIOMARKERS IN IRAQI PATIENTS WITH DIABETES MELLITUS TYPE 1,"Khashan, B.A.; Mohammed, K.A.K.","The present study included 141 individuals with age range of (10-25) year, where divided into three groups, included first group 47 with angina pectoris patients, second group included 47 Diabetes mellitus type1 patients, whereas third group were include 47 healthy individuals (control group), those patients were classified according to gender (male, female) for the all participants patients in this studied, where included every group 22 male and 25 female. They were obtained from Ibn-Al-Baytar hospital for cardiac diseases and second group from the National Diabetes Center of Al - Mustansiriya University, College of Medicine and at Al - Yarmouk Teaching Hospital. This study aimed to evaluate of some oxidative stress parameters (TOC, TAC, GSH and MDA)and cardiac Troponin I, glycated hemoglobine (HbA1c), cholesterol, Triglyceride in sera of Iraqi patients. Throughout, this study, a comparison between both patients groups and the control group in gender of the group same and as well as among totals three. TOS and MAD in the sera of both patient groups (AP&T1DM) was a significant increase at (LSD p<0.05) when compared to the control group (C), while significant decrease at (LSD p<0.05) in the TAS and GSH, as well as highly significant increase at (LSD p<0.05) cTn I levels of was observed in patients of AP compared to control either in the patients T1DM no significant difference compared with control also A highly significant increase at (LSD p<0.05) in serum lipid (TC, TG) of two patient groups (AP & T1DM) in comparison to that of control group. Meanwhile, significant increase at (LSD p<0.05) in serum HbA1c concentration of both patient groups (AP & T1DM), when compared to that of the control group. In conclusion, we found a significant increase in TOS, MDA, TC, TG and HbA1c, while a significant decrease in TAS and GSH of both patient groups. Therefore, AP and T1DM subjected to an increased in oxidative stress situation.",2021,,Biochemical and Cellular Archives,21,"(Khashan B.A., bshyralrbyy9@gmail.com) Industrial Research and Development Authority, Ministry of Industrial and Minerals, Baghdad, Iraq(Mohammed K.A.K.) Department of Chemistry, College of Science, University of Baghdad, Baghdad, Iraq",2361-2366,,,,#32828,Khashan 2021,"",Possible RCT
Uncertainty levels differ by physical heart failure symptom cluster,"Sethares, K.A.; Viveiros, J.D.; Ayotte, B.","BACKGROUND: The role of uncertainty, unpredictable symptoms, and unknown illness trajectory are frequent concerns reported in heart failure (HF) literature. Illness uncertainty can lead to difficulty interpreting symptoms, potentially impacting outcomes. Impaired functional status, quality of life, all-cause mortality, rehospitalization, and event-free survival are predicted by symptom clusters. No studies to date describe levels of uncertainty by physical symptom cluster in HF. AIMS: Describe physical HF symptom clusters and determine if uncertainty levels differ by symptom cluster. METHODS: Results are based on a secondary analysis of data from patients hospitalized with an acute exacerbation of HF. The Heart Failure Somatic Perception Scale (HFSPS) and Mishel's Uncertainty in Illness Scale (MUIS-C) were completed. Symptom clusters were determined by hierarchical agglomerative clustering. Controlling for age and gender, ANCOVA (post hoc LSD) analyses explored uncertainty levels by symptom cluster group. RESULTS: One hundred and thirty-three primarily older (76.4 ± 12.1), Caucasian (92.5%) adults (55.2% male), with an ischemic HF etiology (71.6%) were enrolled. Three clusters were found: 1. Shortness of breath, n = 47, 2. Edema, n = 39, and 3. Cardiac, n = 43. Adjusting for age and gender, uncertainty levels differed by cluster group (p ≤ 0.001), with edema cluster members reporting greater illness uncertainty than cardiac cluster members (74.6 vs 69.5, respectively, p = 0.033). CONCLUSIONS: Differences exist in illness uncertainty levels based on the symptom experience of patients with HF. Care and management of HF symptoms should include a complete assessment of unique symptom cluster profiles.",2021,,Applied nursing research : ANR,60,"(Sethares K.A., Ksethares@umassd.edu; Viveiros J.D.) Department of Adult Nursing, College of Nursing and Health Sciences, University of Massachusetts Dartmouth, 285 Old Westport Rd. ,North Dartmouth, United States(Ayotte B.) Department of Psychology, Coll",151435,,10.1016/j.apnr.2021.151435,,#32830,Sethares 2021,"",Possible RCT
Tai Chi Reduces Waist Size among Older Adults,"Slomski, A.",,2021,,JAMA - Journal of the American Medical Association,326,4,299,,10.1001/jama.2021.10833,,#32831,Slomski 2021,"",""
Palliative care: Is it time for health professionals to talk openly about psychedelic therapy?,"Presern, E.",,2021,,British Journal of General Practice,71,708,318-319,,10.3399/bjgp21X716333,,#32851,Presern 2021,"",""
Correction: Set and Setting: A Randomized Study of Different Musical Genres in Supporting Psychedelic Therapy (ACS Pharmacol Transl Sci. (2020) 4:2 (472−478) DOI: 10.1021/acsptsci.0c00187),"Strickland, J.C.; Garcia-Romeu, A.; Johnson, M.W.","We wish to correct the Acknowledgment in our Article. Old Acknowledgment: We thank Alexandre Tannous, M.A., and Twig Harper for recommending selections for the overtone-based playlist. We thank William A. Richards, Ph.D., and Brian D. Richards, Psy.D., for their role in developing the Western classical playlist which had been used in previous studies. Corrected Acknowledgment: We thank Alexandre Tannous, M.A., M.A., M.Phil., for suggesting the use of overtone-based music in psychedelic sessions. We thank Twig Harper for recommending a subset of selections for the overtone-based playlist. We thank William A. Richards, Ph.D., and Brian D. Richards, Psy.D., for their role in developing the Western classical playlist which had been used in previous studies.",2021,,ACS Pharmacology and Translational Science,4,3,1248,,10.1021/acsptsci.1c00119,,#32855,Strickland 2021,"",Possible RCT
"PC-FACS February 1, 2021","Arnold, R.M.",,2021,,Journal of Pain and Symptom Management,61,4,882-889,,10.1016/j.jpainsymman.2021.02.004,,#32896,Arnold 2021,"",""
Citizen science asking questions of psychedelic microdosing,"Cameron, L.P.",A citizen science approach to research has shown that the improvements in mood and cognition associated with psychedelic microdosing are likely due to a placebo effect.,2021,,eLife,10,"(Cameron L.P., lcameron@ucdavis.edu) University of California, Davis, Davis, United States",,,10.7554/elife.66920,,#32906,Cameron 2021,"",""
The Current Status of Psychedelics in Psychiatry,"Nutt, D.; Carhart-Harris, R.",,2021,,JAMA Psychiatry,78,2,121-122,,10.1001/jamapsychiatry.2020.2171,,#32924,Nutt 2021,"",""
Brain responses during delay discounting in youth at high-risk for substance use disorders,"Butcher, T.J.; Dzemidzic, M.; Harezlak, J.; Hulvershorn, L.A.; Oberlin, B.G.","Offspring of parents with substance use disorders (SUD) discount future rewards at a steeper rate on the monetary delay discounting task (DD) than typically developing youth. However, brain activation during DD has yet to be studied in drug naïve youth with a family history (FH) of SUD. Here, we investigate brain activation differences in high-risk youth during DD. We recruited substance naïve youth, aged 11–12, into three groups to compare brain activation during DD: (1) High-risk youth (n = 35) with a FH of SUD and externalizing psychiatric disorders, (2) psychiatric controls (n = 25) who had no FH of SUD, but with equivalent externalizing psychiatric disorders as high-risk youth, and (3) a healthy control group (n = 24) with no FH of SUD and minimal psychopathology. A whole-brain voxel wise analysis of the [Delay > Baseline], [Immediate > Baseline], and [Control > Baseline] contrasts identified functional regions of interest, from which extracted parameter estimates were tested for significant group differences. Relative to control youth, high-risk youth showed stronger activation in the left posterior insula and thalamus when making delayed choices, and stronger activation of the parahippocampal gyrus when making both delayed and control choices (ps < 0.05). Activation in the left posterior insula negatively correlated with both subscales of the Emotion Regulation Checklist, and positively correlated with the Stroop interference effect (ps < 0.05). Our findings suggest possible heritable SUD risk neural markers that distinguish drug naïve high-risk youth from psychiatric and healthy controls.",2021,,NeuroImage: Clinical,32,"(Butcher T.J.; Hulvershorn L.A., lhulvers@iupui.edu; Oberlin B.G.) Department of Psychiatry, Indiana University School of Medicine, Indianapolis, IN, United States(Dzemidzic M.; Oberlin B.G.) Department of Neurology, Indiana University School of Medicine,",,,10.1016/j.nicl.2021.102772,,#32960,Butcher 2021,"",Possible RCT
"Correction to: The effects of microdose LSD on time perception: a randomised, double-blind, placebo-controlled trial (Psychopharmacology, (2019), 236, 4, (1159-1170), 10.1007/s00213-018-5119-x)","Yanakieva, S.; Polychroni, N.; Family, N.; Williams, L.T.J.; Luke, D.P.; Terhune, D.B.","The manufacturer of the drug product was Onyx Scientific Limited UK, to cGMP standards.",2020,,Psychopharmacology,237,12,3803,,10.1007/s00213-020-05682-x,,#32972,Yanakieva 2020,"",""
Correction: Heart sounds: A pilot randomized trial to determine the feasibility and acceptability of audio recordings to improve discharge communications for cardiology inpatients protocol (Open Heart (2019) 6 (e001062) DOI: 10.1136/openhrt-2019-001062),"","The authors wish to note that Dr. Paul J Barr was the senior author on the project. The correction of this error does not change the results or conclusions of the study, but for clarification, the correct order of authors has been noted below. Stacey L Schott1, Michelle D Dannenberg2, Shayne E Dodge1, Jesse A Schoonmaker2, Molly M Caisse2, A. James O'Malley1, Martha L. Bruce2 and Paul J Barr2 1Department of Cardiovascular Medicine, Dartmouth-Hitchcock Medical Center, Lebanon, New Hampshire, USA 2The Dartmouth Institute for Health Policy and Clinical Practice, Dartmouth College Geisel School of Medicine, Hanover, New Hampshire, USA.",2019,,Open Heart,6,2,,,10.1136/openhrt-2019-001062corr1,,#33147,,"",Possible RCT
Psychedelics for psychological and existential distress in palliative and cancer care,"Rosenbaum, D.; Boyle, A.B.; Rosenblum, A.M.; Ziai, S.; Chasen, M.R.",,2019,,Current Oncology,26,4,225-226,,10.3747/co.26.5009,,#33163,Rosenbaum 2019,"",""
Current status of psychedelic therapy in Australia and New Zealand: Are we falling behind?,"Inserra, A.",,2019,,Australian and New Zealand Journal of Psychiatry,53,3,190-192,,10.1177/0004867418824018,,#33210,Inserra 2019,"",""
Whither palliative care?,"Watt, C.L.; Downar, J.",,2019,,Current Oncology,26,3,164-165,,10.3747/co.26.4803,,#33236,Watt 2019,"",""
Elevated methylation and decreased serum concentrations of BDNF in patients in levomethadone compared to diamorphine maintenance treatment,"Schuster, R.; Kleimann, A.; Rehme, M.-K.; Taschner, L.; Glahn, A.; Groh, A.; Frieling, H.; Lichtinghagen, R.; Hillemacher, T.; Bleich, S.; Heberlein, A.","Brain-derived neurotrophic factor (BDNF) appears to play a crucial role in the reward response to drugs such as heroin. The primary objective of the present study was to examine epigenetic changes and serum levels of BDNF in patients undergoing different opiate-based maintenance treatments. We compared patients receiving treatment with either levomethadone (n = 55) or diamorphine (n = 28) with a healthy control group (n = 51). When comparing all subjects (patients and controls), BDNF serum levels showed a negative correlation with the BDNF IV promoter methylation rate (r = −0.177, p = 0.048). Furthermore, BDNF serum levels negatively correlated with Beck’s Depression Inventory measurements (r = −0.177, p < 0.001). Patients receiving diamorphine maintenance treatment showed slightly decreased BDNF serum levels compared to healthy controls, whereas patients on levomethadone maintenance treatment with or without heroine co-use showed a pronounced decrease (analysis of covariance: control vs. levomethadone with and without heroine co-use: p < 0.0001, diamorphine vs. levomethadone with heroine co-use: p = 0.043, diamorphine vs. levomethadone without heroine co-use: p < 0.0001). According to these findings, methylation of the BDNF IV promoter showed the highest level in patients receiving levomethadone without heroine co-use (linear mixed model: control vs. levomethadone group without heroine co-use: p = 0.008, with heroin co-use: p = 0.050, diamorphine vs. levomethadone group with heroine co-use: p = 0.077 and without heroine co-use: p = 0.015.). For the first time, we show an epigenetic mechanism that may provide an explanation for mood destabilization in levomethadone maintenance treatment.",2017,,European Archives of Psychiatry and Clinical Neuroscience,267,1,33-40,,10.1007/s00406-016-0668-7,,#33462,Schuster 2017,"",Possible RCT
It’s time to take psilocybin seriously as a possible treatment for substance use disorders,"Bogenschutz, M.P.",,2017,,American Journal of Drug and Alcohol Abuse,43,1,4-6,,10.1080/00952990.2016.1200060,,#33469,Bogenschutz 2017,"",""
Psilocybin in end of life care: Implications for further research,"Summergrad, P.",,2016,,Journal of Psychopharmacology,30,12,1203-1204,,10.1177/0269881116675758,,#33502,Summergrad 2016,"",""
"Psycho-existential distress in cancer patients: A return to ""entheogens""","Blinderman, C.D.",,2016,,Journal of Psychopharmacology,30,12,1205-1206,,10.1177/0269881116675761,,#33503,Blinderman 2016,"",""
Psilocybin for depression and anxiety associated with life-threatening illnesses,"McCorvy, J.D.; Olsen, R.H.J.; Roth, B.L.",,2016,,Journal of Psychopharmacology,30,12,1209-1210,,10.1177/0269881116675771,,#33504,McCorvy 2016,"",""
The successful return of psychedelics to psychiatry,"Kleber, H.D.",,2016,,Journal of Psychopharmacology,30,12,1211,,10.1177/0269881116675779,,#33505,Kleber 2016,"",""
The role of psychedelics in palliative care reconsidered: A case for psilocybin,"Kelmendi, B.; Corlett, P.; Ranganathan, M.; D'Souza, C.; Krystal, J.H.",,2016,,Journal of Psychopharmacology,30,12,1212-1214,,10.1177/0269881116675781,,#33506,Kelmendi 2016,"",""
Psilocybin: Promising results in double-blind trials require confirmation by real-world evidence,"Breckenridge, A.; Grobbee, D.E.",,2016,,Journal of Psychopharmacology,30,12,1218-1219,,10.1177/0269881116675784,,#33507,Breckenridge 2016,"",""
Comparison of urine and oral fluid for workplace drug testing,"Casolin, A.","Aims: To determine the relative detection rates of urine versus oral fluid testing in a safety sensitive industry and the correlation with diagnosed substance use disorders and possible impairment at work.Methods: The trial involved 1,500 paired urine and oral fluid tests performed in accordance with Australian Standard/New Zealand Standard (AS/NZS) 4308:2008 and AS 4760:2006. Workers who returned a positive test were screened for substance use disorders, as defined by DSM-5, and for possible impairment at work following that particular episode of substance use.Results: Substances were detected in 3.7% (n = 56) of urine samples and 0.5% (n = 8) of oral fluid samples (p < 0.0001). One worker (0.07%) had a substance detected on oral fluid alone versus 49 workers (3.3%) who had substances detected on urine alone. Twelve workers returned a positive result, defined as being consistent with the use of an illicit drug or a controlled substance without a clinical indication and prescription. Nine workers tested positive on urine alone, one on oral fluid alone and two on both (p = 0.0114). Of note, 6/11 workers who tested positive on urine had possible impairment at work and 2/11 had a substance use disorder versus 2/3 and 0/3, respectively, who tested positive on oral fluid.Conclusions: Urine drug testing performed in accordance with AS/NZS 4308:2008 is more likely to detect overall substance use and illicit drug use than oral fluid testing conducted in accordance with AS 4760:2006. Urine testing performed in accordance with AS/NZS 4308:2008 may also be more likely to detect workers with possible impairment at work and substance use disorders than oral fluid testing performed in accordance with AS 4760:2006.",2016,,Journal of Analytical Toxicology,40,7,479-485,,10.1093/jat/bkw055,,#33533,Casolin 2016,"",Possible RCT
Verbal memory impairment in polydrug Ecstasy users: A clinical perspective,"Kuypers, K.P.C.; Theunissen, E.L.; Van Wel, J.H.P.; De Sousa, E.B.; Perna, F.; Linssen, A.; Sambeth, A.; Schultz, B.G.; Ramaekers, J.G.","Background: Ecstasy use has been associated with short-term and long-term memory deficits on a standard Word Learning Task (WLT). The clinical relevance of this has been debated and is currently unknown. The present study aimed at evaluating the clinical relevance of verbal memory impairment in Ecstasy users. To that end, clinical memory impairment was defined as decrement in memory performance that exceeded the cut-off value of 1.5 times the standard deviation of the average score in the healthy control sample. The primary question was whether being an Ecstasy user (E-user) was predictive of having clinically deficient memory performance compared to a healthy control group. Methods: WLT data were pooled from four experimental MDMA studies that compared memory performance during placebo and MDMA intoxication. Control data were taken from healthy volunteers with no drug use history who completed the WLT as part of a placebo-controlled clinical trial. This resulted in a sample size of 65 E-users and 65 age- and gender-matched healthy drug-naïve controls. All participants were recruited by similar means and were tested at the same testing facilities using identical standard operating procedures. Data were analyzed using linear mixed-effects models, Bayes factor, and logistic regressions. Results: Findings were that verbal memory performance of placebo-treated E-users did not differ from that of controls, and there was substantial evidence in favor of the null hypothesis. History of use was not predictive of memory impairment. During MDMA intoxication of E-users, verbal memory was impaired. Conclusion: The combination of the acute and long-term findings demonstrates that, while clinically relevant memory impairment is present during intoxication, it is absent during abstinence. This suggests that use of Ecstasy/MDMA does not lead to clinically deficient memory performance in the long term. Additionally, it has to be investigated whether the current findings apply to more complex cognitive measures in diverse 'user categories' using a combination of genetics, imaging techniques and neuropsychological assessments.",2016,,PLoS ONE,11,2,,,10.1371/journal.pone.0149438,,#33601,Kuypers 2016,"",Possible RCT
Do magic mushrooms help against depression? Controlled intake of psilocybin in pilot study is effective,"Bruhn, C.",,2016,,Deutsche Apotheker Zeitung,156,24,7,,,,#33620,Bruhn 2016,"",""
Editorial: Are we in need for novel therapeutics in anxiety disorders?,"Khalil, R.B.",,2015,,Current Clinical Pharmacology,10,2,84-85,,10.2174/157488471002150723144817,,#33720,Khalil 2015,"",""
Industry withdrawal from psychiatric medication development,"Klein, D.F.; Glick, I.D.","Between 1950 and 1969, on a serendipitous basis, psychiatric drug development flourished. However, there has been a steep decline in the development of new medication classes. Instead of new molecular entities, slight molecular modifications producing ""me-too"" drugs attempted to garner market share. With failing profitability, industry is now withdrawing from psychiatric medication development. Managed care drastically shortened contact between patients and clinicians, so the possible observation of unexpected benefits has been nullified. The randomized, parallel-groups design met FDA requirements for specific pharmacological efficacy. However, it does not determine whether a patient who improved while drug-treated required the drug or would have gotten better on his own. Further, pathophysiology benefit remains obscure. The major psychotropic drugs have no benefits for normal subjects. Their remarkable benefits must stem from a necessary interaction with a pathophysiological state. Therefore, understanding therapeutic benefit by treating normal subjects becomes unlikely. The claim that therapeutic knowledge in psychiatry proceeds from bench to bedside has proven vacuous, primarily because of our limited understanding of brain pathophysiology. The utility of the alternative intensive design for understanding diagnosis, therapeutic benefit, and pathophysiology is emphasized. © 2014 Associação Brasileira de Psiquiatria.",2014,,Revista Brasileira de Psiquiatria,36,3,259-261,,10.1590/1516-4446-2014-3603,,#33836,Klein 2014,"",Possible RCT
Schizophrenia: Overview and treatment options,"Patel, K.R.; Cherian, J.; Gohil, K.; Atkinson, D.",,2014,,P and T,39,9,638-645,,,,#33864,Patel 2014,"",""
Helping oxytocin deliver: Considerations in the development of oxytocin-based therapeutics for brain disorders,"MacDonald, K.; Feifel, D.",,2013,,Frontiers in Neuroscience,,7 MAR,,,10.3389/fnins.2013.00035,,#33923,MacDonald 2013,"",""
Does COMT genotype influence the effects of d-amphetamine on executive functioning?,"Wardle, M.C.; Hart, A.B.; Palmer, A.A.; De Wit, H.","In a widely cited study, Mattay et al. reported that amphetamine (0.25mg/kg oral, or 17mg for a 68kg individual) impaired behavioral and brain indices of executive functioning, measured using the Wisconsin Card Sorting Task (WCST) and N-Back working memory task, in 6 individuals homozygous for the met allele of the val158met polymorphism in the catechol-O-methyltransferase (COMT) gene, whereas it improved executive functioning in 10 individuals homozygous for the more active val allele. We attempted to replicate their behavioral findings in a larger sample, using similar executive functioning tasks and a broader range of amphetamine doses. Over four sessions, n=200 healthy normal adults received oral placebo, d-amphetamine 5, 10, and 20mg (average of 0.07, 0.15 and 0.29mg/kg), under counterbalanced double-blind conditions and completed WCST and N-back tests of executive functioning. Amphetamine had typical effects on blood pressure and processing speed but did not affect executive functioning. COMT genotype (val158met) was not related to executive functioning under placebo or amphetamine conditions, even when we compared only the homozygous val/val and met/met genotypes at the highest dose of amphetamine (20mg). Thus, we were not able to replicate the behavioral interaction between COMT and amphetamine seen in Mattay et al. We discuss possible differences between the studies and the implications of our findings for the use of COMT genotyping to predict clinical responses to dopaminergic drugs, and the use of intermediate phenotypes in genetic research. © 2012 Blackwell Publishing Ltd and International Behavioural and Neural Genetics Society.",2013,,"Genes, Brain and Behavior",12,1,13-20,,10.1111/gbb.12012,,#33953,Wardle 2013,"",Possible RCT
Effects of stimulant drugs on actual and simulated driving: Perspectives from four experimental studies conducted as part of the DRUID research consortium,"Ramaekers, J.G.; Kuypers, K.P.C.; Bosker, W.M.; Brookhuis, K.A.; Veldstra, J.A.; Simons, R.; Martens, M.; Hjälmdahl, M.; Forsman, A.; Knoche, A.",,2012,,Psychopharmacology,222,3,413-418,,10.1007/s00213-012-2766-1,,#34026,Ramaekers 2012,"",""
Hallucinogen actions on human brain revealed,"Lee, H.-M.; Roth, B.L.",,2012,,Proceedings of the National Academy of Sciences of the United States of America,109,6,1820-1821,,10.1073/pnas.1121358109,,#34079,Lee 2012,"",""
Treatment-resistant OCD: Options beyond first-line medications,"Khalsa, S.S.; Schiffman, J.E.; Bystritsky, A.",,2011,,Current Psychiatry,10,11,44-52,,,,#34117,Khalsa 2011,"",""
Comparison of CVF (cyclophosphamide+vinorelbine+5-fluorouracil) and CMF (cyclophosphamide+methotrexate+5-fluorouracil) adjuvant chemotherapy in early breast cancer,"Gwak, G.; Park, K.; Shin, E.; Han, S.; Kim, J.-Y.; Kim, H.; Kim, Y.D.; Kim, H.J.; Kim, K.W.; Bae, B.N.; Yang, K.H.; Cho, H.; Park, S.-J.","Purpose: Our study aimed to evaluate the feasibility of adjuvant cyclophosphamide/vinorelbine/5-fuorourail (CVF) chemotherapy as an alternative to cyclophosphamide/methotrexate/5-fluoro-uracil (CMF) chemotherapy for treating early breast cancer. Methods: One hundred and forty-nine patients were randomly assigned to CMF or CVF adjuvant chemotherapy for treating their early stage breast cancer between September 2000 and December 2007. The disease-free survival (DFS), the overall survival (OS), and the toxicity profiles of both groups were compared. Results: Sixty-seven patients underwent CMF chemotherapy whereas 82 patients underwent CVF chemotherapy. The DFS and OS were 88 months (95% confidence interval [CI], 76-101 months) and 94 months (95% CI, 83-104 months), respectively for the CMF group, and 97 months (95% CI, 93-101 months), and 101 months (95% CI, 98-104 months), respectively for the CVF group. However, those survival gains of the CVF group were not statistically significant (p-value=0.069 for the DFS and 0.99 for the OS). The CVF group showed a favorable toxicity profile in terms of the grade 3/4 hematologic toxicities as compared to that of the CMF group. Conclusion: Clinical outcome of CVF chemotherapy was comparable to CMF with a favorable toxicity profiles. However, it is difficult to conclude the feasibility of CVF regimen because of small number of studied patients. © 2011 Korean Breast Cancer Society.",2011,,Journal of Breast Cancer,14,3,223-228,,10.4048/jbc.2011.14.3.223,,#34131,Gwak 2011,"",Possible RCT
The influence of depression on treatment for methamphetamine use,"Kay-Lambkin, F.J.; Baker, A.L.; Lee, N.M.; Jenner, L.; Lewin, T.J.","Objective: To determine whether the presence of comorbid depression influences response to psychological treatment for methamphetamine use. Design: Randomised controlled clinical trial. Setting and participants: Our study was conducted between 2001 and 2005 at two sites in Australia: the Hunter Region of New South Wales and the city of Brisbane, Queensland. The 214 participants, who were all using methamphetamine at least once a week in the month prior to the study, were self-referred or referred from health services or drug and alcohol clinical services. Participants were divided into two groups based on whether or not they had depressive symptoms at baseline. Interventions: The control group received only a self-help booklet; the two treatment groups received either two or four counselling sessions involving cognitive behaviour therapy and motivational interviewing techniques to manage methamphetamine use. Main outcome measures: Changes in methamphetamine use and depression at 5 weeks and 6 months after baseline. Results: Over 70% of participants met criteria for depression at baseline, and depression was associated with significantly greater severity of methamphetamine use and related issues. Benzodiazepine use was significantly higher among depressed than non-depressed participants. Reductions in methamphetamine use between baseline and 5 weeks were independently predicted by comorbid depression, in favour of increased change among those with baseline depression. Depressed participants who received three or four counselling sessions showed a significant reduction in depression at 5 weeks. However, reductions in methamphetamine use and depression compared with baseline were no longer evident at 6 months. Conclusions: Over the short term, comorbid depression did not negatively affect response to treatment, with some evidence of a dose-response treatment effect for reduction in depression. This was not maintained at 6 months, indicating that methamphetamine-focused treatment may not enable people with comorbid depression to make sustained improvement at the level of their counterparts without depression.",2011,,Medical Journal of Australia,195,3 SUPPL.,S38-S43,,10.5694/j.1326-5377.2011.tb03264.x,,#34196,Kay-Lambkin 2011,"",Possible RCT
Subjective effects in humans following administration of party pill drugs BZP and TFMPP alone and in combination,"Lin, J.C.; Jan, R.K.; Kydd, R.R.; Russell, B.R.","The use of piperazine derivatives, colloquially named 'party pills', has been escalating in New Zealand and worldwide since their introduction in the 1990s. Benzylpiperazine (BZP) is often used alone, or can be combined with trifluoromethylphenylpiperazine (TFMPP). Taken together as an oral dose, they have been reported to produce effects similar to 3, 4-methylenedioxymethamphetamine (MDMA). While the pharmacokinetic data have recently been published, little research has been conducted on the subjective effects of these piperazines on humans. This paper outlines the subjective effects observed following oral doses of BZP (200 mg) and TFMPP (60 mg) alone, or in combination (100/30 mg) compared to placebo. Participants were asked to comment on the subjective effects of each drug using three subjective rating scales-the Addiction Center Research Inventory (ARCI), the Profile of Mood States (POMS), and the Visual Analog Scales (VAS)-before and approximately 120 min after a single dose. BZP showed significant dexamphetamine-like stimulant effects, inducing euphoria, sociability, and drug liking, whereas TFMPP induced fewer stimulant-like effects and increased anxiety, via its serotonergic effects. The combination of BZP and TFMPP induced similar subjective effects, along with well-characterized dexamphetamine- and MDMA-like effects. These subjective data allow for obvious comparisons to be made between party pill drugs and other commonly known stimulants. However, despite estimates of over 20 million doses sold in New Zealand alone and increasing seizures by the Drug Enforcement Administration in the USA, there are no published cases of dependence worldwide. The long-term effects of regular party pill use are also unknown, and create the potential for future research. © 2011 John Wiley & Sons, Ltd.",2011,,Drug Testing and Analysis,3,9,582-585,,10.1002/dta.285,,#34203,Lin 2011,"",Possible RCT
Is ecstasy an empathogen?,"Scahill, L.; Anderson, G.M.",,2010,,Biological Psychiatry,68,12,1082-1083,,10.1016/j.biopsych.2010.10.020,,#34208,Scahill 2010,"",""
"The effect of staff training on agitation and use of restraint in nursing home residents with dementia: A single-blind, randomized controlled trial","Testad, I.; Ballard, C.; Brønnick, K.; Aarsland, D.","Introduction: Agitation is common in dementia and is associated with use of restraints and use of psychotropic drugs. The aim of this study was to determine whether an education and supervision intervention could reduce agitation and the use of restraints and antipsychotic drugs in nursing homes. Method: Four Norwegian nursing homes were randomly allocated to receive either treatment as usual or an intervention consisting of a 2-day educational seminar and monthly group guidance for 6 months. One hundred forty-five residents with dementia (based on medical records and corroborated with a Functional Assessment Staging score ≥ 4) completed baseline and 6-month intervention assessments and were included in the analyses. The co-primary outcome measures were the proportion of residents subject to interactional restraint and the severity of agitation using the Cohen-Mansfield Agitation Inventory (CMAI). Patients were assessed at baseline, immediately after completion of the intervention at 6 months, and 12 months after baseline. Comparison of change in the 2 groups was made using repeated-measures analysis of variance (CMAI) and Mann-Whitney test (restraints). The study was conducted from 2003 to 2004. Results: The proportion of residents starting new restraint was lower in the intervention than in the control group at 6-month evaluation (P = .02), but no statistically significant differences were found at 12-month assessment (P = .57). The total CMAI score declined from baseline to 6 and 12 months' follow-up in the intervention homes compared to a small increase in the control homes (F 2,176= 3.46, P = .034). There were no statistically significant differences in use of antipsychotic drugs. Conclusions: A brief 2-day staff education program followed by continued monthly guidance was able both to improve quality of care by reducing the frequency of interactional restraints and to reduce severity of agitation. © Copyright 2010 Physicians Postgraduate Press Inc.",2010,,Journal of Clinical Psychiatry,71,1,80-86,,10.4088/JCP.09m05486oli,,#34273,Testad 2010,"",Possible RCT
Issues about the nocebo phenomena in clinics,"Wu, Z.-Y.; Li, K.",,2009,,Chinese Medical Journal,122,9,1102-1106,,10.3760/cma.j.issn.0366-6999.2009.09.017,,#34324,Wu 2009,"",""
Perceptual switch rates with ambiguous structure-from-motion figures in bipolar disorder,"Krug, K.; Brunskill, E.; Scarna, A.; Goodwin, G.M.; Parker, A.J.","Slowing of the rate at which a rivalrous percept switches from one configuration to another has been suggested as a potential trait marker for bipolar disorder. We measured perceptual alternations for a bistable, rotating, structure-from-motion cylinder in bipolar and control participants. In a control task, binocular depth rendered the direction of cylinder rotation unambiguous to monitor participants' performance and attention during the experimental task. A particular direction of rotation was perceptually stable, on average, for 33.5s in participants without psychiatric diagnosis. Euthymic, bipolar participants showed a slightly slower rate of switching between the two percepts (percept duration 42.3s). Under a parametric analysis of the best-fitting model for individual participants, this difference was statistically significant. However, the variability within groups was high, so this difference in average switch rates was not big enough to serve as a trait marker for bipolar disorder. We also found that low-level visual capacities, such as stereo threshold, influence perceptual switch rates. We suggest that there is no single brain location responsible for perceptual switching in all different ambiguous figures and that perceptual switching is generated by the actions of local cortical circuitry. © 2008 The Royal Society.",2008,,Proceedings of the Royal Society B: Biological Sciences,275,1645,1839-1848,,10.1098/rspb.2008.0043,,#34374,Krug 2008,"",Possible RCT
The loss of serendipity in psychopharmacology,"Klein, D.F.",,2008,,JAMA,299,9,1063-1065,,10.1001/jama.299.9.1063,,#34401,Klein 2008,"",""
"Stroke, with or with no ice? Observations on amphetamine for the management of acute stroke","Borlongan, C.V.; Hess, D.C.",,2007,,Journal of Human Hypertension,21,8,594-597,,10.1038/sj.jhh.1002206,,#34443,Borlongan 2007,"",""
Substance abuse trends based on drug-of-choice reports in a forensic population,"Mitchell, J.A.","After a series of research studies were conducted to evaluate various individual psychological constructs in a mid-Michigan prison-diversion work-release program, 212 randomly drawn demographic data sheets from residents were compiled and evaluated for reported drug use trends. The following article examines reported drug-of-choice trends in this population from valid evaluation results. In addition, issues related to current incarceration-related treatment modalities are generally explored, as well as the implications for potential orthomolecular intervention.",2006,,Journal of Orthomolecular Medicine,21,3,161-168,,,,#34512,Mitchell 2006,"",Possible RCT
Reinforcing effects of diazepam under anxiogenic conditions in individuals with social anxiety,"Helmus, T.C.; Tancer, M.; Johanson, C.-E.","Diazepam (DZ) reinforcement was tested under anxiogenic (public speaking) and neutral (computer task) conditions. Individuals with social anxiety disorder (n = 11) and healthy controls (n = 11) participated in two 5-session phases. Each phase used a standard choice procedure (2 sample, 3 choice sessions) comparing 10-mg DZ and placebo. During the public speaking condition, DZ preference was greater among the participants with social anxiety compared with controls (81.8% vs. 36.4%; p < .05). Participants with social anxiety also gave DZ significantly higher crossover values on the multiple choice procedure under the speech condition compared with the computer condition. Subjective effects indicated that DZ reduced anxiety when levels were elevated during the speech in socially anxious participants. These results suggest that DZ reinforcement may occur under conditions of heightened anxiety by bestowing therapeutic efficacy. Copyright 2005 by the American Psychological Association.",2005,,Experimental and Clinical Psychopharmacology,13,4,348-356,,10.1037/1064-1297.13.4.348,,#34556,Helmus 2005,"",Possible RCT
Herbal hype about hypericum?,"Houghton, P.",,2003,,Pharmaceutical Journal,271,7269,458-459,,,,#34686,Houghton 2003,"",""
"Comparative abuse liability and pharmacological effects of meprobamate, triazolam, and butabarbital","Zawertailo, L.A.; Busto, U.E.; Kaplan, H.L.; Greenblatt, D.J.; Sellers, E.M.","Implementation of regulations to control the prescribing of benzodiazepines in New York State in 1989 resulted in a 55% decrease in benzodiazepine prescribing, with a concomitant increase in the rates of prescribing older sedative-hypnotic compounds such as butabarbital (30% increase) and meprobamate (125% increase). In a double-blind, crossover, placebo-controlled study, we compared the behavioral and pharmacological effects of triazolam, meprobamate, and butabarbital in 14 recreational drug users. Placebo and three doses each of triazolam, meprobamate, and butabarbital were administered to each subject in a random order. Objective tests (motor performance, concentration) and subjective response questionnaires measured drug effects. Triazolam, meprobamate, and butabarbital showed comparable negative dose-response slopes on the objective measures. On the basis of these objective data, equivalent doses for the three compounds were determined to be as follows: 0.5 mg triazolam = 2,400 mg meprobamate = 400 mg butabarbital. Subjective effects data on equivalent doses show that butabarbital produced the highest peak score on Cole/ARCI Abuse Potential, ARCI Pentobarbital Chlorpromazine Alcohol Group (PCAG), and ""drug strength"" scales. Triazolam and butabarbital produced equivalent results on ARCI Morphine Benzedrine Group (MBG), Cole/ARCI Euphoria, and ""drug liking"" scales. Meprobamate was indistinguishable from placebo on euphoria and abuse potential scales. Behavioral economics analysis indicated a price crossover point two times higher for butabarbital (400 mg) than for any other drug condition. These data indicate a comparative abuse liability of butabarbital > triazolam ≥ meprobamate, suggesting that the prescribing restrictions on benzodiazepines had little net benefit on abuse risk in the population and may have increased the risk of overdose morbidity and mortality.",2003,,Journal of Clinical Psychopharmacology,23,3,269-280,,10.1097/00004714-200306000-00008,,#34708,Zawertailo 2003,"",Possible RCT
Saccadic peak velocity and EEG as end-point for a serotonergic challenge test,"Gijsman, H.J.; Van Gerven, J.M.A.; Verkes, R.J.; Schoemaker, R.C.; Pieters, M.S.M.; Pennings, E.J.M.; Hessing, T.J.; Cohen, A.F.","We previously reported that a single dose of the serotonin receptor agonist meta-chlorophenylpiperazine increased the peak velocity of saccadic eye movements and decreased low-frequency electroencephalographic activity. Methods. We administered a single dose of the serotonin releaser dexfenfluramine in a double blind, placebo controlled randomised cross-over design and measured saccadic eye movements and EEG every hour up to 6 h. Subjects were 62 males (18-30 years) with a history of no, moderate or heavy use of ecstasy tablets. Results. Dexfenfluramine increased saccadic peak velocity and decreased alpha, delta and theta electroencephalographic activity, the latter predominantly in heavy users of ecstasy. Conclusions. This study supports the idea that saccadic peak velocity and EEG can be useful endpoints of a serotonergic challenge. This could be an important anatomical extension of these end-points, which until now were limited to the effect on hypothalamic serotonergic projections. Copyright © 2002 John Wiley & Sons, Ltd.",2002,,Human Psychopharmacology,17,2,83-89,,10.1002/hup.374,,#34777,Gijsman 2002,"",Possible RCT
"Study of poisoning in adults at Poison Control Center, Loqman Hakeem Hospital, Tehran, Iran","Vatandoost, H.; Mirakbari, S.M.",,2002,,Anil Aggrawal's Internet Journal of Forensic Medicine and Toxicology,3,1,,,,,#34791,Vatandoost 2002,"",""
Effects of Banisteriopsis caapi extract on Parkinson's disease,"Serrano-Dueñas, M.; Cardozo-Pelaez, F.; Sánchez-Ramos, J.R.","A substance extracted from the Amazonian vine Banisteriopsis caapi was shown in the 1920s to alleviate parkinsonism. These pioneering studies were criticized and forgotten for a number of reasons, including questions as to the identity of the active agent and failure to conduct strictly controlled studies. We now report the first double-blind, randomized placebo-controlled trial of a Banisteriopsis caapi (BC) extract for treatment of Parkinson's disease (PD). A single dose of BC administered to de novo PD patients resulted in significant improvement in motor function evidenced by decline in the Unified Parkinson's Disease Rating Scale (UPDRS) score. The beneficial effects were maximal by the second hour and persisted until the last evaluation of the patients at 4 hours. However, tremor was not improved and in some patients tremor was exacerbated. All patients also experienced a degree of transient nausea or vomiting. We measured the concentrations of the putative active agents (harmine, harmaline, and tetrahydroharmaline), and hypothesize that the beneficial effects were primarily due to glutamate receptor antagonist actions of the harmalines.",2001,,Scientific Review of Alternative Medicine,5,3,127-132,,,,#34830,Serrano-Dueñas 2001,"",Possible RCT
Working memory deficits in current and previous users of MDMA ('ecstasy').,"Wareing, M.; Fisk, J.E.; Murphy, P.N.","Current and previous users of the drug MDMA ('ecstasy') were tested on measures of central executive functioning, information processing speed, and on self-report measures of arousal and anxiety. The results were compared with those for a control group who did not use MDMA. Relative to the control group, both user groups were found to be impaired in some aspects of central executive functioning. Also, there were significant group differences on the measures of anxiety (users were more anxious) and on arousal (previous users scoring higher on the arousal measure relative to current users). Users processed information as quickly as non-users but less accurately. Some possible mediators of the above group differences are discussed.",2000,,"British journal of psychology (London, England : 1953)",91,"(Wareing M.; Fisk J.E.; Murphy P.N.) Centre for Studies in the Social Sciences, Edge Hill College of Higher Education, Ormskirk, UK.", Pt 2/,,,,#34872,Wareing 2000,"",Possible RCT
The effect of citalopram treatment on platelet serotonin function in panic disorders,"Neuger, J.; Wistedt, B.; Sinner, B.; Åberg-Wistedt, A.; Stain-Malmgren, R.","We investigated the effect of the selective serotonin reuptake inhibitor (SSRI) citalopram after 6-8 weeks and 6 months of treatment on clinical and peripheral indexes for central serotonergic function: platelet [14C]serotonin uptake and [3H]paroxetine- and [3H]LSD-binding to platelets membranes in 33 patients with panic disorder. Basal data from patients were compared with data from a control material consisting of 33 healthy volunteers. B(max) for platelet [3H]paroxetine binding was significantly lower in patients than in controls. There were no differences in serotonin uptake or [3H]LSD-binding between patients and controls. The degree of anxiety and depression was assessed using the Beck Anxiety Inventory (BAI) and Beck Depression Inventory self-assessment scales, and the Clinical Anxiety Scale and the Montgomery Asberg Depression Rating Scale for clinical evaluation. Complete remission was found in one third of the patients after 6-8 weeks and in two-thirds after 6 months of treatment. The reduction in assessment scores was parallelled with similar reductions in platelet 5-HT2-receptor density, [3H]LSD affinity variable (K(d)) and V(max) for platelet [14C]5-HT uptake. Citalopram treatment did not alter B(max) and K(d) for platelet [3H]paroxetine-binding. A positive correlation was found between V(max) for the platelet [14C]5-HT uptake and BAI after 6 months citalopram treatment. The present study shows that citalopram has a therapeutic effect in panic disorders. A prerequisite of responding to treatment might be plasticity in the serotonergic system. (C) 2000 Lippincott Williams and Wilkins.",2000,,International Clinical Psychopharmacology,15,2,83-91,,10.1097/00004850-200015020-00004,,#34874,Neuger 2000,"",Possible RCT
Lasting psychological sequelae of recreational use of MDMA ('ecstasy'): Controlled studies in humans,"Morgan, M.J.",,1998,,Journal of Psychopharmacology,12,1,101-102,,,,#34939,Morgan 1998,"",""
Platelet serotonergic indices in major depression: Up-regulation of 5-HT(2A) receptors unchanged by antidepressant treatment,"Hrdina, P.D.; Bakish, D.; Ravindran, A.; Chudzik, J.; Cavazzoni, P.; Lapierre, Y.D.","This study examined, in the largest sample of major depressives reported so far, platelet serotonergic parameters (5-HT uptake, [3Hlparoxetine binding and 5-HT(2A) receptors measured by [3H]LSD binding) in 60 antidepressant-free depressed patients and 40 age- and gender-matched control subjects before treatment, and in 45 major depression patients during treatment with antidepressants. We found that, at baseline, the density (B(max)) of 5-HT(2A) receptors was significantly higher (by 39%) in depressed patients than in controls. Suicidal patients had significantly higher B(max) values than controls or non-suicidal patients. The rate of serotonin uptake (V(max)), but not the uptake at a single concentration, was significantly higher in depressed patients, particularly in females. There was no significant difference between the K(d) or B(max) of [3Hlparoxetine binding in control and depressed subjects. Treatment with antidepressant drugs of different pharmacological profile had no significant effect on the density of 5-HT(2A) receptors, nor did the receptor number predict the response to treatment. The affinity of serotonin uptake site for 5-HT and [3H]paroxetine significantly decreased during treatment with antidepressants, particularly SSRIs. Suppression of 5-HT uptake correlated with decreases in Hamilton depression (HAMD) scores. Our data suggest that the increased density of platelet 5-HT(2A) receptors may be associated with untreated major depression in antidepressant-free depressed patients, in particular those with suicidal thoughts. The persistence after antidepressant treatment and clinical improvement would suggest that up-regulation of 5-HT(2A) receptors is a trait rather than state phenomenon. Correlation of 5-HT uptake suppression with decreases in HAMD scores suggests that serotonin uptake inhibition is a relevant factor in antidepressant drug effect and clinical improvement.",1997,,Psychiatry Research,66,2-3,73-85,,10.1016/S0165-1781(96)03046-6,,#34963,Hrdina 1997,"",Possible RCT
Propofol at a subanesthetic dose may have abuse potential in healthy volunteers,"Zacny, J.P.; Lichtor, J.L.; Thompson, W.; Apfelbaum, J.L.","We conducted a study in which the rewarding effects of propofol were assessed in humans, using a discrete-trials choice procedure. Normal healthy volunteers (n = 12) were exposed in a blind fashion to acute bolus injections of 0.6 mg/kg of propofol twice and to a similar volume of Intralipid® twice. Then, for the next three sessions, subjects chose which drug (identified by a color code) they wished to receive. We defined propofol choosers if individuals chose propofol two or three times, and nonchoosers if they chose propofol once or not at all. By using a χ2 goodness-of-fit test of a random choice model, the choice distribution differed significantly from a random choice distribution (P < 0.005). Six subjects were choosers: four subjects chose propofol on all three choice occasions and two subjects chose the drug on 2/3 occasions (referred to hereafter as propofol choosers). Six subjects were nonchoosers: five subjects chose Intralipid® on all three choice occasions, and one subject chose Intralipid® twice (referred to hereafter as propofol nonchoosers). During sampling sessions, propofol choosers reported pleasant acute effects and no unpleasant residual effects, whereas propofol nonchoosers reported either unpleasant acute subjective effects and/or residual effects from propofol. We conclude that 1) propofol may be rewarding (reinforcing) in some individuals without a history of drug abuse, and 2) further abuse liability testing is needed with this drug.",1993,,Anesthesia and Analgesia,77,3,544-552,,10.1213/00000539-199309000-00020,,#35032,Zacny 1993,"",Possible RCT
Preliminary results of a randomized study of intrahepatic infusion versus systemic infusion of 5-fluoro-2'-deoxyuridine for metastatic colorectal carcinoma.,"Kemeny, N.; Daly, J.",,1986,,Recent results in cancer research. Fortschritte der Krebsforschung. Progrès dans les recherches sur le cancer,100,(Kemeny N.; Daly J.),171-178,,,,#35065,Kemeny 1986,"",""
"The use of MK-801, a novel sympathomimetic, in adults with attention deficit disorder, residual type","Reimherr, F.W.; Wood, D.R.; Wender, P.H.",,1986,,Psychopharmacology Bulletin,22,1,237-242,,,,#35070,Reimherr 1986,"",""
Long-term benzodiazepine therapy: Benefits and risks,"Rickels, K.; Case, G.W.; Winokur, A.; Swenson, C.",,1984,,Psychopharmacology Bulletin,20,4,608-615,,,,#35084,Rickels 1984,"",""
Psychotropic drugs,"Hanks, G.W.",,1984,,Clinics in Oncology,3,1,135-151,,,,#35088,Hanks 1984,"",""
Biochemical methods in the treatment of sexual disorders,"Schmidt Jr., C.W.","Future biochemical treatment of sexual disorders will follow developments in brain neurochemistry and will bring about combinations of psychopharmacologic methods. However, the success in creating multimodal treatments will require interdisciplinary collaboration.",1980,,Psychiatric Clinics of North America,3,1,189-199,,10.1016/s0193-953x(18)30984-5,,#35121,SchmidtJr 1980,"",""
On the arousing effect of hallucinogens or who is who under psilocybin,"Fischer, R.","The arousing effect of hallucinogens on limbic structures as well as on brain stem reticular formation depend upon optimal sensory input. 'Minimizers' or 'reducers' of sensory input (i.e. subjects who also display a large standard deviation on perceptual-behavioral tasks) and 'maximizers' or 'augmenters' of sensory input (who are stable subjects with a small standard deviation) prefer to adjust sensory input at drug peak in relation to their higher and lower baselines of arousal. Hence, at hallucinogenic drug peak and in an environment of sensory attenuation maximizers, being unable to optimize (i.e., increase) sensory input, will not develop a hallucinatory experience. Minimizers, on the other hand, being already provided with an optimal (low) sensory input, will have a hallucinogenic experience. A psilocybin experience described by Robert Graves is quoted to exemplify the above observations and to illustrate them.",1979,1980,Journal of Altered States of Consciousness,5,4,321-324,,,,#35124,Fischer 1979,"",Possible RCT
The biochemistry of schizophrenia,"Crow, T.J.",,1978,,British Journal of Hospital Medicine,20,5,532-544,,,,#35140,Crow 1978,"",""
Endogenous ligands of a putative LSD-serotonin receptor in the cerebrospinal fluid: higher level of LSD-displacing factors (LDF) in unmedicated psychotic patients,"Mehl, E.; Ruether, E.; Redemann, J.","In human cerebrospinal fluid substances were detected that are capable of reversibly displacing the hallucinogen d-lysergic acid diethylamide (LSD) from its high-affinity binding sites in neuronal membranes. The binding sites may represent a specific type of LSD-serotonin receptor protein. The LSD-displacing factors (LDF) occur physiologically in concentrations high enough to interact with the putative LSD-serotonin receptors. The LDF can be separated from proteins and inorganic salts. LDF was found to be clearly different from endogenous indoleamine ligands such as serotonin, being anionic at pH 7.4. The LDF concentration was assayed in the cerebrospinal fluid of 49 nonpsychotic and of 19 acute psychotic patients before 30 days therapy with the antipsychotic drugs haloperidol or clozapine. LDF concentration was found to be significantly higher (P <0.001) in the group of unmedicated acute psychotic patients (5.55 U/ml) in comparison to the control group (3.56 U/ml). Within this group of acute psychotic patients, a high positive correlation was found between concentration of LDF and clinical improvement (r = 0.650). Thus, a nosological subgroup was traced out, characterized by both a higher concentration of LDF and a higher responsiveness to antipsychotic drugs (P <0.01). Ratings of clinical improvement and determinations of the concentration of LDF before drug therapy were performed in double blind doubleblind study. Since antipsychotic drugs act on dopamine receptors and LDF acts on putative serotonin receptors, dopamine and serotonin receptors may both be affected in the psychotic state. A working hypothesis is offered that links the dopamine and the serotonin hypotheses.",1977,,Psychopharmacology,54,1,9-16,,10.1007/BF00426533,,#35157,Mehl 1977,"",Possible RCT
Comparison of sulindac and aspirin in rheumatoid arthritis,"Reynolds, P.M.G.; Rhymer, A.R.; MacLeod, M.M.; Buchanan, W.W.","Thirty-one out-patients with rheumatoid arthritis took part in a 10 week double-blind comparison of sulindac (cis-5-fluoro-2-methyl-1-[p-(methylsulphinyl)- benzylidene]-indene-3-acetic acid) 200 mg twice daily and aspirin 3.6 g daily, with a 2-week placebo control period. Both drugs were superior to placebo. The incidence of side-effects was approximately the same on the two drugs, but there was a higher drop-out rate due to side-effects on aspirin.",1977,,Current Medical Research and Opinion,4,7,485-491,,,,#35162,Reynolds 1977,"",Possible RCT
Neurochemical aspects of the euphoria induced by dependence producing drugs,"Engel, J.",On the basis of both animal experiments and human studies it is suggested that a relationship may exist between the stimulatory and euphoriant effects of dependence producing drugs (primary reinforcing property) and their effect on central catecholamine mechanisms.,1977,,"EXCERPTA MEDICA,AMSTERDAM,ICS",No. 407,"(Engel J.) Dept. Pharmacol., Univ. Goteborg",16-22,,,,#35163,Engel 1977,"",""
Unwanted effects of psychotropic drugs. I. Some general considerations,"Edwards, J.G.",,1977,,Practitioner,218,1306,556-562,,,,#35164,Edwards 1977,"",""
Psychedelic drug (DPT)-assisted psychotherapy with alcoholics: a controlled study,"Rhead, J.C.; Soskin, R.A.; Turek, I.","Although LSD seems to hold substantial promise as an adjunct to the treatment of alcoholics when properly employed, some aspects of the nature of the responses to this compound require that certain specialized procedures be used in conjunction with it. First, the duration of the reaction to a high dose of the drug runs from 8 to 12 hr. This makes attendance by the psychotherapist for the entire course of the drug action a rather prolonged affair. Second, the termination of drug effects is quite gradual with LSD; the patient often experiences a period of several hours when the effects abate and then return in a wave-like fashion. Although some subjects find this an enjoyable and/or therapeutically productive period, many others would elect to do without it if given the option. The results of this study are somewhat complex, and defy simple interpretation or summary. Differential treatment effects on the whole were not strong, as shown by the relatively small number of significant F ratios emerging from the various analyses of covariance done on the post-treatment and follow-up data. While the DPT group seemed to have some advantage on the positive outcome measures at the post-treatment point, followed by the CT group, this difference was not found on the negative outcome measures at the same time. Finally, what advantage the DPT group did seem to manifest at the post-treatment point was forfeited to the CT group at the 6-mth follow-up point, producing a difference on the SHQ scales in favor of the CT group that became even more pronounced at the 12-mth point.",1977,,Journal of Psychedelic Drugs,9,4,287-300,,,,#35173,Rhead 1977,"",Possible RCT
Biochemical changes associated with drug produced alterations in motor function and the psyche: a possible underlying mechanism,"Messiha, F.S.; Larson, J.W.",,1977,,Proceedings of the Western Pharmacology Society,Vol. 20,"(Messiha F.S.; Larson J.W.) Dept. Pharmacol. Therapeut., Sch. Med., Texas Tech Univ., Lubbock, Tex. 79409",297-301,,,,#35175,Messiha 1977,"",""
Psychotropic drugs in dermatologic practice,"Crayton, J.W.; Freedman, D.X.",,1977,,International Journal of Dermatology,16,6,512-519,,,,#35177,Crayton 1977,"",""
The psychotropic effects of atenolol in normal subjects. Preliminary findings.,"Betts, T.A.; Blake, A.","A comparative study of the effects of atenolol, chlordiazepoxide and placebo on the subjective feelings of normal young women showed that atenolol significantly induced feelings of relaxation and well-being in these subjects as did chlordiazepoxide. Unlike chlordiazepoxide, however, atenolol had no sedative effect. Objective assessment of the subjects confirmed these findings. It is suggested that atenolol may be particularly suitable for the symptom-free hypertensive patient and that further studies should be undertaken into whether it has a central action in the nervous system and into its effects on clinically anxious patients.",1977,,Postgraduate Medical Journal,53,suppl. 3,151-156,,,,#35180,Betts 1977,"",Possible RCT
Evaluating antianxiety agents in humans: experimental paradigms,"Uhlenhuth, E.H.","Conventional clinical trials using parallel groups are relatively insensitive to the effects of psychotropic drugs, especially antianxiety agents. Experimental paradigms based on the single organism research strategy offer an alternative. A free operant avoidance procedure clearly distinguished representative psychotropic compounds, including diazepam and pentobarbital, in normal subjects, and a multiple crossover procedure clearly detected antianxiety effects of diazepam in 11 psychoneurotic patients and antipsychotic effects of chlordiazepoxide in individual schizophrenic patients. Such procedures may serve to evaluate the effectiveness of therapeutic interventions in clinical practice as well as in research.",1977,,American Journal of Psychiatry,134,6,659-662,,10.1176/ajp.134.6.659,,#35184,Uhlenhuth 1977,"",Possible RCT
Screening procedures in volunteers and patients,"Tyrer, P.J.",,1976,,British Journal of Clinical Pharmacology,3,Sup1,35-40,,,,#35188,Tyrer 1976,"",""
Some physiological effects of psychotropic drugs,"Oswald, I.; Brezinova, V.",,1976,,British Journal of Clinical Pharmacology,3,Sup1,45-49,,,,#35189,Oswald 1976,"",""
Emotional response to intravenous Δ9tetrahydrocannabinol during oral surgery,"Gregg, J.M.; Small, E.W.; Moore, R.","Oral surgery patients premedicated with intoxicating doses of an intravenous marijuana compound, Δ9tetrahydrocannabinol (Δ9THC), showed pronounced elevations of anxiety states in comparison to control, placebo, or diazepam responses (P<0.01). Autonomic functions and tendencies for syncopal hypotension were also increased beyond those in controls. Δ9THC exerted no measurable effects on pain tolerance thresholds. However, noxious stimuli were perceived by patients as significantly more 'painful'. The predominant mood experience was dysphoria with psychotic like swings from dysphoria to euphoria, transient panic and paranoia, depersonalization, time disintegration, and perceptual illusions. All of these appeared to be intensified by the stress of surgery. Despite the adverse emotional experience, the patients' overt behavior did not translate the intensity of the experience to the surgeon. Surgeons should be warned that marijuana combined with mild surgical stress, even among healthy well adjusted men, may lead to psychophysiologic complications.",1976,,Journal of Oral Surgery,34,4,301-313,,,,#35194,Gregg 1976,"",Possible RCT
The case against use of psychotropic drugs in general practice,"Harris, C.M.",,1976,,Update,12,9,1031-1037,,,,#35196,Harris 1976,"",""
The case for the appropriate use of psychotropic drugs in general practice,"Wheatley, D.",,1976,,Update,12,10,1137-1143,,,,#35197,Wheatley 1976,"",""
Insomnia and hypnotics,"Lader, M.H.",,1976,,Update,13,1,11-16,,,,#35202,Lader 1976,"",""
Bioequivalency and pharmacodynamics of psychotropic drugs based on computer analyzed EEG,"Itil, T.M.",,1976,,Psychopharmacology Bulletin,12,4,60-61,,,,#35206,Itil 1976,"",""
Comparative psychotropic effects of metoclopramide and prochlorperazine in normal subjects,"Nakra, B.R.S.; Bond, A.J.; Lader, M.H.","The results suggest that neither metoclopramide nor prochlorperazine produce marked psychotropic effects. Although the authors used single doses, with their obvious limitations, both drugs are often given in this way as antiemetics. In such dosage they appear quite safe and unlikely to produce extrapyramidal effects. However, in view of the consistent reports of lethargy with both drugs, it is recommended that patients should not drive or operate dangerous machinery after taking either drug.",1975,,Journal of Clinical Pharmacology,15,5-6,449-454,,,,#35216,Nakra 1975,"",Possible RCT
Fenfluramine in man: hypophagia associated with diminished serotonin turnover,"Shoulson, I.; Chase, T.N.","A double blind trial of orally administered fenfluramine was conducted in 7 nonobese adults with various neurological disorders. Caloric intake and body weight fell significantly after 8 days of treatment although there was no definite change in appetite ratings. Average central turnover of serotonin, as estimated by the cerebrospinal fluid (CSF) accumulation of 5 hydroxyindoleacetic acid (5 HIAA) during probenecid loading, decreased by 66%. No significant change in homovanillic acid, the major dopamine product, was apparent. The results support the contention that the effect of fenfluramine on human dietary intake may be mediated by alterations in serotonergic rather than dopaminergic mechanisms.",1975,,Clinical Pharmacology and Therapeutics,17,5,616-621,,,,#35217,Shoulson 1975,"",Possible RCT
"Arousal and performance: the ubiquitous inverted u relationship. Comparison of changes in response latency and arousal level in normal subjects induced by CNS stimulants, sedatives and tranquillizers","Parrott, A.C.; Hindmarch, I.","The present experiment investigates the relation between performance on a complex choice reaction time task and arousal where the changes in level of arousal are produced by 8 different drugs. Within the limits of this experiment it has been demonstrated that drug induced changes in arousal relate to associated changes in performance via an inverted U function. This inverted U relation implies that the direction and magnitude of the effects of a drug on performance are dependent upon the extent and direction in which the drug produces an arousal change and the initial arousal level of the individual subject. For example, a given increase in arousal will reduce performance scores in subjects with a high initial arousal level while the same increase in arousal would increase performance in subjects with initially low arousal levels.",1975,,IRCS MED.SCI.CLIN.PHARMACOL.THER.,3,4,176,,,,#35218,Parrott 1975,"",Possible RCT
Non specific factors in psychopharmacotherapy,"Krakowski, A.J.",,1975,,Psychosomatics,16,3,132-134,,10.1016/S0033-3182(75)71196-9,,#35224,Krakowski 1975,"",""
Neuropsychological deficits in 'primary' and 'secondary' non medical drug users,"Trites, R.","An extensive neuropsychological test battery, specifically designed to investigate brain behavior relationships, was administered to two groups of multiple drug users. The 'primary' group consisted of subjects referred fundamentally on account of drug abuse problems. The 'secondary' group was referred principally for neurological reasons, but during history taking they reported drug use. Fifty patients, in all, were examined. Results showed that people who have received psychiatric care for drug abuse and who had started using drugs at an earlier age ('primary' group) and fewer adaptive resources and limited psychometric and academic achievement skills. This effect cannot be attributed to personality differences. Both groups had noticeably greater difficulties on motor tests, fine manipulative skills, and Halstead's Impairment Index when compared with a normal control group matched for age and sex.",1975,,Canadian Psychiatric Association Journal,20,5,351-357,,10.1177/070674377502000504,,#35225,Trites 1975,"",Possible RCT
Evaluation of combined pharmacological and psychotherapeutic treatment in patients with functional abdominal disorders,"Schonecke, O.W.; Schueffel, W.","78 patients suffering from various functional abdominal complaints have been treated in a 2 x 2 double blind design: psychotherapy with Ro 5 3350 (TH/Ro); psychotherapy with placebo (TH/P); Ro 5 3350 without psychotherapy (NTH/Ro); placebo without psychotherapy (NTH/P). Results show that a considerable amount of improvement cannot be ascribed to the two critical factors or the interaction of both, but are due to unspecific influences in the course of treatment. Some of the results concerning the combination of TH and the psychotropic drug pose interesting questions for further research and bare implications for double blind trials of psychotropic drugs. The results suggest that possibly properties of any psychotropic drug have to be related to a doctor patient relationship within which the personal problems of the patient are dealt with. In order to evaluate such properties, special methodological precautions have to be taken. These will be briefly discussed.",1975,,Psychotherapy and Psychosomatics,26,2,86-92,,10.1159/000286915,,#35231,Schonecke 1975,"",Possible RCT
Psychophysiological aspects of psychopharmacology,"Lader, M.H.",,1975,,EXCERPTA MEDICA,ICS No.359,"(Lader M.H.) Inst. Psychiat., Univ. London",168-175,,,,#35232,Lader 1975,"",""
Psychotropic drugs and the 'anti depressed' personality,"Mayer, D.Y.",,1975,,British Journal of Medical Psychology,48,4,349-357,,10.1111/j.2044-8341.1975.tb02341.x,,#35234,Mayer 1975,"",""
Interhemispheral difference in the drug effect on the EEG,"Hynek, K.; Tosovsky, J.; Susova, J.; Faber, J.","In the present quantitative study, the authors tried to determine whether there was any different effect of psychotropic drugs on EEG activity in the right and left hemisphere. The effect of a combination of 15 mg diazepam and 15 mg methylphenidate in a single dose to volunteers was observed. The sample consisted of 20 righthanded (mean age 22 yr) and 20 lefthanded subjects (mean age 22 yr). Records were made 45 min after the application of the drugs or placebo. The resting record was studied in a monopolar lead from the frontal, central, parietal, occipital and temporal areas in the right and left hemisphere on a 16 channel electroencephalograph (Ahredvan Gogh) by means of an integrator for the frequency bands delta, theta, alpha, beta. 10 Artefact free 5 sec epochs of integration were selected from each of the 10 areas. A total of 32,000 integrated values were measured. The values were analyzed with the t-test, discrimination analysis, factor analysis and the index of similarity. The discrimination analysis showed that in both samples, the combined application of methylphenidate and diazepam reduced alpha, theta and delta activity and increased beta activity.",1975,,Activitas Nervosa Superior,17,4,291-292,,,,#35235,Hynek 1975,"",Possible RCT
Possibility of predicting the effect of psychotropic drugs on the EEG,"Tosovsky, J.; Hynek, K.","On the basis of the mathematical method given, it is possible to determine over which brain area maximal changes are to be expected due to the action of psychotropic drugs. It is also possible to calculate to what extent the changes observed are due to the action of the drug. According to the authors measurements the results correspond to a maximum of 30 to 40%.",1975,,Activitas Nervosa Superior,17,4,293,,,,#35236,Tosovsky 1975,"",""
Ethnic differences in response to psychoactive drugs: fact or artifact,"Downing, R.W.; Rickels, K.",,1974,,Psychopharmacology Bulletin,1,4,64-65,,,,#35249,Downing 1974,"",""
Effects of marihuana on contingent negative variation and reaction time,"Braden, W.; Stillman, R.C.; Wyatt, R.J.","Contingent negative variation (CNV) and reaction time were measured in 12 subjects after they smoked placebo and marihuana cigarettes. Change in CNV amplitude after smoking marihuana was negatively correlated (r = -.83) with subjects' ratings of their 'high', and not significantly correlated with change in reaction time. The results suggest that the relationship of CNV amplitude to marihuana dose is probably in the form of an inverted U. The CNV amplitude may reflect attentional effort or level of interest rather than efficiency of attentional performance, as measured by reaction time.",1974,,Archives of General Psychiatry,31,4,537-541,,,,#35255,Braden 1974,"",Possible RCT
Computer prediction of psychotropic drug assignment in state mental facilities: effect of eliminating alcoholics from the study sample,"Altman, H.; Evenson, R.C.; Sletten, I.W.; Dong Won Cho,","A previous study on assignment of 4 major categories of psychotropic drugs to psychiatric inpatients generated the hypothesis that patients assigned minor tranquilizers consisted of 2 distinct subgroups, one of which consisted of diagnosed alcoholics. The present study confirmed that hypothesis. More importantly, it found that minor tranquilizer assignment to non alcoholic inpatients was a virtually random procedure. The general ability of predicting psychotropic drug assignment via a statistical model was nevertheless supported. (11 references.)",1974,,Disease of the Nervous System,35,11,505-508,,,,#35258,Altman 1974,"",Possible RCT
Pipradrol in mild depression: A controlled study,"Rickels, K.; Schneider, B.; Pereira Ogan, J.A.","A double blind placebo controlled trial of pipradrol (5.0 to 7.5 mg day) was conducted with 111 mildly to moderately depressed patients treated in nonpsychiatric practice. Only a few patient but no physician measures indicated any superiority for pipradrol over placebo in the 80 patients who completed the study, and this occurred only in those patients who were initially more depressed. Pipradrol caused significantly more side effects, particularly stimulatory and autonomic effects, and was associated with significantly more anorexic effects and weight loss than placebo. Present results thus suggest at the most only limited efficacy for pipradrol in the treatment of depressed outpatients.",1974,,Journal of Clinical Pharmacology,14,2-3,127-133,,,,#35268,Rickels 1974,"",Possible RCT
The relationship of diagnosis and target symptoms to psychotropic drug assignment,"Evenson, R.C.; Altman, H.; Cho, D.W.; Sletten, I.W.",,1974,,Comprehensive Psychiatry,15,2,173-178,,,,#35269,Evenson 1974,"",""
Oral pentazocine,"Forrest Jr, W.H.","In the 5 yr since its approval by the FDA, oral pentazocine has had extensive clinical use. It is an effective oral analgesic for both acute and chronic pain. Its other effects are similar in incidence and severity to most oral analgesics, with the exception of low incidence, but disturbing, psychotomimetic effects, and its abuse potential is low.",1974,,Annals of Internal Medicine,81,5,644-646,,10.7326/0003-4819-81-5-644,,#35275,ForrestJr 1974,"",""
Measuring effects of psychoactive medication in a child with a learning disability,"Carpenter, R.L.; Sells, C.J.",,1974,,Journal of Learning Disabilities,7,9,545-550,,10.1177/002221947400700903,,#35276,Carpenter 1974,"",""
Psychiatric complications of drug therapy,"McClelland, H.A.",,1973,,Adverse Drug Reaction Bulletin,41,"(McClelland H.A.) Newcastle Univ. Hosp., Newcastle upon Tyne",132-135,,10.1097/00012995-197308000-00001,,#35282,McClelland 1973,"",""
Comparative study of a psychoactive drug in the control of postpartum pain,"Moggian, G.; Cervellati, I.; Tamburini, E.","To test their hypothesis that postpartum pain may be better controlled by giving the woman a better perception about this particular time in her life, the authors made a comparative study using 3 different drugs and placebo on 119 postpartum patients. The drugs considered in the trial were: a psychoactive preparation, a common analgesic and a barbiturate. The results proved that psychoactive drugs are more effective in fighting this particular kind of pain.",1973,,Minerva Ginecologica,25,6,360-363,,,,#35283,Moggian 1973,"",Possible RCT
Psychoactive drug induced changes of interhemispheric EEG amplitude relationships,"Goldstein, L.; Stoltzfus, N.W.","Analyses of the EEG amplitude levels (integrative method) in the right (R) and left (L) occipital areas of human subjects reveal that there exists in most subjects a R/L difference, and that certain psychoactive drugs can change the relationships which prevail under normal conditions (lateralization). Stimulants tend to decrease interhemispheric differences while, on the contrary, following drug induced euphoria, these differences are increased. Hallucinogens can reverse lateralization; neuroleptics produce a decrease in the variability of amplitude ratios. Sedatives, minor tranquillizers and placebo are without effect. With hallucinogenic drugs, changes similar to those occurring in man have also been obtained in rabbits.",1973,,Agents and Actions,3,2,124-132,,10.1007/BF01986546,,#35284,Goldstein 1973,"",Possible RCT
Psychoticism: A study of its biological basis in normal subjects,"Claridge, G.S.; Chappa, H.J.","Starting from the viewpoint that the psychoses represent extreme forms of personality deviation, a study of the psychophysiological correlates of psychoticism in normal subjects was undertaken, using Eysenck's new PEN scale to select three groups of individuals: high P scorers, high N scorers and low N scorers. The research strategy used was to examine, in each of these three groups, the covariation between the two flash threshold and skin conductance. This method was derived from previous work showing that what is uniquely different about psychotic patients is that they differ not on any single psychophysiological parameter but in the way in which different measures, including those studied here, covary. A specific comparison was made with a previous study showing that, in normal subjects given LSD-25, two flash threshold and electrodermal level were related in a U-shaped fashion, compared with the conventional inverted U function found in the same subjects under placebo. In the present study a U function, similar to that observed under LSD-25, was evident in high P subjects, this contrasting markedly with the performance found in high N subjects. The difference between high N and high P subjects was particularly obvious in the low range of autonomic arousal, where the groups showed correlations between two flash threshold and skin conductance which were significant but opposite in sign. Surprisingly, over this low range, low N subjects closely resembled high P individuals. This latter finding was considered to support the view that, in some people, low reported neuroticism may reflect the emotional blunting associated with certain forms of psychotic personality not measured by the Eysenck P scale, which seems mainly concerned with paranoid characteristics. In general, it was concluded that the results provide evidence for psychoticism as a normal personality dimension having, as its biological basis, a particular kind of nervous typological organization seen, in its extreme form, in the psychotic disorders.",1973,,British Journal of Social and Clinical Psychology,12,2,175-187,,10.1111/j.2044-8260.1973.tb00864.x,,#35285,Claridge 1973,"",Possible RCT
The effects of long term administration of psychotropic drugs on human sleep: I. Methodology and the effects of placebo,"Hartmann, E.; Cravens, J.","These six papers present the effects on human sleep of long term administration of reserpine (0.50 mg/day), amitriptyline (50 mg/day), chlorpromazine (50 mg/day), chloral hydrate (500 mg/day), and chlordiazepoxide (50 mg/day). This initial paper describes in detail the methodology of the entire study which involves six 60 day drug periods for each subject completing the protocol - one period on each of the 5 drugs and one period on placebo, in a balanced design. Measures of laboratory sleep, home sleep and mood were obtained throughout the study. Comparisons between the long placebo only period of this study and the more usual 'baseline' period, laboratory nights 4 to 6, revealed a significantly higher total desynchronized sleep time (D time) and D time per cent in the placebo period. Other variables were not significantly different. Some clear changes over time within the long placebo period are also described.",1973,,PSYCHOPHARMACOLOGIA,33,2 153-167),,,,,#35291,Hartmann 1973,"",Possible RCT
The effects of long term administration of psychotropic drugs on human sleep: II. The effects of reserpine,"Hartmann, E.; Cravens, J.","Reserpine 0.50 mg/day was administered over 4 wk to 14 normal young males. Laboratory sleep, home sleep, and mood were studied throughout the period of administration and for a month afterwards. Results were compared to identically administered long term placebo. Total sleep was slightly increased at first; D time (desynchronized sleep) and the number of D periods were clearly increased by reserpine. These effects were prominent from day 3 through the second week. D latency and length of the sleep dream cycle was decreased. Subjective aspects of sleep were not greatly changes. Mood scales indicated an increase in 'fatigue' and a decrease in 'vigor' during reserpine administration.",1973,,PSYCHOPHARMACOLOGIA,33,2,169-184,,,,#35292,Hartmann 1973,"",Possible RCT
The effects of long term administration of psychotropic drugs on human sleep: III. The effects of amitriptyline,"Hartmann, E.; Cravens, J.","Effects of daily administration of amitriptyline (50 mg) to normal young males are reported. Effects on laboratory recorded sleep, home sleep, and mood were studied. Total sleep time was significantly increased throughout administration, while slow wave sleep was increased and sleep latency decreased early during administration. Desynchronized sleep (D time) and D time percent were decreased throughout administration, most prominently for the first days; there was a 'rebound' increase after discontinuation of medication. In these subjects, amitriptyline did not alter 'depression' as measured by mood scales, but did produce a number of differet complaints in the morning.",1973,,PSYCHOPHARMACOLOGIA,33,2,185-202,,,,#35293,Hartmann 1973,"",Possible RCT
"Trazodone in the treatment of organic brain syndromes, with special reference to psychogeriatrics","Nair, N.P.V.; Ban, T.A.; Hontela, S.; Clarke, R.",,1973,,Current Therapeutic Research - Clinical and Experimental,15,10 sup.,769-775,,,,#35299,Nair 1973,"",""
Psychopharmacologic and analgesic agents employed in the terminal care of 100 cancer patients,"Goldberg, I.K.; Kutscher, A.H.; Schoenberg, B.",,1972,,J.THANATOLOGY,2,1-2,635-643,,,,#35307,Goldberg 1972,"",""
"TIME-SERIES, FREQUENCY ANALYSIS, AND ELECTROGENESIS OF THE EEGS OF NORMALS AND PSYCHOTICS BEFORE AND AFTER DRUGS.","Pfeiffer, C.C.; Goldstein, L.; Murphree, H.B.; Sugerman, A.A.",,1965,,The American journal of psychiatry,121,(Pfeiffer C.C.; Goldstein L.; Murphree H.B.; Sugerman A.A.),1147-1155,,10.1176/ajp.121.12.1147,,#35356,Pfeiffer 1965,"",""
ANALGESIC AND PSYCHOTOMIMETIC PROPERTIES OF DEXOXADROL.,"Lasagna, L.; Pearson, J.W.",,1965,,"Proceedings of the Society for Experimental Biology and Medicine. Society for Experimental Biology and Medicine (New York, N.Y.)",118,(Lasagna L.; Pearson J.W.),352-354,,,,#35358,Lasagna 1965,"",""
TOLERANCE TO LSD-25 IN SCHIZOPHRENIC SUBJECTS; ATTENUATION OF EFFECTS ON PUPILLARY DIAMETER AND KNEEJERK THRESHOLD AFTER CHRONIC INTOXICATION.,"Chessick, R.D.; Haertzen, C.A.; Wikler, A.",,1964,,Archives of general psychiatry,10,(Chessick R.D.; Haertzen C.A.; Wikler A.),653-658,,,,#35362,Chessick 1964,"",""
THE EFFECTS OF A DRUG-INDUCED ALTERATION IN STATE OF CONSCIOUSNESS ON RETENTION OF DRIVE-RELATED VERBAL MATERIAL.,"Paul, I.H.",,1964,,The Journal of nervous and mental disease,138,(Paul I.H.),367-374,,,,#35364,Paul 1964,"",""
EXPLORATORY STUDY OF DRUGS AND SOCIAL INTERACTION.,"Cheek, F.E.",,1963,,Archives of general psychiatry,106,(Cheek F.E.),566-574,,,,#35365,Cheek 1963,"",""
GROUP AND INDIVIDUAL PSYCHOTHERAPY UNDER LSD.,"Hausner, M.; Dolezal, V.",,1963,,Fortschritte der psychosomatischen Medizin. Advances in psychosomatic medicine,11,(Hausner M.; Dolezal V.),39-59,,10.1159/000285664,,#35366,Hausner 1963,"",""
"COMPARISON OF A PLACEBO, N-DIMETHYLTRYPTAMINE, AND 6-HYDROXY-N-DIMETHYLTRYPTAMINE IN MAN.","Rosenberg, D.E.; Isbell, H.; Miner, E.J.",,1963,,Psychopharmacologia,4,(Rosenberg D.E.; Isbell H.; Miner E.J.),39-42,,,,#35369,Rosenberg 1963,"",""
"MICRODOSING PSYCHEDELICS UNDER LOCAL, STATE, AND FEDERAL LAW","Marks, M; Cohen, IG; Perez-Reyzin, J; Angelatos, D",,2023,,BOSTON UNIVERSITY LAW REVIEW,103,2,573-641,WOS:001107325400007,,,#35407,Marks 2023,"",""
Drug-centered or drug-assisted? Epistemic perspectives and methodological tensions in psychedelic psychotherapy,"Yan, KR; Ni, CSA; Kuo, YY; Chen, MH",,2025,,EUROPEAN JOURNAL FOR PHILOSOPHY OF SCIENCE,15,4,,WOS:001599763500001,10.1007/s13194-025-00679-9,,#35408,Yan 2025,"",""
Enhanced independence: De-biasing processes in psychedelic research and beyond,"Cheung, K; Ehrenkranz, R; Yaden, DB",,2026,,RESEARCH ETHICS,22,1,,WOS:001464110000001,10.1177/17470161251326588,,#35409,Cheung 2026,"",""
Paradigm Lost: Towards an Evidence-based Ontology in Psychedelic Medicine?,"Marcus, O; Dakwar, E",,2024,,INTERNATIONAL JOURNAL OF MENTAL HEALTH AND ADDICTION,22,2,951-964,WOS:001069961000001,10.1007/s11469-023-01157-0,,#35420,Marcus 2024,"",""
The CAnadian Network for Psychedelic-Assisted Cancer Therapy (CAN-PACT): A Multi-Phase Program Overview,"Carlson, LE; Richardson, H; Shore, R; Albertyn, CP; Balneaves, LG; Bates, A; Burnell, M; Chochinov, HM; Clements, D; Deleemans, J; Horlock, H; Mathews, J; McKenzie, M; Savard, C; Soares, CN; Tu, W; Williams, M",,2025,,CURRENT ONCOLOGY,33,1,,WOS:001670134700001,10.3390/curroncol33010007,,#35424,Carlson 2025,"",""
Different hierarchical reconfigurations in the brain by psilocybin and escitalopram for depression,"Deco, G; Perl, YS; Johnson, S; Bourke, N; Carhart-Harris, RL; Kringelbach, ML",,2024,,NATURE MENTAL HEALTH,2,9,,WOS:001390113100006,10.1038/s44220-024-00298-y,,#35455,Deco 2024,"",""
Psilocybin: From Psychiatric Pariah to Perceived Panacea,"Fonzo, GA; Wolfgang, AS; Barksdale, BR; Krystal, JH; Carpenter, LL; Kraguljac, NV; Grzenda, A; Mcdonald, WM; Widge, AS; Rodriguez, CI; Nemeroff, CB",,2025,,AMERICAN JOURNAL OF PSYCHIATRY,182,1,54-78,WOS:001390950700009,10.1176/appi.ajp.20230682,,#35456,Fonzo 2025,"",""
Nondual Awareness as a Novel Chronic Pain-Relieving Mechanism,"Bhatt, KV; Hanley, AW; Martin-Soelch, C; Berna, C; Garland, EL",,2026,,PSYCHOLOGY OF CONSCIOUSNESS-THEORY RESEARCH AND PRACTICE,,,,WOS:001760399000001,10.1037/cns0000474,,#35470,Bhatt 2026,"",""
Psilocybin for Treatment-Resistant Major Depression - Results From an Academic Phase 2b Randomized-Controlled Trial,"Mertens, LJ",,2024,,NEUROPSYCHOPHARMACOLOGY,49,,12-12,WOS:001421429700028,,,#35493,Mertens 2024,"",""
MIKROSKOPISCHE BEFUNDE UBER DIE BLUTSTILLUNG BEI SEROTONINAUSSCHALTUNG,"WITTE, S; SCHRICKER, KT; SCHMID, E",,1961,,THROMBOSIS ET DIATHESIS HAEMORRHAGICA,5,3-4,505-+,WOS:A19613485C00044,10.1055/s-0038-1654944,,#35495,WITTE 1961,"",""
Explainable AI framework for psilocybin depression treatment optimization,"Sungheetha, A; Sharma, RR; Aroba, OJ; Mahapatra, S; Mahendhiran, PD",,2026,,FRONTIERS IN COMPUTER SCIENCE,7,,,WOS:001728548900001,10.3389/fcomp.2025.1652190,,#35504,Sungheetha 2026,"",""
Evaluating the Effects of Dynamic Navigation on the Accuracy and Outcomes of the Autogenous Bone Ring Technique for Vertical Ridge Augmentation: A Pilot Randomized Controlled Trial,"Chang, YC; Zhu, N; Liu, JY; Gao, XM; Chen, G; Zhang, Y",,2025,,CLINICAL ORAL IMPLANTS RESEARCH,36,5,650-661,WOS:001414223000001,10.1111/clr.14412,,#35526,Chang 2025,"",""
Combining FTIR-ATR and OPLS-DA methods for magic mushrooms discrimination,"Esteves, CSM; de Redrojo, EMM; Manjon, JLG; Moreno, G; Antunes, FE; Montalvo, G; Ortega-Ojeda, FE",,2022,,FORENSIC CHEMISTRY,29,,,WOS:000802048500002,10.1016/j.forc.2022.100421,,#35537,Esteves 2022,"",""
Studying classic psychedelics for the management of headache disorders: Considerations for Veterans,"Schindler, EAD; Sico, JJ",,2023,,JOURNAL OF MILITARY VETERAN AND FAMILY HEALTH,9,5,88-95,WOS:001124495400002,10.3138/jmvfh-2023-0006,,#35553,Schindler 2023,"",""
New Psychoactive Substance 5-MeO-MiPT In vivo Acute Toxicity and Hystotoxicological Study,"Altunci, YA; Aydogdu, M; Açikgöz, E; Güven, Ü; Dükagaç, F; Atasoy, A; Daglioglu, N; Akgür, SA",,2021,,BALKAN MEDICAL JOURNAL,38,1,34-42,WOS:000621685700006,10.4274/balkanmedj.galenos.2020.2019.11.68,,#35555,Altunci 2021,"",""
EFFECTS OF LSD-25 ON CREATIVITY AND TOLERANCE TO REGRESSION,"ZEGANS, LS; POLLARD, JC; BROWN, D",,1967,,ARCHIVES OF GENERAL PSYCHIATRY,16,6,740-+,WOS:A19679558600014,,,#35560,ZEGANS 1967,"",""
Electrochemistry of the synthetic tryptamine 5-MeO-MiPT at glassy carbon and screen-printed electrodes: A rapid and simple screening method for application in forensic analysis,"Melo, LMA; Arantes, LC; Pimentel, DM; Macedo, AA; Verly, RM; Gil, ES; dos Santos, WTP",,2023,,SENSORS AND ACTUATORS B-CHEMICAL,393,,,WOS:001061677300001,10.1016/j.snb.2023.134183,,#35563,Melo 2023,"",""
Return of the lysergamides. Part I: Analytical and behavioural characterization of 1-propionyl-d-lysergic acid diethylamide (1P-LSD),"Brandt, SD; Kavanagh, PV; Westphal, F; Stratford, A; Elliott, SP; Hoang, K; Wallach, J; Halberstadt, AL",,2016,,DRUG TESTING AND ANALYSIS,8,9,891-902,WOS:000384805600001,10.1002/dta.1884,,#35577,Brandt 2016,"",""
REACTION TIME (MENTAL SET) IN CONTROL AND CHRONIC SCHIZOPHRENIC SUBJECTS AND IN POSTADDICTS UNDER PLACEBO LSD-25 MORPHINE PENTOBARBITAL AND AMPHETAMINE,"WIKLER, A; HAERTZEN, CA; CHESSICK, RD; HILL, HE; PESCOR, FT",,1965,,PSYCHOPHARMACOLOGIA,7,6,423-+,WOS:A19656498000006,10.1007/BF00402365,,#35590,WIKLER 1965,"",""
"Mood, cognition and serotonin transporter availability in current and former ecstasy (MDMA) users: the longitudinal perspective","Thomasius, R; Zapletalova, P; Petersen, K; Buchert, R; Andresen, B; Wartberg, L; Nebeling, B; Schmoldt, A",,2006,,JOURNAL OF PSYCHOPHARMACOLOGY,20,2,211-225,WOS:000236145700007,10.1177/0269881106059486,,#35597,Thomasius 2006,"",""
THE USE OF LSD-25 AS A DIAGNOSTIC-AID IN DOUBTFUL CASES OF SCHIZOPHRENIA,"SEDMAN, G; KENNA, JC",,1965,,BRITISH JOURNAL OF PSYCHIATRY,111,470,96-100,WOS:A1965CCS1000013,10.1192/bjp.111.470.96,,#35608,SEDMAN 1965,"",""
URINARY CATECHOLAMINE EXCRETION FOLLOWING LYSERGIC ACID DIETHYLAMIDE IN MAN,"HOLLISTE.E; MOORE, F",,1967,,PSYCHOPHARMACOLOGIA,11,3,270-270,WOS:A19679769100006,10.1007/BF00405233,,#35614,HOLLISTE 1967,"",""
"SEROTONIN NEUROTOXICITY AFTER (+/-)3,4-METHYLENEDIOXYMETHAMPHETAMINE (MDMA ECSTASY) - A CONTROLLED-STUDY IN HUMANS","MCCANN, UD; RIDENOUR, A; SHAHAM, Y; RICAURTE, GA",,1994,,NEUROPSYCHOPHARMACOLOGY,10,2,129-138,WOS:A1994NJ58900007,10.1038/npp.1994.15,,#35617,MCCANN 1994,"",""
TOLERANCE TO LSD-25 IN SCHIZOPHRENIC SUBJECTS,"CHESSICK, RD; WIKLER, A; HAERTZEN, CA",,1964,,ARCHIVES OF GENERAL PSYCHIATRY,10,6,653-+,WOS:A1964CC00400004,,,#35631,CHESSICK 1964,"",""
"INCORPORATION OF 14C-LABELLED AMINO ACIDS INTO PROTEINS OF LIVER - EFFECT OF CHLORPROMAZINE, MEPROBAMATE AND LYSERGIC ACID DIETHYLAMIDE","PIHA, RS; UUSITALO, AJ; OJA, SS",,1963,,ANNALES MEDICINAE EXPERIMENTALIS ET BIOLOGIAE FENNIAE,41,1,73-+,WOS:A19634714A00007,,,#35657,PIHA 1963,"",""
"Safety, Tolerability, Pharmacokinetics, and Pharmacodynamics of Subcutaneous RE104","Ludbrook, G; Bryson, N; Taylor, B; Hocevar-Trnka, J; Johnson, MW; Hirman, J; Morrish, G; Alexander, R; Pollack, M",,2025,,JOURNAL OF CLINICAL PSYCHOPHARMACOLOGY,45,5,441-453,WOS:001559522000013,10.1097/JCP.0000000000002047,,#35662,Ludbrook 2025,"",""
Serotonin 5-HT2A receptor binding in platelets from healthy subjects as studied by [H-3]-lysergic acid diethylamide ([H-3]-LSD): Intra- and interindividual variability,"Spigset, O; Mjorndal, T",,1997,,NEUROPSYCHOPHARMACOLOGY,16,4,285-293,WOS:A1997WQ27000004,10.1016/S0893-133X(96)00249-7,,#35664,Spigset 1997,"",""
THE EFFECTS OF D-LYSERGIC ACID DIETHYLAMIDE ON CEREBRAL CIRCULATION AND OVER-ALL METABOLISM,"SOKOLOFF, L; PERLIN, S; KORNETSKY, C; KETY, SS",,1957,,ANNALS OF THE NEW YORK ACADEMY OF SCIENCES-SERIES,66,3,468-477,WOS:A1957WQ42200006,10.1111/j.1749-6632.1957.tb40742.x,,#35701,SOKOLOFF 1957,"",""
"FRENQUEL, A BLOCKING AGENT AGAINST EXPERIMENTAL LSD-25 AND MESCALINE PSYCHOSIS - PRELIMINARY NOTE ON ITS CLINICAL APPLICATION","FABING, HD",,1955,,NEUROLOGY,5,5,319-328,WOS:A1955WC97800003,10.1212/WNL.5.5.319,,#35710,FABING 1955,"",""
"Hypothyroidism alters striatal dopamine release mediated by 3,4-methylenedioxymethamphetamine (MDMA, ecstasy)","Peterson, AL; Gilman, TL; Banks, ML; Sprague, JE",,2006,,SYNAPSE-STRUCTURE FUNCTION CONNECTIVITY,59,5,317-319,WOS:000235432100008,10.1002/syn.20244,,#35718,Peterson 2006,"",""
"Nonlinear pharmacokinetics of (±)3,4-methylenedioxymethamphetamine (MDMA, ""Ecstasy"") and its major metabolites in squirrel monkeys at plasma concentrations of MDMA that develop after typical psychoactive doses","Mueller, M; Peters, FT; Maurer, HH; McCann, UD; Ricaurte, GA",,2008,,JOURNAL OF PHARMACOLOGY AND EXPERIMENTAL THERAPEUTICS,327,1,38-44,WOS:000259323000005,10.1124/jpet.108.141366,,#35749,Mueller 2008,"",""
URINARY AROMATIC METABOLITES IN NORMAL SUBJECTS AFTER LSD,"MASUDA, M; DORPAT, TL",,1960,,JOURNAL OF NERVOUS AND MENTAL DISEASE,130,3,224-229,WOS:A1960CHW5700006,10.1097/00005053-196003000-00006,,#35755,MASUDA 1960,"",""
REPEATED ADMINISTRATION OF MDMA CAUSES TRANSIENT DOWN-REGULATION OF SEROTONIN 5-HT2 RECEPTORS,"SCHEFFEL, U; LEVER, JR; STATHIS, M; RICAURTE, GA",,1992,,NEUROPHARMACOLOGY,31,9,881-893,WOS:A1992JL87600009,10.1016/0028-3908(92)90126-A,,#35766,SCHEFFEL 1992,"",""
'Ecstasy' enhances noise-induced hearing loss,"Church, MW; Zhang, JSS; Langford, MM; Perrine, SA",,2013,,HEARING RESEARCH,302,,96-106,WOS:000322055300011,10.1016/j.heares.2013.05.007,,#35772,Church 2013,"",""
INCREASING ECSTASY USE AMONG GLASGOW DRUG INJECTORS,"GREEN, ST; FRISCHER, M; TAYLOR, A; GOLDBERG, DJ; MCKEGANEY, N; BLOOR, M",,1995,,ADDICTION RESEARCH,3,1,73-76,WOS:A1995RK86700009,10.3109/16066359509005224,,#35815,GREEN 1995,"",""
"Drug interaction between ethanol and 3,4-methylenedioxymethamphetamine (""ecstasy"")","Upreti, VV; Eddington, ND; Moon, KH; Song, BJ; Lee, IJ",,2009,,TOXICOLOGY LETTERS,188,2,167-172,WOS:000266734400015,10.1016/j.toxlet.2009.03.023,,#35825,Upreti 2009,"",""
Influence of dietary fats on ecstasy-induced hyperthermia,"Mills, EM; Weaver, KL; Abramson, E; Pfeiffer, M; Sprague, JE",,2007,,BRITISH JOURNAL OF PHARMACOLOGY,151,7,1103-1108,WOS:000248442100022,10.1038/sj.bjp.0707312,,#35841,Mills 2007,"",""
Hippocampal serotonergic damage induced by MDMA (ecstasy): effects on spatial learning,"Sprague, JE; Preston, AS; Leifheit, M; Woodside, B",,2003,,PHYSIOLOGY & BEHAVIOR,79,2,281-287,WOS:000184114100019,10.1016/S0031-9384(03)00092-1,,#35842,Sprague 2003,"",""
Psychedelic-Assisted Therapy: Potential Benefits and Challenges in Mental Health Treatment,"Silczuk, A; Madejek, RJ; Koweszko, T; Mularczyk-Tomczewska, P; Adamska, E; Gujski, M; Szulc, A",,2025,,MEDICAL SCIENCE MONITOR,31,,,WOS:001546740800001,10.12659/MSM.948302,,#35851,Silczuk 2025,"",""
Harm reduction and quitting techniques used by heavy MDMA (ecstasy) users,"Sharifimonfared, G; Hammersley, R",,2020,,ADDICTION RESEARCH & THEORY,28,3,222-230,WOS:000472303800001,10.1080/16066359.2019.1622684,,#35881,Sharifimonfared 2020,"",""
Pharmacokinetic profile of single and repeated oral doses of MDMA in squirrel monkeys: Relationship to lasting effects on brain serotonin neurons,"Mechan, A; Yuan, J; Hatzidimitriou, G; Irvine, RJ; McCann, UD; Ricaurte, GA",,2006,,NEUROPSYCHOPHARMACOLOGY,31,2,339-350,WOS:000236132100009,10.1038/sj.npp.1300808,,#35884,Mechan 2006,"",""
Performance assessment of portable Raman spectroscopy in determining ecstasy tablets,"Ng, CH; Kunalan, V; Yew, CH; Chang, KH; Abdullah, AFL",,2024,,JOURNAL OF RAMAN SPECTROSCOPY,55,8,891-900,WOS:001227752700001,10.1002/jrs.6687,,#35892,Ng 2024,"",""
The effects of binge MDMA on acquisition and reversal learning in a radial-arm maze task,"Kay, C; Harper, DN; Hunt, M",,2011,,NEUROBIOLOGY OF LEARNING AND MEMORY,95,4,473-483,WOS:000290601200010,10.1016/j.nlm.2011.02.010,,#35918,Kay 2011,"",""
Methylenedioxymethamphetamine (MDMA; Ecstasy) suppresses IL-1β and TNF-α secretion following an in vivo lipopolysaccharide challenge,"Connor, TJ; Kelly, JP; McGee, M; Leonard, BE",,2000,,LIFE SCIENCES,67,13,1601-1612,WOS:000088835500007,10.1016/S0024-3205(00)00743-8,,#35933,Connor 2000,"",""
"Mood and impulsivity of recreational Ecstasy users in the week following a ""rave""","Travers, KR; Lyvers, M",,2005,,ADDICTION RESEARCH & THEORY,13,1,43-52,WOS:000226662400004,10.1080/16066350512331325332,,#35969,Travers 2005,"",""
Identifying the Serotonin Transporter Signal in Western Blot Studies of the Neurotoxic Potential of MDMA and Related Drugs,"Mclane, MW; Mccann, U; Ricaurte, G",,2011,,SYNAPSE,65,12,1368-1372,WOS:000296421700010,10.1002/syn.20958,,#36010,Mclane 2011,"",""
A STUDY OF THE EFFECTS OF LSD - PHYSIOLOGIC AND PSYCHOLOGICAL CHANGES AND THEIR INTERRELATIONS,"DIMASCIO, A; GREENBLATT, M; HYDE, RW",,1957,,AMERICAN JOURNAL OF PSYCHIATRY,114,4,309-317,WOS:A1957WT51600005,10.1176/ajp.114.4.309,,#36022,DIMASCIO 1957,"",""
"EFFETS DE LA 5-HYDROXYTRYPTAMINE (5HT), DE LA DIETHYLAMINE DE LACIDE D-LYSERGIQUE (LSD 25), DU PHENOBARBITAL, DU NEMBUTAL ET DE 2 DERIVES DE LA PHENOTHIAZINE SUR LE METABOLISME CEREBRAL INVIVO","CAHN, J; HEROLD, M; DUBRASQUET, M; BURET, JP",,1957,,COMPTES RENDUS DES SEANCES DE LA SOCIETE DE BIOLOGIE ET DE SES FILIALES,151,1,82-85,WOS:A1957WM10300032,,,#36023,CAHN 1957,"",""
MDMA and 5-HT neurotoxicity: the empirical evidence for its adverse effects in humans - no need for translation,"Parrott, AC",,2012,,BRITISH JOURNAL OF PHARMACOLOGY,166,5,1518-1520,WOS:000305560800002,10.1111/j.1476-5381.2012.01941.x,,#36049,Parrott 2012,"",""
Relation of sex and estrous phase to deficits in prepulse inhibition of the startle response induced by ecstasy (MDMA),"Bubeníková, V; Votava, M; Horácek, J; Pálenícek, T",,2005,,BEHAVIOURAL PHARMACOLOGY,16,2,127-130,WOS:000228125900009,10.1097/00008877-200503000-00009,,#36075,Bubeníková 2005,"",""
"METHODS FOR THE ANALYSIS OF 1-(3,4-METHYLENEDIOXYPHENYL)-2-BUTANAMINE AND N-METHYL-1-(3,4-METHYLENEDIOXYPHENYL)-2-PROPANAMINE (MDMA)","NOGGLE, FT; CLARK, CR; ANDURKAR, S; DERUITER, J",,1991,,JOURNAL OF CHROMATOGRAPHIC SCIENCE,29,3,103-106,WOS:A1991FA70300003,10.1093/chromsci/29.3.103,,#36077,NOGGLE 1991,"",""
EFFECTS OF LSD UPON GROUP-INTERACTION,"SLATER, PE; HYDE, RW; MORIMOTO, K",,1963,,ARCHIVES OF GENERAL PSYCHIATRY,8,6,564-+,WOS:A1963P404300011,,,#36089,SLATER 1963,"",""
THE EFFECT OF ADRENALECTOMY ON MDMA-INDUCED DOPAMINE RELEASE IN THE STRIATUM AS MEASURED BY INVIVO MICRODIALYSIS AND DEPLETION OF SEROTONIN,"NASH, JF; MELTZER, HY; LOWY, MT",,1992,,RESEARCH COMMUNICATIONS IN SUBSTANCES OF ABUSE,13,3,177-190,WOS:A1992JH02000001,,,#36114,NASH 1992,"",""
Transient memory impairment after acute dose of 75 mg 3.4-methytenedioxymethamphetamine,"Kuypers, KPC; Ramaekers, JG",,2005,,JOURNAL OF PSYCHOPHARMACOLOGY,19,6,633-639,WOS:000233135400009,10.1177/0269881105056670,,#36130,Kuypers 2005,"",""
Further pharmacological characterization of 5-HT2C receptor agonist-induced inhibition of 5-HT neuronal activity in the dorsal raphe nucleus in vivo,"Quérée, P; Peters, S; Sharp, T",,2009,,BRITISH JOURNAL OF PHARMACOLOGY,158,6,1477-1485,WOS:000271263900007,10.1111/j.1476-5381.2009.00406.x,,#36136,Quérée 2009,"",""
"Disruption of the discriminative stimulus effects of S(+)-3,4-methylenedioxymethamphetamine (MDMA) by (±)-MDMA neurotoxicity: protection by fluoxetine","Virden, TB; Baker, LE",,1999,,BEHAVIOURAL PHARMACOLOGY,10,2,195-204,WOS:000079649500008,10.1097/00008877-199903000-00008,,#36137,Virden 1999,"",""
LSD: Mechanisms and relevance to the treatment of depression,"Bouloufa, A; Delcourte, S; Delannay, T; Rovera, R; Lau, T; Mouledous, L; Dkhissi-Benyahya, O; Guiard, BP; Haddjeri, N",,2025,,NEUROSCIENCE AND BIOBEHAVIORAL REVIEWS,179,,,WOS:001599125200001,10.1016/j.neubiorev.2025.106407,,#36156,Bouloufa 2025,"",""
Sub-acute and long-term effects of ayahuasca on mental health and well-being in healthy ceremony attendants: A replication study,"Van Oorsouw, KI; Uthaug, MV; Mason, NL; Broers, NJ; Ramaekers, JG",,2021,,JOURNAL OF PSYCHEDELIC STUDIES,5,2,103-113,WOS:000903278800006,10.1556/2054.2021.00174,,#36159,VanOorsouw 2021,"",""
"A neurotoxic regimen of MDMA suppresses behavioral, thermal and neurochemical responses to subsequent MDMA administration","Shankaran, M; Gudelsky, GA",,1999,,PSYCHOPHARMACOLOGY,147,1,66-72,WOS:000083850000018,10.1007/s002130051143,,#36175,Shankaran 1999,"",""
Effects of Stress and MDMA on Hippocampal Gene Expression,"Weber, GF; Johnson, BN; Yamamoto, BK; Gudelsky, GA",,2014,,BIOMED RESEARCH INTERNATIONAL,2014,,,WOS:000330393500001,10.1155/2014/141396,,#36203,Weber 2014,"",""
"Comparative effects of ayahuasca and breathwork on self-reported cognitive flexibility, emotion regulation, positive affect, and sleep quality","Rossi, GN; Khubsing, RSI; Haijen, ECHM; Mason, NL; van Leerdam, M; dos Santos, RG; Hallak, JEC; Kuypers, KPC",,2026,,JOURNAL OF PSYCHEDELIC STUDIES,10,1,75-87,WOS:001567419600001,10.1556/2054.2025.00440,,#36211,Rossi 2026,"",""
MDMA and seizures: A dangerous liaison?,"Giorgi, FS; Lazzeri, G; Natale, G; Iudice, A; Ruggieri, S; Paparelli, A; Murri, L; Fornai, F",,2006,,"CELLULAR AND MOLECULAR MECHANISMS OF DRUGS OF ABUSE AND NEUROTOXICITY: COCAINE, GHB, AND SUBSTITUTED AMPHETAMINES",1074,,357-364,WOS:000242168100035,10.1196/annals.1369.035,,#36217,Giorgi 2006,"",""
"Posttraumatic Growth After MDMA-Assisted Psychotherapy for Posttraumatic Stress Disorder (Publication with Expression of Concern. See DEC, 2024)","Gorman, I; Belser, AB; Jerome, L; Hennigan, C; Shechet, B; Hamilton, S; Yazar-Klosinski, B; Emerson, A; Feduccia, AA",,2020,,JOURNAL OF TRAUMATIC STRESS,33,2,161-170,WOS:000526788000004,10.1002/jts.22479,,#36223,Gorman 2020,"",""
MDMA induced dopamine release in vivo: Role of endogenous serotonin,"Koch, S; Galloway, MP",,1997,,JOURNAL OF NEURAL TRANSMISSION,104,2-3,135-146,WOS:A1997WY02500004,10.1007/BF01273176,,#36241,Koch 1997,"",""
The acute effects of monoamine reuptake inhibitors on the stimulus effects of hallucinogens,"Winter, JC; Helsley, S; Fiorella, D; Rabin, RA",,1999,,PHARMACOLOGY BIOCHEMISTRY AND BEHAVIOR,63,3,507-513,WOS:000081272200022,10.1016/S0091-3057(99)00039-8,,#36245,Winter 1999,"",""
Developmental changes in [H-3]lysergic acid diethylamide ([H-3]LSD) binding to serotonin receptors in the human brainstem,"Zec, N; Filiano, JJ; Panigrahy, A; White, WF; Kinney, HC",,1996,,JOURNAL OF NEUROPATHOLOGY AND EXPERIMENTAL NEUROLOGY,55,1,114-126,WOS:A1996TP44500012,10.1097/00005072-199601000-00012,,#36247,Zec 1996,"",""
PLATELET SEROTONIN UPTAKE SITES INCREASED IN DRINKERS OF AYAHUASCA,"CALLAWAY, JC; AIRAKSINEN, MM; MCKENNA, DJ; BRITO, GS; GROB, CS",,1994,,PSYCHOPHARMACOLOGY,116,3,385-387,WOS:A1994PR72500024,10.1007/BF02245347,,#36248,CALLAWAY 1994,"",""
"Is behavioral sensitization to 3,4-methylenedioxymethamphetamine (MDMA) mediated in part by cholinergic receptors?","Lettfuss, NY; Seeger-Armbruster, S; von Ameln-Mayerhofer, A",,2013,,BEHAVIOURAL BRAIN RESEARCH,244,,116-119,WOS:000316833100014,10.1016/j.bbr.2013.01.033,,#36258,Lettfuss 2013,"",""
"NEURO-ENDOCRINE AND MOOD RESPONSES TO INTRAVENOUS L-TRYPTOPHAN IN 3,4-METHYLENEDIOXYMETHAMPHETAMINE (MDMA) USERS - PRELIMINARY-OBSERVATIONS","PRICE, LH; RICAURTE, GA; KRYSTAL, JH; HENINGER, GR",,1989,,ARCHIVES OF GENERAL PSYCHIATRY,46,1,20-22,WOS:A1989R767300002,,,#36260,PRICE 1989,"",""
Long term psychiatric and cognitive effects of MDMA use,"McGuire, P",,2000,,TOXICOLOGY LETTERS,112,,153-156,WOS:000086260200021,10.1016/S0378-4274(99)00219-2,,#36261,McGuire 2000,"",""
Sailfin molly females (Poecilia latipinna) copy the rejection of a male,"Witte, K; Ueding, K",,2003,,BEHAVIORAL ECOLOGY,14,3,389-395,WOS:000182957900013,10.1093/beheco/14.3.389,,#36267,Witte 2003,"",""
"The role of mitochondrial uncoupling in 3,4-methylenedioxymethamphetamine-mediated skeletal muscle hyperthermia and rhabdomyolysis","Rusyniak, DE; Tandy, SL; Hekmatyar, SK; Mills, E; Smith, DJ; Bansal, N; MacLellan, D; Harper, ME; Sprague, JE",,2005,,JOURNAL OF PHARMACOLOGY AND EXPERIMENTAL THERAPEUTICS,313,2,629-639,WOS:000228357900018,10.1124/jpet.104.079236,,#36269,Rusyniak 2005,"",""
The role of dopamine D1 receptors in MDMA-induced memory impairments,"Squire, H; Youn, J; Ellenbroek, BA; Harper, DN",,2020,,NEUROBIOLOGY OF LEARNING AND MEMORY,176,,,WOS:000596372100001,10.1016/j.nlm.2020.107322,,#36273,Squire 2020,"",""
EFFECTS OF LSD-25 AND DEXTROAMPHETAMINE ON THE USE OF DEFENSIVE LANGUAGE,"NATALE, M; DAHLBERG, CC; JAFFE, J",,1979,,JOURNAL OF CLINICAL PSYCHOLOGY,35,2,250-254,WOS:A1979GT97700004,10.1002/1097-4679(197904)35:2<250::AID-JCLP2270350205>3.0.CO;2-G,,#36287,NATALE 1979,"",""
"BEHAVIORAL AND DEVELOPMENTAL EFFECTS OF 2 3,4-METHYLENEDIOXYMETHAMPHETAMINE (MDMA) DERIVATIVES","BRONSON, ME; BARRIOSZAMBRANO, L; JIANG, WW; CLARK, CR; DERUITER, J; NEWLAND, MC",,1994,,DRUG AND ALCOHOL DEPENDENCE,36,3,161-166,WOS:A1994PV47400001,10.1016/0376-8716(94)90141-4,,#36294,BRONSON 1994,"",""
"Ecstasy Use, Outcome Expectancies, and Sexual Risk Taking","Proudfoot, P; Heubeck, B; Ward, J; Degenhardt, L",,2011,,AUSTRALIAN PSYCHOLOGIST,46,4,219-228,WOS:000297574100004,10.1111/j.1742-9544.2010.00016.x,,#36306,Proudfoot 2011,"",""
MDMA-INDUCED NEUROTOXICITY - PARAMETERS OF DEGENERATION AND RECOVERY OF BRAIN-SEROTONIN NEURONS,"BATTAGLIA, G; YEH, SY; DESOUZA, EB",,1988,,PHARMACOLOGY BIOCHEMISTRY AND BEHAVIOR,29,2,269-274,WOS:A1988M649100008,10.1016/0091-3057(88)90155-4,,#36309,BATTAGLIA 1988,"",""
"Roles of 3,4-methylenedioxymethamphetamine (MDMA)-induced alteration of connexin43 and intracellular Ca2+ oscillation in its cardiotoxicity","Zhuo, L; Liu, Q; Liu, L; Sun, TY; Wang, RS; Qu, GQ; Liu, Y; Ren, L",,2013,,TOXICOLOGY,310,,61-72,WOS:000323464800008,10.1016/j.tox.2013.05.013,,#36311,Zhuo 2013,"",""
"Time course analysis of the discriminative stimulus effects of the optical isomers of 3,4-methylenedioxymethamphetamine (MDMA)","Baker, LE; Virden, TB; Miller, ME; Sullivan, CL",,1997,,PHARMACOLOGY BIOCHEMISTRY AND BEHAVIOR,58,2,505-516,WOS:A1997XU25900031,10.1016/S0091-3057(97)00287-6,,#36313,Baker 1997,"",""
"Mate choice copying in the sailfin molly, Poecilia latipinna, in the wild","Witte, K; Ryan, MJ",,2002,,ANIMAL BEHAVIOUR,63,,943-949,WOS:000176684700012,10.1006/anbe.2001.1982,,#36329,Witte 2002,"",""
Parallel changes in serotonin levels in brain and blood following acute administration of MDMA,"Collins, CM; Kloek, J; Elliott, JM",,2013,,JOURNAL OF PSYCHOPHARMACOLOGY,27,1,109-112,WOS:000312555900013,10.1177/0269881112463123,,#36332,Collins 2013,"",""
Long-term behavioral consequences of prenatal MDMA exposure,"Thompson, VB; Heiman, J; Chambers, JB; Benoit, SC; Buesing, WR; Norman, MK; Norman, AB; Lipton, JW",,2009,,PHYSIOLOGY & BEHAVIOR,96,4-5,593-601,WOS:000264698300013,10.1016/j.physbeh.2008.12.013,,#36335,Thompson 2009,"",""
"PHARMACOLOGICAL STUDIES WITH THE SEROTONIN PRECURSOR, 5-HYDROXYTRYPTOPHAN","BOGDANSKI, DF; WEISSBACH, H; UDENFRIEND, S",,1958,,JOURNAL OF PHARMACOLOGY AND EXPERIMENTAL THERAPEUTICS,122,2,182-194,WOS:A1958WM59300003,,,#36336,BOGDANSKI 1958,"",""
Comparison of Molly and Karoline models to predict methane production in growing and dairy cattle,"Kass, M; Ramin, M; Hanigan, MD; Huhtanen, P",,2022,,JOURNAL OF DAIRY SCIENCE,105,4,3049-3063,WOS:000821075700006,10.3168/jds.2021-20806,,#36351,Kass 2022,"",""
The complete mitochondrial genome of the Poecilia formosa (Amazon molly),"Dang, X; Xia, Y; Xu, QW; Zhang, JG",,2016,,MITOCHONDRIAL DNA PART A,27,5,3523-3524,WOS:000377956700183,10.3109/19401736.2015.1074200,,#36364,Dang 2016,"",""
Portable near infrared spectroscopy applied to abuse drugs and medicine analyses,"Correia, RM; Domingos, E; Tosato, F; dos Santos, NA; Leite, JD; da Silva, M; Marcelo, MCA; Ortiz, RS; Filgueiras, PR; Romao, W",,2018,,ANALYTICAL METHODS,10,6,593-603,WOS:000424767800004,10.1039/c7ay02998e,,#36365,Correia 2018,"",""
Improving bio-H2 production by manganese doped magnetic carbon,"Zhang, JS; Fan, CF; Zhao, WQ; Zang, LH",,2019,,INTERNATIONAL JOURNAL OF HYDROGEN ENERGY,44,49,26920-26932,WOS:000491622900016,10.1016/j.ijhydene.2019.08.148,,#36367,Zhang 2019,"",""
EFFECTS OF A HALLUCINOGENIC AGENT IN TOTALLY BLIND SUBJECTS,"KRILL, AE; OSTFELD, AM; ALPERT, HJ",,1963,,ARCHIVES OF OPHTHALMOLOGY,69,2,180-+,WOS:A19635744A00011,,,#36372,KRILL 1963,"",""
Effects of dextromethorphan on MDMA-induced serotonergic aberration in the brains of non-human primates using [123I]-ADAM/SPECT,"Ma, KH; Liu, TT; Weng, SJ; Chen, CFF; Huang, YS; Chueh, SH; Liao, MH; Chang, KW; Sung, CC; Hsu, TH; Huang, WS; Cheng, CY",,2016,,SCIENTIFIC REPORTS,6,,,WOS:000389646300001,10.1038/srep38695,,#36379,Ma 2016,"",""
STIMULUS PROPERTIES OF PHENETHYLAMINE HALLUCINOGENS AND LYSERGIC-ACID DIETHYLAMIDE - ROLE OF 5-HYDROXYTRYPTAMINE,"WINTER, JC",,1978,,JOURNAL OF PHARMACOLOGY AND EXPERIMENTAL THERAPEUTICS,204,2,416-423,WOS:A1978EP02800019,,,#36381,WINTER 1978,"",""
PSYCHOLOGICAL EFFECTS OF MDE IN NORMAL SUBJECTS - ARE ENTACTOGENS A NEW CLASS OF PSYCHOACTIVE AGENTS,"HERMLE, L; SPITZER, M; BORCHARDT, D; KOVAR, KA; GOUZOULIS, E",,1993,,NEUROPSYCHOPHARMACOLOGY,8,2,171-176,WOS:A1993KK80700010,10.1038/npp.1993.19,,#36382,HERMLE 1993,"",""
"Bile acids and the gut microbiome are involved in the hyperthermia mediated by 3,4-methylenedioxymethamphetamine (MDMA)","Rana, S; Canfield, JR; Ward, CS; Sprague, JE",,2024,,SCIENTIFIC REPORTS,14,1,,WOS:001256850300004,10.1038/s41598-024-65433-2,,#36424,Rana 2024,"",""
Paradoxes of ayahuasca expansion: The UDV-DEA agreement and the limits of freedom of religion,"Labate, BC",,2012,,DRUGS-EDUCATION PREVENTION AND POLICY,19,1,19-26,WOS:000298357000003,10.3109/09687637.2011.606397,,#36427,Labate 2012,"",""
"LASTING EFFECTS OF (+/-)-3,4-METHYLENEDIOXYMETHAMPHETAMINE (MDMA) ON CENTRAL SEROTONERGIC NEURONS IN NONHUMAN-PRIMATES - NEUROCHEMICAL OBSERVATIONS","RICAURTE, GA; MARTELLO, AL; KATZ, JL; MARTELLO, MB",,1992,,JOURNAL OF PHARMACOLOGY AND EXPERIMENTAL THERAPEUTICS,261,2,616-622,WOS:A1992HT70000032,,,#36430,RICAURTE 1992,"",""
EFFECTS OF PSYCHOTOMIMETIC COMPOUNDS ON HUMAN PSEUDOCHOLINESTERASE,"FRIED, GH; ANTOPOL, W",,1957,,JOURNAL OF APPLIED PHYSIOLOGY,11,1,25-28,WOS:A1957WK26200006,10.1152/jappl.1957.11.1.25,,#36439,FRIED 1957,"",""
Comparison of updates to the Molly cow model to predict methane production from dairy cows fed pasture,"Gregorini, P; Beukes, PC; Hanigan, MD; Waghorn, G; Muetzel, S; McNamara, JR",,2013,,JOURNAL OF DAIRY SCIENCE,96,8,5046-5052,WOS:000322055900027,10.3168/jds.2012-6288,,#36460,Gregorini 2013,"",""
Effect of repeated exposure to MDMA on the function of the 5-HT transporter as assessed by synaptosomal 5-HT uptake,"Huff, C; Bhide, N; Schroering, A; Yamamoto, BK; Gudelsky, GA",,2013,,BRAIN RESEARCH BULLETIN,91,,52-57,WOS:000316836200008,10.1016/j.brainresbull.2013.01.003,,#36461,Huff 2013,"",""
MDMA exposure alters cognitive and electrophysiological sensitivity to rapid tryptophan depletion in rhesus monkeys,"Taffe, MA; Huitrón-Resendiz, S; Schroeder, R; Parsons, LH; Henriksen, SJ; Gold, LH",,2003,,PHARMACOLOGY BIOCHEMISTRY AND BEHAVIOR,76,1,141-152,WOS:000185669200017,10.1016/S0091-3057(03)00217-X,,#36465,Taffe 2003,"",""
Prior MDMA exposure inhibits learning and produces both tolerance and sensitization in the radial-arm maze,"Harper, DN; Kay, C; Hunt, M",,2013,,PHARMACOLOGY BIOCHEMISTRY AND BEHAVIOR,105,,34-40,WOS:000318387400005,10.1016/j.pbb.2013.01.018,,#36467,Harper 2013,"",""
"Developmental 3,4-methylenedioxymethamphetamine (MDMA) impairs sequential and spatial but not cued learning independent of growth, litter effects or injection stress","Williams, MT; Morford, LL; Wood, SL; Rock, SL; McCrea, AE; Fukumura, M; Wallace, TL; Broening, HW; Moran, MS; Vorhees, CV",,2003,,BRAIN RESEARCH,968,1,89-101,WOS:000182035500009,10.1016/S0006-8993(02)04278-6,,#36479,Williams 2003,"",""
The theory of planned behavior and ecstasy use: Roles for habit and perceived control over taking versus obtaining substances,"Orbell, S; Blair, C; Sherlock, K; Conner, M",,2001,,JOURNAL OF APPLIED SOCIAL PSYCHOLOGY,31,1,31-47,WOS:000166487200003,10.1111/j.1559-1816.2001.tb02480.x,,#36484,Orbell 2001,"",""
"Preprotachykinin A gene expression after administration of 3,4-methylene dioxymethamphetamine (Ecstasy)","Pompei, P; Cavazzuti, E; Martarelli, D; Pediconi, D; Arletti, R; Lucas, LR; Massi, M",,2002,,EUROPEAN JOURNAL OF PHARMACOLOGY,450,3,245-251,WOS:000177918400005,10.1016/S0014-2999(02)02158-1,,#36489,Pompei 2002,"",""
Validation of mollies and gilthead seabreams as new model organisms for the study of anisakids: Experimental infection and histological analysis of the infective process in sailfin molly,"López-Verdejo, A; Born-Torrijos, A; Raga, JA; Cánovas-Cabrera, H; Montero, FE",,2025,,AQUACULTURE,599,,,WOS:001397635100001,10.1016/j.aquaculture.2025.742120,,#36490,López-Verdejo 2025,"",""
"Reserpine attenuates D-amphetamine and MDMA-induced transmitter release in vivo: a consideration of dose, core temperature and dopamine synthesis","Sabol, KE; Seiden, LS",,1998,,BRAIN RESEARCH,806,1,69-78,WOS:000076241100008,10.1016/S0006-8993(98)00720-3,,#36495,Sabol 1998,"",""
PHARMACOLOGICAL STUDY OF RECIPROCAL DUAL INNERVATION OF LATERAL CILIATED GILL EPITHELIUM BY CNS OF MYTILUS-EDULIS (BIVALVIA),"CATAPANE, EJ; STEFANO, GB; AIELLO, E",,1978,,JOURNAL OF EXPERIMENTAL BIOLOGY,74,JUN,101-113,WOS:A1978FC97300009,,,#36497,CATAPANE 1978,"",""
Identification of MDA in seized ecstasy-like samples using atmospheric solids analysis probe mass spectrometry and machine learning,"Soares, RD; Thome, MP; John, DK; Correa, PD; Souza, KD; Ferrao, MF",,2024,,MICROCHEMICAL JOURNAL,205,,,WOS:001281922100001,10.1016/j.microc.2024.111287,,#36515,Soares 2024,"",""
"Enkephalin contributes to the locomotor stimulating effects of 3,4-methylenedioxy-N-methylamphetamine","Compan, V; Scearce-Levie, K; Crosson, C; Daszuta, A; Hen, R",,2003,,EUROPEAN JOURNAL OF NEUROSCIENCE,18,2,383-390,WOS:000184316400017,10.1046/j.1460-9568.2003.02767.x,,#36517,Compan 2003,"",""
Unilateral infusion of a dopamine transporter antisense into the substantia nigra protects against MDMA-induced serotonergic deficits in the ipsilateral striatum,"Kanthasamy, A; Sprague, JE; Shotwell, JR; Nichols, DE",,2002,,NEUROSCIENCE,114,4,917-924,WOS:000179134900010,10.1016/S0306-4522(02)00368-8,,#36522,Kanthasamy 2002,"",""
Brain nonapeptide and gonadal steroid responses to deprivation of heterosexual contact in the black molly,"Kulczykowska, E; Kalamarz-Kubiak, H; Nietrzeba, M; Gozdowska, M",,2015,,BIOLOGY OPEN,4,1,69-78,WOS:000348099500007,10.1242/bio.20149597,,#36523,Kulczykowska 2015,"",""
"SLEEP EEG EFFECTS OF 3,4-METHYLENEDIOXYETHAMPHETAMINE (MDE EVE) IN HEALTHY-VOLUNTEERS","GOUZOULIS, E; STEIGER, A; ENSSLIN, M; KOVAR, A; HERMLE, L",,1992,,BIOLOGICAL PSYCHIATRY,32,12,1108-1117,WOS:A1992KG10000006,10.1016/0006-3223(92)90191-2,,#36537,GOUZOULIS 1992,"",""
CHARACTERIZATION OF [H-3]-LABELED LYSERGIC-ACID DIETHYLAMIDE BINDING TO A 5-HYDROXYTRYPTAMINE RECEPTOR ON HUMAN-PLATELET MEMBRANES,"GEANEY, DP; SCHACHTER, M; ELLIOT, JM; GRAHAMESMITH, DG",,1984,,EUROPEAN JOURNAL OF PHARMACOLOGY,97,1-2,87-93,WOS:A1984SB76800010,10.1016/0014-2999(84)90515-6,,#36542,GEANEY 1984,"",""
"Decreased social behaviour following 3,4-methylenedioxymethamphetamine (MDMA) is accompanied by changes in 5-HT2A receptor responsivity","Bull, EJ; Hutson, PH; Fone, KCF",,2004,,NEUROPHARMACOLOGY,46,2,202-210,WOS:000189106400006,10.1016/j.neuropharm.2003.08.004,,#36544,Bull 2004,"",""
Self-organized flocking with a mobile robot swarm: a novel motion control method,"Ferrante, E; Turgut, AE; Huepe, C; Stranieri, A; Pinciroli, C; Dorigo, M",,2012,,ADAPTIVE BEHAVIOR,20,6,460-477,WOS:000311907400004,10.1177/1059712312462248,,#36549,Ferrante 2012,"",""
"Effects of fenfluramine, m-CPP and triazolam on repeated-acquisition in squirrel monkeys before and after neurotoxic MDMA administration","Winsauer, PJ; McCann, UD; Yuan, J; Delatte, MS; Stevenson, MW; Ricaurte, GA; Moerschbaecher, JM",,2002,,PSYCHOPHARMACOLOGY,159,4,388-396,WOS:000174242100006,10.1007/s00213-001-0942-9,,#36550,Winsauer 2002,"",""
RNA editing of the human serotonin 5-MT2C receptor:: Alterations in suicide and implications for serotonergic pharmacotherapy,"Niswender, CM; Herrick-Davis, K; Dilley, GE; Meltzer, HY; Overholser, JC; Stockmeier, CA; Emeson, RB; Sanders-Bush, E",,2001,,NEUROPSYCHOPHARMACOLOGY,24,5,478-491,WOS:000168064700002,10.1016/S0893-133X(00)00223-2,,#36553,Niswender 2001,"",""
EVIDENCE FOR ANTISEROTONERGIC PROPERTIES OF YOHIMBINE,"DWOSKIN, LP; NEAL, BS; SPARBER, SB",,1988,,PHARMACOLOGY BIOCHEMISTRY AND BEHAVIOR,31,2,321-326,WOS:A1988T018500013,10.1016/0091-3057(88)90353-X,,#36564,DWOSKIN 1988,"",""
"Paternal effects without paternity? Testing non-genetic male influence on offspring size and brood size in a gynogenetic vertebrate, the Amazon molly (Poecilia formosa)","Scherer, U; Ehlman, SM; Bierbach, D; Krause, J; Wolf, M",,2026,,PLOS ONE,21,2,,WOS:001707431700048,10.1371/journal.pone.0328962,,#36566,Scherer 2026,"",""
"P-CHLOROAMPHETAMINE (PCA), 3,4-METHYLENEDIOXYMETHAMPHETAMINE (MDMA) AND D-FENFLURAMINE PRETREATMENT ATTENUATES D-FENFLURAMINE-EVOKED RELEASE OF 5-HT IN-VIVO","SERIES, HG; COWEN, PJ; SHARP, T",,1994,,PSYCHOPHARMACOLOGY,116,4,508-514,WOS:A1994PW71200019,10.1007/BF02247485,,#36567,SERIES 1994,"",""
MDMA and d-amphetamine produce comparable effects in pigeons performing under a multiple fixed-ratio interresponse-time-greater-than-t schedule of food delivery,"LeSage, M; Poling, A",,1997,,PHARMACOLOGY BIOCHEMISTRY AND BEHAVIOR,57,1-2,173-177,WOS:A1997XA08800024,10.1016/S0091-3057(96)00302-4,,#36568,LeSage 1997,"",""
m-DASC: Measuring Subjective Effects of Very Low Doses of Psychedelic Drugs,"Griffin-Stolbach, J; Molla, H; Hedeker, D; de Wit, H",,2025,,PSYCHEDELIC MEDICINE,,,,WOS:001631175000001,10.1177/28314425251404476,,#36570,Griffin-Stolbach 2025,"",""
"Methylone, a rapid acting entactogen with robust anxiolytic and antidepressant-like activity","Warner-Schmidt, J; Pittenger, C; Stogniew, M; Mandell, B; Olmstead, SJ; Kelmendi, B",,2023,,FRONTIERS IN PSYCHIATRY,13,,,WOS:000917595700001,10.3389/fpsyt.2022.1041277,,#36571,Warner-Schmidt 2023,"",""
Integrated Heterogeneous Service Provisioning: Unifying Beyond-Communication Capabilities with MDMA in 6G and Future Wireless Networks,"Jia, PY; Wang, XB; Zhu, YX; Jin, S; Schober, R",,2026,,IEEE COMMUNICATIONS MAGAZINE,64,1,130-137,WOS:001565194000001,10.1109/MCOM.001.2400652,,#36578,Jia 2026,"",""
Novel object recognition memory: measurement issues and effects of MDMA self-administration following short inter-trial intervals,"Schenk, S; Harper, DN; Do, J",,2011,,JOURNAL OF PSYCHOPHARMACOLOGY,25,8,1043-1052,WOS:000293756100004,10.1177/0269881110389213,,#36581,Schenk 2011,"",""
GABAA and GABAB receptor agonists differentially regulate the reproductive axis in the black molly Poecilia sphenops,"Hotha, A; Ganesh, CB",,2026,,AQUACULTURE AND FISHERIES,11,1,71-83,WOS:001643820700001,10.1016/j.aaf.2025.06.004,,#36592,Hotha 2026,"",""
'E' is for enterprise: Middle level drug markets in ecstasy and stimulants,"Pearson, G; Hobbs, D",,2004,,ADDICTION RESEARCH & THEORY,12,6,565-576,WOS:000226383600006,10.1080/16066350412331323100,,#36594,Pearson 2004,"",""
Ayahuasca reverses ischemic stroke-induced neuroinflammation and oxidative stress,"Joaquim, LD; da Rosa, LR; Strickert, Y; Machado, RS; Lanzzarin, E; Bernardes, G; Ramos, SD; de Novais, LR; Steiner, B; Farias, B; Mathias, K; Martins, HM; Lins, EMF; Chaves, JS; Camilo, D; da Silva, LE; de Oliveira, MP; da Silva, MR; Barcelos, PMP; Santos, FP; Bobinski, F; Rezin, GT; Yonamine, M; Inserra, A; Petronilho, F; de Bitencourta, RM",,2025,,BEHAVIOURAL BRAIN RESEARCH,485,,,WOS:001444818300001,10.1016/j.bbr.2025.115521,,#36596,Joaquim 2025,"",""
"TOLERANCE AND CROSS-TOLERANCE TO THE ACTIVATING EFFECTS OF 3,4-METHYLENEDIOXYMETHAMPHETAMINE AND A 5-HYDROXYTRYPTAMINE1B AGONIST","CALLAWAY, CW; GEYER, MA",,1992,,JOURNAL OF PHARMACOLOGY AND EXPERIMENTAL THERAPEUTICS,263,1,318-326,WOS:A1992JT98700045,,,#36597,CALLAWAY 1992,"",""
THE EFFECT OF DRUGS ON THE ACQUISITION OF STIMULUS-CONTROL IN A CONDITIONED SUPPRESSION PROCEDURE,"NIELSEN, EB; APPEL, JB",,1985,,PSYCHOPHARMACOLOGY,85,1,80-86,WOS:A1985AGR5100014,10.1007/BF00427327,,#36598,NIELSEN 1985,"",""
Techno's Sexual Counter-Space: Ecstasy and Electronics as Technologies of White Sex,"Van Bohemen, S; Roeling, A",,2020,,CULTURAL SOCIOLOGY,14,1,42-60,WOS:000517082500001,10.1177/1749975519892771,,#36615,VanBohemen 2020,"",""
"Female preference for male lateral projection area in the shortfin molly, Poecilia mexicana:: Evidence for a pre-existing bias in sexual selection","MacLaren, RD; Rowland, WJ",,2006,,ETHOLOGY,112,7,678-690,WOS:000238354500008,10.1111/j.1439-0310.2006.01213.x,,#36621,MacLaren 2006,"",""
Macaque parvocellular mediodorsal thalamus: dissociable contributions to learning and adaptive decision-making,"Chakraborty, S; Ouhaz, Z; Mason, S; Mitchell, AS",,2019,,EUROPEAN JOURNAL OF NEUROSCIENCE,49,8,1041-1054,WOS:000471719900008,10.1111/ejn.14078,,#36626,Chakraborty 2019,"",""
The Study of Operation Modes and Control Strategies of a Multidirectional MC for Battery Based System,"Toosi, S; Misron, N; Hanamoto, T; Aris, I; Radzi, MAM; Yamada, H",,2015,,MATHEMATICAL PROBLEMS IN ENGINEERING,2015,,,WOS:000364047500001,10.1155/2015/452740,,#36630,Toosi 2015,"",""
Evaluation of predictions of volatile fatty acid production rates by the Molly cow model,"Ghimire, S; Gregorini, R; Hanigan, MD",,2014,,JOURNAL OF DAIRY SCIENCE,97,1,354-362,WOS:000328593700037,10.3168/jds.2012-6199,,#36631,Ghimire 2014,"",""
Study on Multivariable Dynamic Matrix Control for a Novel Solar Hybrid STIGT System,"Zheng, SP; Luo, ZC; Wu, JW; Zhang, LY; He, YJ",,2024,,ENERGIES,17,6,,WOS:001191555800001,10.3390/en17061425,,#36639,Zheng 2024,"",""
Neurotoxic lesions of the medial mediodorsal nucleus of the thalamus disrupt reinforcer devaluation effects in rhesus monkeys,"Mitchell, AS; Browning, PGF; Baxter, MG",,2007,,JOURNAL OF NEUROSCIENCE,27,42,11289-11295,WOS:000250223700015,10.1523/JNEUROSCI.1914-07.2007,,#36640,Mitchell 2007,"",""
"SIZE AND MORPHOLOGICAL VARIATION IN MALES OF THE SAILFIN MOLLY, POECILIA-LATIPINNA","SNELSON, FF",,1985,,ENVIRONMENTAL BIOLOGY OF FISHES,13,1,35-47,WOS:A1985AHE1300004,10.1007/BF00004854,,#36642,SNELSON 1985,"",""
Influence of postmenopausal hormone replacement therapy on platelet serotonin uptake site and seroton2A receptor binding,"Wihlbäck, AC; Sundström-Poromaa, I; Allard, P; Mjörndal, T; Spigset, O; Bäckström, T",,2001,,OBSTETRICS AND GYNECOLOGY,98,3,450-457,WOS:000170657900016,10.1016/S0029-7844(01)01461-2,,#36643,Wihlbäck 2001,"",""
The development of the medullary serotonergic system in the piglet,"Niblock, MM; Kinney, HC; Luce, CJ; Belliveau, RA; Filiano, JJ",,2004,,AUTONOMIC NEUROSCIENCE-BASIC & CLINICAL,110,2,65-80,WOS:000220710400001,10.1016/j.autneu.2003.10.004,,#36650,Niblock 2004,"",""
"Morphine, MDMA, MDA, and nexus produce a conditioned place preference in newly hatched chickens","Bronson, ME; Wages, TD; Beddingfield, T; Horner, JM; Willis, LL; Scott, JL",,1996,,EXPERIMENTAL AND CLINICAL PSYCHOPHARMACOLOGY,4,4,354-362,WOS:A1996WN34700002,,,#36658,Bronson 1996,"",""
The Effect of Ecstasy (MDMA) on Components of Impulsivity: A Study Controlling for Cannabis Use,"Peart, L; Bruno, R",,2009,,NEUROPSYCHOBIOLOGY,60,3-4,220-220,WOS:000271534600031,,,#36662,Peart 2009,"",""
"COMPARING THE SUBJECTIVE, PSYCHOMOTOR AND PHYSIOLOGICAL-EFFECTS OF INTRAVENOUS BUTORPHANOL AND MORPHINE IN HEALTHY-VOLUNTEERS","ZACNY, JP; LICHTOR, JL; THAPAR, P; COALSON, DW; FLEMMING, D; THOMPSON, WK",,1994,,JOURNAL OF PHARMACOLOGY AND EXPERIMENTAL THERAPEUTICS,270,2,579-588,WOS:A1994PD45500023,,,#36670,ZACNY 1994,"",""
Methylenedioxymethamphetamine-induced serotonin deficits are followed by partial recovery over a 52-week period .2. Radioligand binding and autoradiography studies,"Lew, R; Sabol, KE; Chou, C; Vosmer, GL; Richards, J; Seiden, LS",,1996,,JOURNAL OF PHARMACOLOGY AND EXPERIMENTAL THERAPEUTICS,276,2,855-865,WOS:A1996TV37800064,,,#36672,Lew 1996,"",""
"Long-term compulsive exercise reduces the rewarding efficacy of 3,4-methylenedioxymethamphetamine","Chen, HI; Kuo, YM; Liao, CH; Jen, CJ; Huang, AM; Cherng, CG; Su, SW; Yu, L",,2008,,BEHAVIOURAL BRAIN RESEARCH,187,1,185-189,WOS:000252629900024,10.1016/j.bbr.2007.09.014,,#36673,Chen 2008,"",""
"Impact of ambient temperature on hyperthermia induced by (±)3,4-methylenedioxymethamphetamine in rhesus macaques","Von Huben, SN; Lay, CC; D Crean, R; Davis, SA; Katner, SN; Taffe, MA",,2007,,NEUROPSYCHOPHARMACOLOGY,32,3,673-681,WOS:000244274600018,10.1038/sj.npp.1301078,,#36676,VonHuben 2007,"",""
Prepulse inhibition and habituation of acoustic startle response in abstinent MDMA (Ecstasy) users:: A controlled study,"Quednow, BB; Kühn, KU; Hoenig, K; Wagner, M",,2002,,JOURNAL OF PSYCHOPHYSIOLOGY,16,4,246-247,WOS:000183921400119,,,#36681,Quednow 2002,"",""
Marijuana Use and Well-Being in University Students,"Allen, J; Holder, MD",,2014,,JOURNAL OF HAPPINESS STUDIES,15,2,301-321,WOS:000333027000005,10.1007/s10902-013-9423-1,,#36683,Allen 2014,"",""
Effect of depleting vesicular and cytoplasmic dopamine on methylenedioxymethamphetamine neurotoxicity,"Yuan, J; Cord, BJ; McCann, UD; Callahan, BT; Ricaurte, GA",,2002,,JOURNAL OF NEUROCHEMISTRY,80,6,960-969,WOS:000174508200003,10.1046/j.0022-3042.2002.00758.x,,#36686,Yuan 2002,"",""
"Restoration of 3,4-methylenedioxymethamphetamine-induced 5-HT depletion by the administration of L-5-hydroxytryptophan","Wang, X; Baumann, MH; Dersch, CM; Rothman, RB",,2007,,NEUROSCIENCE,148,1,212-220,WOS:000249157900019,10.1016/j.neuroscience.2007.05.024,,#36693,Wang 2007,"",""
"Reduced social interaction following 3,4-methylenedioxymethamphetamine is not associated with enhanced 5-HT2C receptor responsivity","Bull, EJ; Hutson, PH; Fone, KCF",,2003,,NEUROPHARMACOLOGY,44,4,439-448,WOS:000182010800003,10.1016/S0028-3908(02)00407-0,,#36694,Bull 2003,"",""
"N-tert-Butoxycarbonyl-Methylenedioxymethamphetamine, an Methylenedioxymethamphetamine Derivative, Exhibits Rewarding and Reinforcing Effects by Increasing Dopamine Levels","Youn, DH; Jo, C; Kim, JM; Hong, YK; Lee, W; Park, SH; Kwon, CH; Choi, SO",,2024,,BEHAVIORAL NEUROSCIENCE,138,5,314-320,WOS:001300924600001,10.1037/bne0000593,,#36703,Youn 2024,"",""
Neuroendocrine Responses to Pharmacological Challenge with Citalopram: A Controlled Study in Male and Female Ecstasy/MDMA Users,"Allott, K; Canny, BJ; Broadbear, JH; Stepto, NK; Murphy, B; Redman, J",,2009,,NEUROPSYCHOBIOLOGY,60,3-4,216-217,WOS:000271534600022,,,#36706,Allott 2009,"",""
"RAPID ANTIDEPRESSANT EFFECT OF INTRANASAL BPL-003 (5-METHOXY-N,N-DIMETHYLTRYPTAMINE) IN TREATMENT-RESISTANT DEPRESSION: A PHASE 2B DOUBLE-BLIND STUDY","Feifel, D; Roberts, C; Cuba, WJ; Gründer, G; Herrero, RMD; Hindocha, C; Liknaitzky, P; McGuigan, S; Mehta, S; Repantis, D; Seynaeve, M; Wiegand, F; Conley, R",,2026,,NEUROPSYCHOPHARMACOLOGY,51,SUPPL1,,WOS:001665758000345,,,#36710,Feifel 2026,"",""
INCREASED PLASMA-FREE FATTY-ACIDS FOLLOWING PSYCHOTOMIMETIC DRUGS,"HOLLISTER, LE; MOORE, FF",,1965,,JOURNAL OF PSYCHIATRIC RESEARCH,3,3,199-203,WOS:A1965CCE3600006,10.1016/0022-3956(65)90029-4,,#36711,HOLLISTER 1965,"",""
Methylenedioxymethamphetamine-induced inhibition of neuronal firing in the nucleus accumbens is mediated by both serotonin and dopamine,"Obradovic, T; Imel, KM; White, SR",,1996,,NEUROSCIENCE,74,2,469-481,WOS:A1996VC75500017,10.1016/0306-4522(96)00135-2,,#36712,Obradovic 1996,"",""
"EFFECTS OF RITANSERIN ON THE 3,4-METHYLENEDIOXYMETHAMPHETAMINE-INDUCED DECREASE IN STRIATAL SEROTONIN CONCENTRATION AND ON THE INCREASE IN STRIATAL NEUROTENSIN AND DYNORPHIN-A CONCENTRATIONS","JOHNSON, M; BUSH, LG; HANSON, GR; GIBB, JW",,1993,,BIOCHEMICAL PHARMACOLOGY,46,4,770-772,WOS:A1993LV32500031,10.1016/0006-2952(93)90568-H,,#36714,JOHNSON 1993,"",""
"Differences in thermal tolerance in coexisting sexual and asexual mollies (Poecilia, Poeciliidae, Teleostei)","Fischer, C; Schlupp, I",,2009,,JOURNAL OF FISH BIOLOGY,74,7,1662-1668,WOS:000265550600025,10.1111/j.1095-8649.2009.02214.x,,#36715,Fischer 2009,"",""
"Inhibition of 3,4-Methylenedioxymethamphetamine Metabolism Leads to Marked Decrease in 3,4-Dihydroxymethamphetamine Formation But No Change in Serotonin Neurotoxicity: Implications for Mechanisms of Neurotoxicity","Mueller, M; Yuan, J; Adrian, CM; Mccann, UD; Ricaurte, GA",,2011,,SYNAPSE,65,10,983-990,WOS:000294555400002,10.1002/syn.20925,,#36722,Mueller 2011,"",""
"Tolerance to 3,4-methylenedioxymethamphetamine is associated with impaired serotonin release","Jones, K; Brennan, KA; Colussi-Mas, J; Schenk, S",,2010,,ADDICTION BIOLOGY,15,3,289-298,WOS:000278393800005,10.1111/j.1369-1600.2010.00217.x,,#36726,Jones 2010,"",""
Discriminative stimulus properties of α-ethyltryptamine optical isomers,"Hong, SS; Young, R; Glennon, RA",,2001,,PHARMACOLOGY BIOCHEMISTRY AND BEHAVIOR,70,2-3,311-316,WOS:000172139100017,10.1016/S0091-3057(01)00605-0,,#36727,Hong 2001,"",""
DISRUPTION OF FR-40 BY 5-HT AGONISTS .2. EFFECTS OF CHRONIC PHENELZINE OR ISOCARBOXAZID,"SHUKLA, R; GOUDREAU, J; MACKENZIETAYLOR, D; RECH, RH",,1989,,PHARMACOLOGY BIOCHEMISTRY AND BEHAVIOR,34,2,283-287,WOS:A1989CC21900012,10.1016/0091-3057(89)90312-2,,#36730,SHUKLA 1989,"",""
EFFECT OF MK-801 ON THE DECREASE IN TRYPTOPHAN-HYDROXYLASE INDUCED BY METHAMPHETAMINE AND ITS METHYLENEDIOXY ANALOG,"JOHNSON, M; HANSON, GR; GIBB, JW",,1989,,EUROPEAN JOURNAL OF PHARMACOLOGY,165,2-3,315-318,WOS:A1989AG20400019,10.1016/0014-2999(89)90728-0,,#36733,JOHNSON 1989,"",""
Drugs in oral fluid: Illicit drug use and drug driving in a sample of Gold Coast motorists,"Davey, J; Freeman, J; Armstrong, K",,2008,,ROAD & TRANSPORT RESEARCH,17,4,17-24,WOS:000262955300002,,,#36734,Davey 2008,"",""
STUDIES OF THE BIOCHEMICAL BASIS FOR THE DISCRIMINATIVE PROPERTIES OF 8-HYDROXY-2-(DI-N-PROPYLAMINO)TETRALIN,"RABIN, RA; WINTER, JC",,1993,,EUROPEAN JOURNAL OF PHARMACOLOGY,235,2-3,237-243,WOS:A1993LA86300010,10.1016/0014-2999(93)90142-5,,#36736,RABIN 1993,"",""
"The effect of methamphetamine and 3,4-methylenedioxymethamphetamine on peripheral endocannabinoid concentrations: a study in healthy adults","Deutsch, A; Haggarty, CJ; Petrie, GN; Hill, MN; Bershad, AK; de Wit, H; Mayo, LM",,2025,,PSYCHOPHARMACOLOGY,,,,WOS:001587260000001,10.1007/s00213-025-06888-7,,#36739,Deutsch 2025,"",""
"Rapid and transient inhibition of mitochondrial function following methamphetamine or 3,4-methylenedioxymethamphetamine administration","Burrows, KB; Gudelsky, G; Yamamoto, BK",,2000,,EUROPEAN JOURNAL OF PHARMACOLOGY,398,1,11-18,WOS:000087674500002,10.1016/S0014-2999(00)00264-8,,#36758,Burrows 2000,"",""
AMPHETAMINE ANALOGS HAVE DIFFERENTIAL-EFFECTS ON DRL 36-S SCHEDULE PERFORMANCE,"SABOL, KE; RICHARDS, JB; LAYTON, K; SEIDEN, LS",,1995,,PSYCHOPHARMACOLOGY,121,1,57-65,WOS:A1995RY28700004,10.1007/BF02245591,,#36767,SABOL 1995,"",""
SEROTONIN UPTAKE SITES AND SEROTONIN RECEPTORS ARE ALTERED IN THE LIMBIC SYSTEM OF SCHIZOPHRENICS,"JOYCE, JN; SHANE, A; LEXOW, N; WINOKUR, A; CASANOVA, MF; KLEINMAN, JE",,1993,,NEUROPSYCHOPHARMACOLOGY,8,4,315-336,WOS:A1993LD16100003,10.1038/npp.1993.32,,#36768,JOYCE 1993,"",""
Comparison of (+)-11C-McN5652 and 11C-DASB as serotonin transporter radioligands under various experimental conditions,"Szabo, Z; McCann, UD; Wilson, AA; Scheffel, U; Owonikoko, T; Mathews, WB; Ravert, HT; Hilton, J; Dannals, RF; Ricaurte, GA",,2002,,JOURNAL OF NUCLEAR MEDICINE,43,5,678-692,WOS:000175509400026,,,#36771,Szabo 2002,"",""
"Changes in ambient temperature differentially alter the thermoregulatory, cardiac and locomotor stimulant effects of 4-methylmethcathinone (mephedrone)","Miller, ML; Creehan, KM; Angrish, D; Barlow, DJ; Houseknecht, KL; Dickerson, TJ; Taffe, MA",,2013,,DRUG AND ALCOHOL DEPENDENCE,127,1-3,248-253,WOS:000314200100037,10.1016/j.drugalcdep.2012.07.003,,#36777,Miller 2013,"",""
The Market Maven Crowd: Collaborative Risk-Aversion and Enhanced Consumption Context Control in an Illicit Market,"O'Sullivan, SR",,2015,,PSYCHOLOGY & MARKETING,32,3,285-302,WOS:000349367400005,10.1002/mar.20780,,#36780,O'Sullivan 2015,"",""
Direct influence of serotonin on the larval heart of Drosophila melanogaster,"Dasari, S; Cooper, RL",,2006,,JOURNAL OF COMPARATIVE PHYSIOLOGY B-BIOCHEMICAL SYSTEMS AND ENVIRONMENTAL PHYSIOLOGY,176,4,349-357,WOS:000237074200009,10.1007/s00360-005-0058-3,,#36782,Dasari 2006,"",""
"THE N-METHYL-D-ASPARTATE ANTAGONIST MK-801 PROTECTS AGAINST SEROTONIN DEPLETIONS INDUCED BY METHAMPHETAMINE, 3,4-METHYLENEDIOXYMETHAMPHETAMINE AND P-CHLORAMPHETAMINE","FARFEL, GM; VOSMER, GL; SEIDEN, LS",,1992,,BRAIN RESEARCH,595,1,121-127,WOS:A1992JY25900016,10.1016/0006-8993(92)91460-V,,#36786,FARFEL 1992,"",""
The Memory Consolidation Effect of Sleep on Skills Learning and Memory in Current Ecstasy Users and Two Control Groups,"Seddon, J; George, SA; Parrott, AC; Morgan, MJ; Stickgold, R; Walker, MP; Jones, KA; Blagrove, MT",,2009,,NEUROPSYCHOBIOLOGY,60,3-4,221-221,WOS:000271534600034,,,#36787,Seddon 2009,"",""
"SHORT-TERM EFFECTS OF 2,4,5-TRIHYDROXYAMPHETAMINE, 2,4,5-TRIHYDROXYMETHAMPHETAMINE AND 3,4-DIHYDROXYMETHAMPHETAMINE ON CENTRAL TRYPTOPHAN-HYDROXYLASE ACTIVITY","ELAYAN, I; GIBB, JW; HANSON, GR; LIM, HK; FOLTZ, RL; JOHNSON, M",,1993,,JOURNAL OF PHARMACOLOGY AND EXPERIMENTAL THERAPEUTICS,265,2,813-818,WOS:A1993LD06000045,,,#36793,ELAYAN 1993,"",""
Interaction of frontal and perirhinal cortices in visual object recognition memory in monkeys,"Parker, A; Gaffan, D",,1998,,EUROPEAN JOURNAL OF NEUROSCIENCE,10,10,3044-3057,WOS:000076239000002,10.1046/j.1460-9568.1998.00306.x,,#36794,Parker 1998,"",""
VISUAL RECOGNITION IMPAIRMENT FOLLOWS VENTROMEDIAL BUT NOT DORSOLATEAL PREFRONTAL LESIONS IN MONKEYS,"BACHEVALIER, J; MISHKIN, M",,1986,,BEHAVIOURAL BRAIN RESEARCH,20,3,249-261,WOS:A1986D141100001,10.1016/0166-4328(86)90225-1,,#36798,BACHEVALIER 1986,"",""
Converging or diverging? Shape coevolution between a sperm-dependent asexual and its sexual hosts,"Berbel, WM; Tobler, M; Reich, T; Eghbalpour, A; Ryan, MJ; Heubel, K; Garcia-De León, F; Schlupp, I",,2025,,PROCEEDINGS OF THE ROYAL SOCIETY B-BIOLOGICAL SCIENCES,292,2050,,WOS:001520477600003,10.1098/rspb.2025.0432,,#36810,Berbel 2025,"",""
THE LANGUAGE OF ALTERED STATES,"OXMAN, TE; ROSENBERG, SD; SCHNURR, PP; TUCKER, GJ; GALA, G",,1988,,JOURNAL OF NERVOUS AND MENTAL DISEASE,176,7,401-408,WOS:A1988P326800002,10.1097/00005053-198807000-00002,,#36821,OXMAN 1988,"",""
"DETERMINATION OF COMMON-BATCH MEMBERS IN A SET OF CONFISCATED 3,4-(METHYLENDIOXY)METHYLAMPHETAMINE SAMPLES BY MEASURING THE NATURAL ISOTOPE ABUNDANCES - A PRELIMINARY-STUDY","MAS, F; BEEMSTERBOER, B; VELTKAMP, AC; VERWEIJ, AMA",,1995,,FORENSIC SCIENCE INTERNATIONAL,71,3,225-231,WOS:A1995QN97800007,10.1016/0379-0738(94)01670-4,,#36825,MAS 1995,"",""
CONTROLLED SUBSTANCE REGULATION FOR THE COVID-19 MENTAL HEALTH CRISIS,"Marks, MM",,2020,,ADMINISTRATIVE LAW REVIEW,72,4,649-718,WOS:000620282600003,,,#36829,Marks 2020,"",""
"THE RELATIONSHIP BETWEEN INTERBROOD INTERVAL AND YOLK LOADING IN A GENERALIZED POECILIID FISH, POECILIA-LATIPINNA","SNELSON, FF; WETHERINGTON, JD; LARGE, HL",,1986,,COPEIA,,2,295-304,WOS:A1986C278400003,10.2307/1444990,,#36833,SNELSON 1986,"",""
DNA-damaging aryl hydrocarbons induce mdm2 expression via p53-independent post-transcriptional mechanisms,"Hsing, A; Faller, DV; Vaziri, C",,2000,,JOURNAL OF BIOLOGICAL CHEMISTRY,275,34,26024-26031,WOS:000088999700021,10.1074/jbc.M002455200,,#36840,Hsing 2000,"",""
ENDOGENOUS LIGANDS OF A PUTATIVE LSD-SEROTONIN RECEPTOR IN CEREBROSPINAL-FLUID - HIGHER LEVEL OF LSD-DISPLACING FACTORS (LDF) IN UNMEDICATED PSYCHOTIC-PATIENTS,"MEHL, E; RUTHER, E; REDEMANN, J",,1977,,PSYCHOPHARMACOLOGY,54,1,9-16,WOS:A1977DT90000002,10.1007/BF00426533,,#36848,MEHL 1977,"",""
NEUROENDOCRINE AND CARDIOVASCULAR EFFECTS OF MDE IN HEALTHY-VOLUNTEERS,"GOUZOULIS, E; VONBARDELEBEN, U; RUPP, A; KOVAR, KA; HERMLE, L",,1993,,NEUROPSYCHOPHARMACOLOGY,8,3,187-193,WOS:A1993KZ78300001,10.1038/npp.1993.20,,#36849,GOUZOULIS 1993,"",""
Detection of piperonal emitted from polymer controlled odor mimic permeation systems utilizing Canis familiaris and solid phase microextraction-ion mobility spectrometry,"Macias, MS; Guerra-Diaz, P; Almirall, JR; Furton, KG",,2010,,FORENSIC SCIENCE INTERNATIONAL,195,1-3,132-138,WOS:000273986100021,10.1016/j.forsciint.2009.12.006,,#36859,Macias 2010,"",""
L-5-HYDROXYTRYPTOPHAN FOR LSD-INDUCED PSYCHOSIS,"ABRAHAM, HD",,1983,,AMERICAN JOURNAL OF PSYCHIATRY,140,4,456-458,WOS:A1983QJ40400015,,,#36868,ABRAHAM 1983,"",""
"COGNITIVE-FUNCTIONING IN 2 GROUPS OF AGED - ONE INSTITUTIONALIZED, THE OTHER LIVING IN THE COMMUNITY","COMALLI, PE; KRUS, DM; WAPNER, S",,1965,,JOURNALS OF GERONTOLOGY,20,1,9-13,WOS:A1965CAY9000002,10.1093/geronj/20.1.9,,#36874,COMALLI 1965,"",""
"Previous exposure to (±) 3,4-methylenedioxymethamphetamine produces long-lasting alteration in limbic brain excitability measured by electroencephalogram spectrum analysis, brain metabolism and seizure susceptibility","Giorgi, FS; Pizzanelli, C; Ferrucci, M; Lazzeri, G; Faetti, M; Giusiani, M; Pontarelli, F; Busceti, CL; Murri, L; Fornai, F",,2005,,NEUROSCIENCE,136,1,43-53,WOS:000233386900004,10.1016/j.neuroscience.2005.07.036,,#36876,Giorgi 2005,"",""
Impact of Transient Heat Stress on Polar Lipid Metabolism in Seedlings of Wheat Near-Isogenic Lines Contrasting in Resistance to Hessian Fly (Cecidomyiidae) Infestation,"Currie, Y; Chen, MS; Nickolov, R; Bai, GH; Zhu, LC",,2014,,JOURNAL OF ECONOMIC ENTOMOLOGY,107,6,2196-2203,WOS:000345963300023,10.1603/EC14286,,#36880,Currie 2014,"",""
Psychedelic use and psychological flexibility: The role of meaningful intention and decentering,"Campo, WM; Yali, AM",,2025,,JOURNAL OF PSYCHEDELIC STUDIES,9,1,31-44,WOS:001412916600001,10.1556/2054.2024.00350,,#36883,Campo 2025,"",""
BEHAVIORAL-EFFECTS OF XYLAMINE-INDUCED DEPLETIONS OF BRAIN NOREPINEPHRINE - INTERACTION WITH LSD,"GEYER, MA; GORDON, J; ADAMS, LM",,1985,,PHARMACOLOGY BIOCHEMISTRY AND BEHAVIOR,23,4,619-625,WOS:A1985ATH1300022,10.1016/0091-3057(85)90427-7,,#36884,GEYER 1985,"",""
PHYSIOLOGICAL LIGANDS OF PUTATIVE LSD-SEROTONIN RECEPTORS - HETEROGENEITY OF LSD-DISPLACING FACTORS IN HUMAN-BODY FLUIDS AND NERVOUS-TISSUE,"MEHL, E; GUIARD, L",,1978,,HOPPE-SEYLERS ZEITSCHRIFT FUR PHYSIOLOGISCHE CHEMIE,359,4,539-542,WOS:A1978EX72000039,,,#36885,MEHL 1978,"",""
Repeated Microdoses of LSD in Healthy Adults: A Placebo-Controlled Study,"de Wit, H; Molla, H; Bershad, A; Bremmer, M; Feilding, A; Lee, R",,2021,,NEUROPSYCHOPHARMACOLOGY,46,SUPPL 1,511-511,WOS:000725511402127,,,#36895,deWit 2021,"",""
Psychedelic drug abuse potential assessment research for new drug applications and Controlled Substances Act scheduling,"Henningfield, JE; Coe, MA; Griffiths, RR; Belouin, SJ; Berger, A; Coker, AR; Comer, SD; Heal, DJ; Hendricks, PS; Nichols, CD; Sapienza, F; Vocci, FJ; Zia, FZ",,2022,,NEUROPHARMACOLOGY,218,,,WOS:000849998700002,10.1016/j.neuropharm.2022.109220,,#36897,Henningfield 2022,"",""
Presence of an intrapineal circadian oscillator in the teleostean family poeciliidae,"Okimoto, DK; Stetson, MH",,1999,,GENERAL AND COMPARATIVE ENDOCRINOLOGY,114,2,304-312,WOS:000080049500015,10.1006/gcen.1999.7260,,#36901,Okimoto 1999,"",""
Novel electrochemical-surface plasmon resonance (EC-SPR) sensor for amphetamine-type stimulants detection based on molecularly imprinted strategy,"Li, C; Han, DF; Liang, ZS; Han, FJ; Fu, WC; Wang, W; Han, DX; Wang, YK; Niu, L",,2022,,SENSORS AND ACTUATORS B-CHEMICAL,369,,,WOS:000826805400003,10.1016/j.snb.2022.132258,,#36915,Li 2022,"",""
Inheritance of rol-genes from Agrobacterium rhizogenes through two generations in Kalanchoe,"Lütken, H; Wallström, SV; Jensen, EB; Christensen, B; Müller, R",,2012,,EUPHYTICA,188,3,397-407,WOS:000311203700008,10.1007/s10681-012-0701-5,,#36919,Lütken 2012,"",""
PRESERVATION OF LEFT-VENTRICULAR FUNCTION BY INSULIN IN EXPERIMENTAL CATECHOLAMINE CARDIOMYOPATHY,"WERNER, JC; LEE, JC; DOWNING, SE",,1980,,AMERICAN JOURNAL OF PHYSIOLOGY,238,2,H257-H262,WOS:A1980JG69600053,10.1152/ajpheart.1980.238.2.H257,,#36920,WERNER 1980,"",""
EFFECT OF PSILOCYBIN LSD AND MESCALINE ON SMALL INVOLUNTARY EYE MOVEMENTS,"HEBBARD, FW; FISCHER, R",,1966,,PSYCHOPHARMACOLOGIA,9,2,146-146,WOS:A19667731900007,10.1007/BF00404719,,#36923,HEBBARD 1966,"",""
EFFECT OF SEROTONIN DEPLETION BY PARA-CHLOROPHENYLALANINE UPON DISCRIMINATIVE BEHAVIORS,"SCHECHTER, MD",,1991,,GENERAL PHARMACOLOGY,22,5,889-893,WOS:A1991GM00300025,10.1016/0306-3623(91)90226-V,,#36934,SCHECHTER 1991,"",""
DRUG-INDUCED PSYCHOSES AND SCHIZOPHRENIC REACTIONS - A CRITICAL COMPARISON,"HOLLISTER, LE",,1962,,ANNALS OF THE NEW YORK ACADEMY OF SCIENCES-SERIES,96,1,80-+,WOS:A19624763A00042,10.1111/j.1749-6632.1962.tb50103.x,,#36958,HOLLISTER 1962,"",""
BIOMEDICINE Psychedelics no better than placebos for mood boost,"Brainard, J",,2021,,SCIENCE,371,6534,1084-1084,WOS:000630096400048,,,#36960,Brainard 2021,"",""
"The effects of trait and state affect, on affect-consistent, emotional regulation","Mathes, EW",,2024,,CURRENT PSYCHOLOGY,43,7,6217-6224,WOS:000999953300001,10.1007/s12144-023-04809-5,,#36965,Mathes 2024,"",""
The influence of experience on mating preferences of the gynogenetic Amazon molly,"Marler, CA; Foran, C; Ryan, MJ",,1997,,ANIMAL BEHAVIOUR,53,,1035-1041,WOS:A1997XA36700017,10.1006/anbe.1996.0356,,#36966,Marler 1997,"",""
Distribution of PAR in DMT systems,"Yu, H; Chen, M; Wei, G",,2003,,ELECTRONICS LETTERS,39,10,799-801,WOS:000183353700028,10.1049/el:20030500,,#36971,Yu 2003,"",""
EVIDENCE FOR DUAL SEROTONERGIC PROJECTIONS TO NEOCORTEX - AXONS FROM THE DORSAL AND MEDIAN RAPHE NUCLEI ARE DIFFERENTIALLY VULNERABLE TO THE NEUROTOXIN PARA-CHLOROAMPHETAMINE (PCA),"MAMOUNAS, LA; MOLLIVER, ME",,1988,,EXPERIMENTAL NEUROLOGY,102,1,23-36,WOS:A1988Q664700003,10.1016/0014-4886(88)90075-1,,#36975,MAMOUNAS 1988,"",""
"From ""Social Supply"" to ""Real Dealing"": Drift, Friendship, and Trust in Drug-Dealing Careers","Taylor, M; Potter, GR",,2013,,JOURNAL OF DRUG ISSUES,43,4,392-406,WOS:000330302000001,10.1177/0022042612474974,,#36979,Taylor 2013,"",""
"PHENOTYPIC PLASTICITY IN THE SAILFIN MOLLY, POECILIA-LATIPINNA (PISCES, POECILIIDAE) .2. LABORATORY EXPERIMENT","TREXLER, JC; TRAVIS, J; TREXLER, M",,1990,,EVOLUTION,44,1,157-167,WOS:A1990CP95300012,10.2307/2409531,,#36980,TREXLER 1990,"",""
Multi-channel real-time access with starvation avoidance for heterogeneous data in smart factories☆,"Shi, HG; Huang, J; Li, HJ; Ao, TY; Li, W; Zhou, Y",,2025,,COMPUTER NETWORKS,264,,,WOS:001462264200001,10.1016/j.comnet.2025.111236,,#36984,Shi 2025,"",""
Psychiatric comorbidity in ecstasy users: A one year follow-up controlled study,"Gines, JM; Fonseca, F; Poudevida, S; Farre, M; De la Torre, R; Martin-Santos, R; Torrens, M",,2004,,EUROPEAN PSYCHIATRY,19,,158S-159S,WOS:000220948200520,,,#36996,Gines 2004,"",""
Morphological and cytogenetic effects of hydantoin and primidone. Experimental study,"Lidia, C; Mirela, C; Stela, Z",,2010,,ROMANIAN BIOTECHNOLOGICAL LETTERS,15,3,76-85,WOS:000279231700012,,,#37000,Lidia 2010,"",""
The relation of Internet searching to club drug knowledge and attitudes,"Brewer, NT",,2003,,PSYCHOLOGY & HEALTH,18,3,387-401,WOS:000183715400007,10.1080/0887044031000080313,,#37005,Brewer 2003,"",""
Augmented Reality for Maintenance Tasks with ChatGPT for Automated Text-to-Action,"Xu, F; Nguyen, T; Du, J",,2024,,JOURNAL OF CONSTRUCTION ENGINEERING AND MANAGEMENT,150,4,,WOS:001163361000006,10.1061/JCEMD4.COENG-14142,,#37008,Xu 2024,"",""
Cognitive and subjective effects of different low 'micro' doses of LSD in a placebo-controlled study,"Hutten, N; Mason, N; Dolder, P; Theunissen, E; Liechti, M; Feilding, A; Ramaekers, J; Kuypers, K",,2020,,EUROPEAN NEUROPSYCHOPHARMACOLOGY,31,,S63-S64,WOS:000509788000082,10.1016/j.euroneuro.2019.12.086,,#37019,Hutten 2020,"",""
The Irish in Schuylkill County Prison: Ethnic conflict in pre- and post-civil war Pennsylvania,"Gido, RL; Castle, T; Dodson, KD; McDonald, D; Olsen, CY",,2006,,PRISON JOURNAL,86,2,260-268,WOS:000239526600006,10.1177/0032885506288653,,#37025,Gido 2006,"",""
The role of experience in mating preferences of the unisexual Amazon molly,"Körner, KE; Lütjens, O; Parzefall, J; Schlupp, I",,1999,,BEHAVIOUR,136,,257-268,WOS:000079716900007,10.1163/156853999501315,,#37030,Körner 1999,"",""
CAUDAL NEUROSECRETORY-SYSTEM SYNAPTIC MORPHOLOGY FOLLOWING DEAFFERENTATION - AN ELECTRON-MICROSCOPIC DEGENERATION STUDY,"OBRIEN, JP; KRIEBEL, RM",,1983,,BRAIN RESEARCH BULLETIN,10,1,89-95,WOS:A1983PZ38200015,10.1016/0361-9230(83)90079-5,,#37032,OBRIEN 1983,"",""
Modeling and experimental validation of self-sensing high-frequency displacement of multi-dimensional discrete magnetostrictive actuator,"Li, CY; Chen, L; Zhang, H; Zhu, YC",,2026,,ENERGY,346,,,WOS:001691255900001,10.1016/j.energy.2026.140218,,#37035,Li 2026,"",""
The Promise and Demise of LSD Psychotherapy in Norway,"Haave, P; Pedersen, W",,2021,,SOCIAL HISTORY OF MEDICINE,34,2,399-416,WOS:000696245900003,10.1093/shm/hkz128,,#37038,Haave 2021,"",""
"The effects of male proximity, apparent size, and absolute size on female preference in the sailfin molly, Poecilia latipinna","MacLaren, RD",,2006,,BEHAVIOUR,143,,1457-1472,WOS:000244294100003,10.1163/156853906779367026,,#37040,MacLaren 2006,"",""
Impact of chemical ordering on thermodynamic properties of point defects and Xe substitutional in U-10Mo,"Yu, Z; Beeler, B; Zhang, YF",,2025,,JOURNAL OF NUCLEAR MATERIALS,615,,,WOS:001522452300001,10.1016/j.jnucmat.2025.155997,,#37043,Yu 2025,"",""
Illicit Drug Analysis in Blood Samples with Multivariate Analysis Using Surface-Enhanced Raman Spectroscopy,"Açikgöz, G; Çolak, A",,2023,,SPECTROSCOPY,38,,20-27,WOS:001064160600003,,,#37051,Açikgöz 2023,"",""
REACTIONS TO DMT AS RELATED TO PSYCHOTIC AND BORDERLINE PERSONALITY ORGANIZATION,"SUNDBOM, E; ARMELIUS, BA",,1992,,SCANDINAVIAN JOURNAL OF PSYCHOLOGY,33,2,178-188,WOS:A1992JB44000009,10.1111/j.1467-9450.1992.tb00897.x,,#37059,SUNDBOM 1992,"",""
Screening for drugs in oral fluid: Illicit drug use and drug driving in a sample of urban and regional Queensland motorists,"Davey, J; Freeman, J; Lavelle, A",,2009,,TRANSPORTATION RESEARCH PART F-TRAFFIC PSYCHOLOGY AND BEHAVIOUR,12,4,311-316,WOS:000269303500005,10.1016/j.trf.2009.04.005,,#37060,Davey 2009,"",""
Characterization of 4-[18F]-ADAM as an imaging agent for SERT in non-human primate brain using PET: a dynamic study,"Chen, YA; Huang, WS; Lin, YS; Cheng, CY; Liu, RS; Wang, SJ; Li, IH; Huang, SY; Shiue, CY; Chen, CY; Ma, KH",,2012,,NUCLEAR MEDICINE AND BIOLOGY,39,2,279-285,WOS:000300121300012,10.1016/j.nucmedbio.2011.08.002,,#37064,Chen 2012,"",""
Dopaminergic neurotoxic effects of 3-TFMPP derivatives,"Mohammed, MB; Almaghrabi, M; Fadan, M; Fujihashi, A; Lee, W; Deruiter, J; Clark, CR; Dhanasekaran, M",,2018,,LIFE SCIENCES,209,,357-369,WOS:000443730000044,10.1016/j.lfs.2018.07.052,,#37070,Mohammed 2018,"",""
THE EFFECT OF SEROTONIN DEPLETION ON THE DISCRIMINABILITY OF LSD,"WHITE, FJ; SIMMONS, MA; WEST, KB; HOLOHEAN, AM; APPEL, JB",,1980,,PHARMACOLOGY BIOCHEMISTRY AND BEHAVIOR,13,4,569-574,WOS:A1980KL26600013,10.1016/0091-3057(80)90282-8,,#37074,WHITE 1980,"",""
Pilot Data on Salivary Oxytocin as a Biomarker of LSD Response in Patients with Major Depressive Disorder,"Cazorla, L; Alaux, S; Amberger, C; Mabilais, C; Furtado, L; Buchard, A; Thorens, G; Penzenstadler, L; Zullino, D; Brakha, TA",,2025,,PSYCHOACTIVES,4,3,,WOS:001708948900001,10.3390/psychoactives4030026,,#37080,Cazorla 2025,"",""
Model for estimating enteric methane emissions from United States dairy and feedlot cattle,"Kebreab, E; Johnson, KA; Archibeque, SL; Pape, D; Wirth, T",,2008,,JOURNAL OF ANIMAL SCIENCE,86,10,2738-2748,WOS:000259587000033,10.2527/jas.2008-0960,,#37081,Kebreab 2008,"",""
Symbolic Meanings Attributed to Drugs by Drug Dealers,"Carroll, N; Dickinson, T",,2025,,DEVIANT BEHAVIOR,46,11,1520-1532,WOS:001296302500001,10.1080/01639625.2024.2394808,,#37082,Carroll 2025,"",""
No Thanks! A Mixed-Methods Exploration of the Social Processes Shaping Persistent Non-Initiation of Amphetamine-Type Stimulants,"Liebregts, N; McGovern, W; Spencer, L; O'Donnell, A",,2022,,CONTEMPORARY DRUG PROBLEMS,49,2,228-247,WOS:001115009400005,10.1177/00914509221084388,,#37105,Liebregts 2022,"",""
The birth of the queen the modern homosexual: Historical explanations revisited,"Lofstrom, J",,1997,,SOCIOLOGICAL REVIEW,45,1,24-41,WOS:A1997WG43700002,10.1111/1467-954X.00052,,#37111,Lofstrom 1997,"",""
Joint multi-target detection and single-target tracking framework for vehicles tracking based on UAV,"She, JY; Liu, YF; Zhou, R; Qi, NM",,2026,,AEROSPACE SCIENCE AND TECHNOLOGY,171,,,WOS:001665136200001,10.1016/j.ast.2026.111625,,#37112,She 2026,"",""
HIGH SENSITIVITY IMMUNOCHROMATOGRAPHIC TEST FOR DETECTION OF ILLICIT DRUGS IN ORAL FLUID: A FIGHT AGAINST DRUGS OF ABUSE,"Hanci, IH; Görgün, B; Kaya, K; Kozaci, LD",,2021,,JOURNAL OF BASIC AND CLINICAL HEALTH SCIENCES,5,1,49-53,WOS:000701322900008,10.30621/jbachs.873363,,#37116,Hanci 2021,"",""
MDVSCEfficient Wireless Model Division Video Semantic Communication,"Bao, ZC; Liang, HT; Dong, C; Li, C; Xu, XD; Zhang, P",,2025,,IEEE INTERNET OF THINGS JOURNAL,12,2,1109-1124,WOS:001395617300043,10.1109/JIOT.2024.3464614,,#37119,Bao 2025,"",""
Tabulation of multiple responses,"Jann, B",,2005,,STATA JOURNAL,5,1,92-122,WOS:000231609700013,10.1177/1536867X0500500113,,#37120,Jann 2005,"",""
GABAA and GABAB Receptor Agonists Promote the Hypothalamic-Pituitary-Ovarian Axis in the Postfertilization Model Poecilia sphenops,"Hotha, A; Ganesh, CB",,2025,,MOLECULAR REPRODUCTION AND DEVELOPMENT,92,7,,WOS:001530018200001,10.1002/mrd.70041,,#37125,Hotha 2025,"",""
"Pharmacobotanical study of Psychotria carthagenensis Jacq. (Rubiaceae), a species known as toxic and medicinal","dos Santos, EAV; Lopes-Silva, RF; Silva, ALE; Agra, MD",,2023,,INDIAN JOURNAL OF TRADITIONAL KNOWLEDGE,22,1,160-166,WOS:001022147600019,10.56042/ijtk.v22i1.33623,,#37132,dosSantos 2023,"",""
EFFECTS OF MANGROVE MARSH MANAGEMENT ON FISH AND DECAPOD COMMUNITIES,"LIN, J; BEAL, JL",,1995,,BULLETIN OF MARINE SCIENCE,57,1,193-201,WOS:A1995RH26500019,,,#37133,LIN 1995,"",""
A systems approach to determine the effect of changes in gene expression in adipose tissue on productive and reproductive efficiency in dairy cattle,"Huber, K; Kenez, A; McNamara, JP; Shields, SL",,2014,,ANIMAL PRODUCTION SCIENCE,54,9,1224-1227,WOS:000340553000013,10.1071/AN14209,,#37140,Huber 2014,"",""
INCREASED PLATELET MEMBRANE [H-3] LSD BINDING IN PATIENTS ON CHRONIC NEUROLEPTIC TREATMENT,"SCHACHTER, M; GEANEY, DP; GRAHAMESMITH, DG; COWEN, PJ; ELLIOTT, JM",,1985,,BRITISH JOURNAL OF CLINICAL PHARMACOLOGY,19,4,453-457,WOS:A1985AFF3600009,10.1111/j.1365-2125.1985.tb02670.x,,#37143,SCHACHTER 1985,"",""
"Mystical dynamics: renewal, luminous light, and ego disintegration as key features associated with mystical oneness-a psychometric analysis using the PES100 in controlled psychedelic studies","Stocker, K; Hartmann, M; Barrett, FS; Richards, W; Sepeda, ND; Straumann, I; Klaiber, A; Vogt, SB; Erne, L; Ley, L; Becker, AM; Vizeli, P; Holze, F; Liechti, ME",,2026,,RELIGION BRAIN & BEHAVIOR,,,,WOS:001731610700001,10.1080/2153599X.2026.2635353,,#37148,Stocker 2026,"",""
LAGRANGIAN STOCHASTIC-DETERMINISTIC (LSD) PREDICTIONS OF PARTICLE DISPERSION IN TURBULENCE,"MILOJEVIC, D",,1990,,PARTICLE & PARTICLE SYSTEMS CHARACTERIZATION,7,4,181-190,WOS:A1990EV76300003,10.1002/ppsc.19900070132,,#37150,MILOJEVIC 1990,"",""
Possibilistic mean based defuzzification for fuzzy expert systems and fuzzy control-LSD for general fuzzy sets,"Luukka, P; Stoklasa, J",,2024,,JOURNAL OF COMPUTATIONAL AND APPLIED MATHEMATICS,441,,,WOS:001112310000001,10.1016/j.cam.2023.115663,,#37152,Luukka 2024,"",""
"Distribution, habitat and conservation status of desert pupfish (Cyprinodon macularius) in the Lower Colorado River Basin, Mexico","Varela-Romero, A; Ruiz-Campos, G; Yépiz-Velázquez, LM; Alaníz-García, J",,2002,,REVIEWS IN FISH BIOLOGY AND FISHERIES,12,2,157-165,WOS:000184595600006,10.1023/A:1025006920052,,#37153,Varela-Romero 2002,"",""
EFFECTS OF SPACE-SHUTTLE EXHAUST PLUMES ON GILLS OF SOME ESTUARINE FISHES - A LIGHT AND ELECTRON-MICROSCOPIC STUDY,"HAWKINS, WE; OVERSTREET, RM; PROVANCHA, MJ",,1984,,GULF RESEARCH REPORTS,7,4,297-309,WOS:A1984ABH3500001,,,#37154,HAWKINS 1984,"",""
Unpacking perceived control in risk perception: The mediating role of anticipated regret,"Nordgren, LF; Van Der Pligt, J; Van Harreveld, F",,2007,,JOURNAL OF BEHAVIORAL DECISION MAKING,20,5,533-544,WOS:000252125300007,10.1002/bdm.565,,#37156,Nordgren 2007,"",""
"Female sailfin mollies, Poecilia latipinna, remember males and copy the choice of others after 1 day","Witte, K; Massmann, R",,2003,,ANIMAL BEHAVIOUR,65,,1151-1159,WOS:000184494500011,10.1006/anbe.2003.2160,,#37157,Witte 2003,"",""
EFFECTS OF LSD ON CLASSICAL-CONDITIONING AS A FUNCTION OF CS-UCS INTERVAL - RELATIONSHIP TO REFLEX FACILITATION,"HARVEY, JA; GORMEZANO, I; COOLHAUSER, VA; SCHINDLER, CW",,1988,,PHARMACOLOGY BIOCHEMISTRY AND BEHAVIOR,30,2,433-441,WOS:A1988P182400024,10.1016/0091-3057(88)90477-7,,#37158,HARVEY 1988,"",""
EFFECT OF LSD ON PACE OF PERFORMING A VARIETY OF TASKS,"KRUS, DM; WAPNER, S",,1962,,PERCEPTUAL AND MOTOR SKILLS,14,2,255-259,WOS:A1962CCX6400020,,,#37173,KRUS 1962,"",""
"DOSE-RESPONSE STUDY OF N,N-DIMETHYLTRYPTAMINE IN HUMANS .1. NEUROENDOCRINE, AUTONOMIC, AND CARDIOVASCULAR EFFECTS","STRASSMAN, RJ; QUALLS, CR",,1994,,ARCHIVES OF GENERAL PSYCHIATRY,51,2,85-97,WOS:A1994MW11800001,,,#37179,STRASSMAN 1994,"",""
Increasing Temperature Reduces Wheat Resistance Mediated by Major Resistance Genes to Mayetiola destructor (Diptera: Cecidomyiidae),"Tang, GW; Liu, XM; Chen, GH; Witworth, RJ; Chen, MS",,2018,,JOURNAL OF ECONOMIC ENTOMOLOGY,111,3,1433-1438,WOS:000434090800058,10.1093/jee/toy048,,#37186,Tang 2018,"",""
"DOSE-RESPONSE STUDY OF N,N-DIMETHYLTRYPTAMINE IN HUMANS .2. SUBJECTIVE EFFECTS AND PRELIMINARY-RESULTS OF A NEW RATING-SCALE","STRASSMAN, RJ; QUALLS, CR; UHLENHUTH, EH; KELLNER, R",,1994,,ARCHIVES OF GENERAL PSYCHIATRY,51,2,98-108,WOS:A1994MW11800002,,,#37187,STRASSMAN 1994,"",""
Per Capita Effects of Non-native Mayan Cichlids (Cichlasoma urophthalmus; Gunther) on Native Fish in the Estuarine Southern Everglades,"Harrison, E; Lorenz, JJ; Trexler, JC",,2013,,COPEIA,,1,80-96,WOS:000411881100011,10.1643/CE-11-182,,#37189,Harrison 2013,"",""
Using video playback to study the effect of an audience on male mating behavior in the Sailfin molly (Poecilia latipinna),"Makowicz, AM; Plath, M; Schlupp, I",,2010,,BEHAVIOURAL PROCESSES,85,1,36-41,WOS:000280901100006,10.1016/j.beproc.2010.06.003,,#37190,Makowicz 2010,"",""
Experimental and numerical study on a full scale apex connection of cold-formed steel portal frames,"Öztürk, F; Pul, S",,2015,,THIN-WALLED STRUCTURES,94,,79-88,WOS:000359328500008,10.1016/j.tws.2015.04.004,,#37203,Öztürk 2015,"",""
Study on surface asperity flattening during uniaxial planar compression,"Li, HJ; Jiang, ZY; Wei, DB; Han, JT; Tieu, AK",,2011,,WEAR,271,9-10,1778-1784,WOS:000294590200074,10.1016/j.wear.2010.11.051,,#37204,Li 2011,"",""
"Recreational use of psychedelics at music festivals: Motivation, nature of experiences and learnings","Mosina, I; Michael, P",,2024,,JOURNAL OF PSYCHEDELIC STUDIES,8,1,106-121,WOS:001220193600002,10.1556/2054.2023.00282,,#37205,Mosina 2024,"",""
Synthesis of agro-industrial wastes/sodium alginate/bovine gelatin-based polysaccharide hydrogel beads: Characterization and application as controlled-release microencapsulated fertilizers,"Yetilmezsoy, K; Kiyan, E; Ilhan, F",,2024,,INTERNATIONAL JOURNAL OF BIOLOGICAL MACROMOLECULES,279,,,WOS:001315618500001,10.1016/j.ijbiomac.2024.135382,,#37215,Yetilmezsoy 2024,"",""
Serotonergic mediation of DRL 72s behavior: Receptor subtype involvement in a behavioral screen for antidepressant drugs,"Jolly, DC; Richards, JB; Seiden, LS",,1999,,BIOLOGICAL PSYCHIATRY,45,9,1151-1162,WOS:000080207900008,10.1016/S0006-3223(98)00014-6,,#37221,Jolly 1999,"",""
Pharmacological recruitment of the GABAergic tail of the ventral tegmental area by acute drug exposure,"Kaufling, J; Waltisperger, E; Bourdy, R; Valera, A; Veinante, P; Freund-Mercier, MJ; Barrot, M",,2010,,BRITISH JOURNAL OF PHARMACOLOGY,161,8,1677-1691,WOS:000284421900001,10.1111/j.1476-5381.2010.00984.x,,#37227,Kaufling 2010,"",""
LASTING EFFECTS OF A LOW DOSE OF LSD VS PLACEBO ON DEPRESSIVE SYMPTOMS,"de Wit, H",,2026,,NEUROPSYCHOPHARMACOLOGY,51,SUPPL1,,WOS:001665758000138,,,#37230,deWit 2026,"",""
Vegetation Effects on Fish Distribution in Impounded Salt Marshes,"Stolen, ED; Collazo, JA; Percival, HF",,2009,,SOUTHEASTERN NATURALIST,8,3,503-514,WOS:000270341300011,10.1656/058.008.0311,,#37239,Stolen 2009,"",""
Drug-drug discrimination: Stimulus properties of drugs of abuse upon a serotonergic-dopaminergic continuum,"Schechter, MD",,1997,,PHARMACOLOGY BIOCHEMISTRY AND BEHAVIOR,56,1,89-96,WOS:A1997WA25100013,10.1016/S0091-3057(96)00161-X,,#37250,Schechter 1997,"",""
Serotonin Receptors Expressed in Drosophila Mushroom Bodies Differentially Modulate Larval Locomotion,"Silva, B; Goles, NI; Varas, R; Campusano, JM",,2014,,PLOS ONE,9,2,,WOS:000332385900062,10.1371/journal.pone.0089641,,#37253,Silva 2014,"",""
The eigenvector LSD of information plus noise matrices and its application to linear regression model,"Li, YL; Zhou, HC; Hu, J",,2023,,STATISTICS & PROBABILITY LETTERS,197,,,WOS:000951437200001,10.1016/j.spl.2023.109811,,#37264,Li 2023,"",""
Pathophysiology of nasal polyposis: The role of desmosomal junctions,"Zuckerman, JD; Lee, WY; DeIGaudio, JM; Moore, CE; Nava, P; Nusrat, A; Parkos, CA",,2008,,AMERICAN JOURNAL OF RHINOLOGY,22,6,589-597,WOS:000262205600005,10.2500/ajr.2008.22.3235,,#37270,Zuckerman 2008,"",""
Efficacy and Safety of Psilocybin in Treatment-Resistant Major Depression,"Mertens, LJ; Koslowski, M; Betzler, F; Brand, M; Evens, R; Kärtner, L; Jungaberle, A; Jungaberle, H; Majic, T; Schmitz, CN; Ströhle, A; Scharf, D; Spangemacher, M; Wolff, M; Assadi, Z; Bahri, S; Becher, L; Färber, LV; Kirchen, N; Kulakova, E; Kunz, L; Meijer, A; Rohrmoser, B; Wellek, S; Berger, MM; Gründer, G",,2026,,JAMA PSYCHIATRY,83,5,448-460,WOS:001718943200001,10.1001/jamapsychiatry.2026.0132,,#37273,Mertens 2026,"",""
Perceived public stigma and stigmatization in explaining lifetime illicit drug use among emerging adults,"Palamar, JJ; Halkitis, PN; Kiang, MV",,2013,,ADDICTION RESEARCH & THEORY,21,6,516-525,WOS:000326043600010,10.3109/16066359.2012.762508,,#37282,Palamar 2013,"",""
"Psychedelics, OCD and Related Disorders: Setting methodological strategies for future studies","Leuzzi, R; Tardivo, G; Pellegrini, L; Albert, U; Fineberg, NA",,2025,,JOURNAL OF OBSESSIVE-COMPULSIVE AND RELATED DISORDERS,45,,,WOS:001460581900001,10.1016/j.jocrd.2025.100951,,#37283,Leuzzi 2025,"",""
Phylogenetic relationships among the mollies (Poeciliidae: Poecilia: Mollienesia group) based on mitochondrial DNA sequences,"Ptacek, MB; Breden, F",,1998,,JOURNAL OF FISH BIOLOGY,53,,64-81,WOS:000077891900006,10.1111/j.1095-8649.1998.tb01018.x,,#37301,Ptacek 1998,"",""
Hearing Loss Alters Serotonergic Modulation of Intrinsic Excitability in Auditory Cortex,"Rao, D; Basura, GJ; Roche, J; Daniels, S; Mancilla, JG; Manis, PB",,2010,,JOURNAL OF NEUROPHYSIOLOGY,104,5,2693-2703,WOS:000285392000034,10.1152/jn.01092.2009,,#37308,Rao 2010,"",""
METABOLISM OF NITROSAMINES AND AFLATOXIN B-1 BY HAMSTER LIVER CYP2A ENZYMES,"PELKONEN, P; KIRBY, GM; WILD, CP; BARTSCH, H; LANG, MA",,1994,,CHEMICO-BIOLOGICAL INTERACTIONS,93,1,41-50,WOS:A1994PE56200004,10.1016/0009-2797(94)90084-1,,#37311,PELKONEN 1994,"",""
Posterior likelihood ratios for evaluation of forensic trace evidence given a two-level model on the data,"Alberink, I; Bolck, A; Menges, S",,2013,,JOURNAL OF APPLIED STATISTICS,40,12,2579-2600,WOS:000325198000003,10.1080/02664763.2013.822056,,#37315,Alberink 2013,"",""
Is 1/10 &gt; 10/100? The effect of denominator salience on perceptions of base rates of health risk,"Raghubir, P",,2008,,INTERNATIONAL JOURNAL OF RESEARCH IN MARKETING,25,4,327-334,WOS:000261818900011,10.1016/j.ijresmar.2008.07.006,,#37325,Raghubir 2008,"",""
The orexin-1 receptor antagonist SB-334867 decreases sympathetic responses to a moderate dose of methamphetamine and stress,"Rusyniak, DE; Zaretsky, DV; Zaretskaia, MV; Durant, PJ; DiMicco, JA",,2012,,PHYSIOLOGY & BEHAVIOR,107,5,743-750,WOS:000313308600016,10.1016/j.physbeh.2012.02.010,,#37342,Rusyniak 2012,"",""
Latent and Under-explored Determinants of Contraceptive Use in Nigeria,"Odimegwu, CO; Adewoyin, Y",,2021,,SEXUALITY RESEARCH AND SOCIAL POLICY,18,3,715-725,WOS:000567092200001,10.1007/s13178-020-00495-1,,#37351,Odimegwu 2021,"",""
Enhanced environmental time-series forecasting using ICA-LSD Bayesian LSTM: a robust approach for accurate and uncertainty-aware predictions,"Boddu, Y; Manimaran, A; Jayanth, T",,2025,,EARTH SCIENCE INFORMATICS,18,3,,WOS:001546043500001,10.1007/s12145-025-01987-7,,#37352,Boddu 2025,"",""
Psychedelics in the Treatment of Substance Use Disorders,"Barnett, BS; Weleff, J",,2022,,PSYCHIATRIC ANNALS,52,9,365-370,WOS:000858908600005,10.3928/00485713-20220804-01,,#37366,Barnett 2022,"",""
Learning conditional dependence graph for concepts via matrix normal graphical model,"Lai, JZ; Yin, JX",,2024,,STATISTICS AND ITS INTERFACE,17,2,187-198,WOS:001247379600005,,,#37370,Lai 2024,"",""
Unique Psychological Mechanisms Underlying Psilocybin Therapy Versus Escitalopram Treatment in the Treatment of Major Depressive Disorder,"Weiss, B; Roseman, L; Giribaldi, B; Nutt, DJ; Carhart-Harris, RL; Erritzoe, D",,2024,,INTERNATIONAL JOURNAL OF MENTAL HEALTH AND ADDICTION,22,2,806-841,WOS:001176637900001,10.1007/s11469-024-01253-9,,#37375,Weiss 2024,"",""
Trend Analysis of Substance Use Disorder During Pregnancy,"Ndanga, M; Sulley, S; Saka, AK",,2022,,CUREUS JOURNAL OF MEDICAL SCIENCE,14,3,,WOS:000778391200009,10.7759/cureus.23548,,#37378,Ndanga 2022,"",""
Building an explanatory model for snakebite envenoming care in the Brazilian Amazon from the indigenous caregivers' perspective,"de Farias, AS; do Nascimento, EF; Gomes, MR; Felix, AC; Arévalo, MC; Adriao, AAX; Wen, FH; de Carvalho, FG; Murta, F; Machado, VA; Sachett, J; Monteiro, WM",,2023,,PLOS NEGLECTED TROPICAL DISEASES,17,3,,WOS:000949108900002,10.1371/journal.pntd.0011172,,#37392,deFarias 2023,"",""
Quantitative analysis of multiple illicit drugs in preserved oral fluid by solid-phase extraction and liquid chromatography-tandem mass spectrometry,"Wood, M; Laloup, M; Fernandez, MDR; Jenkins, KM; Young, MS; Ramaekers, JG; De Boeck, G; Samyn, N",,2005,,FORENSIC SCIENCE INTERNATIONAL,150,2-3,227-238,WOS:000230124200015,10.1016/j.forsciint.2004.11.027,,#37398,Wood 2005,"",""
New psychoactive substances in Taiwan: The current situation and initiative for rational scheduling,"Yu, WJ; Cottler, LB; Li, JH",,2021,,JOURNAL OF FOOD AND DRUG ANALYSIS,29,1,168-181,WOS:000629289300013,10.38212/2224-6614.3225,,#37399,Yu 2021,"",""
Implementation of a community-based LC-UV drug checking service: promising preliminary findings on feasibility and validity,"Nicolas, F; Papias, E; Heckenroth, A; Martin, V; Allemann, D; Roux, P",,2024,,HARM REDUCTION JOURNAL,21,1,,WOS:001335586300003,10.1186/s12954-024-01098-4,,#37400,Nicolas 2024,"",""
"Dynamic surface-enhanced Raman spectroscopy and Chemometric methods for fast detection and intelligent identification of methamphetamine and 3,4-Methylenedioxy methamphetamine in human urine","Weng, SZ; Dong, RL; Zhu, ZD; Zhang, DY; Zhao, JL; Huang, LS; Liang, D",,2018,,SPECTROCHIMICA ACTA PART A-MOLECULAR AND BIOMOLECULAR SPECTROSCOPY,189,,1-7,WOS:000413607000001,10.1016/j.saa.2017.08.004,,#37402,Weng 2018,"",""
Diversity analysis in eggplant germplasm in india using DIVA-GIS approach,"Kumar, G; Sivaraj, N; Kamala, V; Gangopadhyay, KK; Pandey, S; Tiwari, SK; Panwar, NS; Meena, BL; Dutta, M",,2013,,INDIAN JOURNAL OF HORTICULTURE,70,4,519-+,WOS:000329946700011,,,#37403,Kumar 2013,"",""
DNA on drugs (part 2): An extended study into the transfer and persistence of DNA onto illicit drug capsules using realistic scenarios,"Griffin, A; Kirkbride, KP; Henry, J; Painter, B; Linacre, A",,2022,,FORENSIC SCIENCE INTERNATIONAL-GENETICS,60,,,WOS:000835075200006,10.1016/j.fsigen.2022.102740,,#37404,Griffin 2022,"",""
CORRELATIONS BETWEEN LOW-ENERGY AND HIGH-ENERGY PULSES DETECTED BY THE LSD INSTALLATION UNDER MT BLANC FROM 10 FEBRUARY 1987 TO 1 JULY 1987,"DADYKIN, VL; ZATSEPIN, GT; KOROLKOVA, EV; KORCHAGIN, PV; KUDRYAVTSEV, VA; MALGIN, AS; RYAZHSKAYA, OG; RYASNYI, VG; KHALCHUKOV, FF; YAKUSHEV, VF; AGLIETTA, M; BADINO, G; BOLOGNA, G; VERNETTO, S; GALEOTTI, P; CASTAGNOLI, C; CASTELLINA, A; SAAVEDRA, O; TRINCHERO, GC; FULGIONE, W",,1992,,JETP LETTERS,56,9,426-429,WOS:A1992KF74900003,,,#37410,DADYKIN 1992,"",""
Integration of high resolution remotely sensed data and machine learning techniques for spatial prediction of soil properties and corn yield,"Khanal, S; Fulton, J; Klopfenstein, A; Douridas, N; Shearer, S",,2018,,COMPUTERS AND ELECTRONICS IN AGRICULTURE,153,,213-225,WOS:000446284900021,10.1016/j.compag.2018.07.016,,#37411,Khanal 2018,"",""
"Microdosing psychedelics: personality, mental health, and creativity differences in microdosers","Anderson, T; Petranker, R; Rosenbaum, D; Weissman, CR; Dinh-Williams, LA; Hui, K; Hapke, E; Farb, NAS",,2019,,PSYCHOPHARMACOLOGY,236,2,731-740,WOS:000460476500016,10.1007/s00213-018-5106-2,,#37412,Anderson 2019,"",""
Screening for drugs of abuse in hair with ion spray LC-MS-MS,"Kronstrand, R; Nyström, I; Strandberg, J; Druid, H",,2004,,FORENSIC SCIENCE INTERNATIONAL,145,2-3,183-190,WOS:000224637100015,10.1016/j.forsciint.2004.04.034,,#37419,Kronstrand 2004,"",""
Patient perspectives on research gaps in cluster headache,"Haghdoost, F; Bahceci, D; Delcourt, C; Wijeratne, T; Jensen, RH; Cincinnato, C; Tomlinson, S; Wold, B; Polito, V; Carcel, C; Ashraf, U; Jenkins, B; Petersen, AS; Ray, JC; Schindler, EAD; Tsang, B; Gianacas, C; Rodgers, A",,2026,,HEADACHE,66,2,377-387,WOS:001666165500001,10.1111/head.70031,,#37432,Haghdoost 2026,"",""
Synergistic behavioral and neuroplastic effects of psilocybin-NMDAR modulator administration,"Ben-Tal, T; Pogodin, I; Botvinnik, A; Lifschytz, T; Heresco-Levy, U; Lerer, B",,2025,,TRANSLATIONAL PSYCHIATRY,15,1,,WOS:001507831900002,10.1038/s41398-025-03428-x,,#37434,Ben-Tal 2025,"",""
"Benefits and Challenges of Ultra-Fast, Short-Acting Psychedelics in the Treatment of Depression","Ramaekers, JG; Reckweg, JT; Mason, NL",,2025,,AMERICAN JOURNAL OF PSYCHIATRY,182,1,33-46,WOS:001390950700007,10.1176/appi.ajp.20230890,,#37441,Ramaekers 2025,"",""
Comparative Evaluation of Accuracy of 2 Electronic Apex Locators with Conventional Radiography: An Ex vivo Study,"Khandewal, D; Ballal, NV; Saraswathi, MV",,2015,,JOURNAL OF ENDODONTICS,41,2,201-204,WOS:000349424300011,10.1016/j.joen.2014.10.011,,#37451,Khandewal 2015,"",""
Psychedelics for the Treatment of Psychiatric Disorders: Interpreting and Translating Available Evidence and Guidance for Future Research,"Mcintyre, RS; Kwan, ATH; Mansur, RB; Oliveira-Maia, AJ; Teopiz, KM; Maletic, V; Suppes, T; Stahl, SM; Rosenblat, JD",,2025,,AMERICAN JOURNAL OF PSYCHIATRY,182,1,21-32,WOS:001390950700006,10.1176/appi.ajp.20230902,,#37457,Mcintyre 2025,"",""
Psychedelics and Mental Health: A Population Study,"Krebs, TS; Johansen, PO",,2013,,PLOS ONE,8,8,,WOS:000323425700001,10.1371/journal.pone.0063972,,#37458,Krebs 2013,"",""
Psychedelics produce enduring behavioral effects and functional plasticity through mechanisms independent of structural plasticity,"Kramer, HM; Hibicke, M; Middleton, J; Jaster, AM; Kristensen, JL; Nichols, CD",,2026,,NEUROPSYCHOPHARMACOLOGY,51,3,641-649,WOS:001613135000001,10.1038/s41386-025-02272-3,,#37466,Kramer 2026,"",""
Something New about Something Old: A 10-Year Follow-Up on Classical and New Psychoactive Tryptamines and Results of Analysis,"Palma-Conesa, AJ; Ventura, M; Galindo, L; Fonseca, F; Grifell, M; Quintana, P; Fornís, I; Gil, C; Farré, M; Torrens, M",,2017,,JOURNAL OF PSYCHOACTIVE DRUGS,49,4,297-305,WOS:000414166300005,10.1080/02791072.2017.1320732,,#37471,Palma-Conesa 2017,"",""
CEREBRAL SEROTONIN IN VIRAL ENCEPHALITIS,"LIMA, L; DRUJAN, B; WALDER, R",,1990,,JOURNAL OF NEURAL TRANSMISSION-GENERAL SECTION,,,141-151,WOS:A1990DK61100015,,,#37479,LIMA 1990,"",""
Effect of birds and mammals on seed integrity and germination in the columnar cactus Pilosocereus leucocephalus,"Pizarro-Ortiz, C; Miranda-Jácome, A; Sosa, VJ",,2025,,OECOLOGIA,207,11,,WOS:001590340200001,10.1007/s00442-025-05798-x,,#37485,Pizarro-Ortiz 2025,"",""
Microdosing as a Response to the Meaning Crisis: A Qualitative Analysis,"Petranker, R; Kim, J; Anderson, T",,2022,,JOURNAL OF HUMANISTIC PSYCHOLOGY,,,,WOS:000759885800001,10.1177/00221678221075076,,#37505,Petranker 2022,"",""
Selection Bias in Psychedelic Research: Comparing Self-Reported Quality-Of-Life Impact Between Enthusiasts and a General Population Sample,"Bendz, J; Schäfer, L; Sjöström, D; Sikström, S; Kajonius, P",,2026,,JOURNAL OF PSYCHOACTIVE DRUGS,,,,WOS:001719044200001,10.1080/02791072.2026.2644856,,#37507,Bendz 2026,"",""
Decreased directed functional connectivity in the psychedelic state,"Barnett, L; Muthukumaraswamy, SD; Carhart-Harris, RL; Seth, AK",,2020,,NEUROIMAGE,209,,,WOS:000517885100010,10.1016/j.neuroimage.2019.116462,,#37511,Barnett 2020,"",""
Entheogens and Psychedelics in Canada: Proposal for a New Paradigm,"Rochester, J; Vallely, A; Grof, P; Williams, MT; Chang, H; Caldwell, K",,2022,,CANADIAN PSYCHOLOGY-PSYCHOLOGIE CANADIENNE,63,3,413-430,WOS:000735238800001,10.1037/cap0000285,,#37515,Rochester 2022,"",""
Similar autonomic responsivity in boys with conduct disorder and their fathers,"Herpertz, SC; Vloet, T; Mueller, B; Domes, G; Willmes, K; Herpertz-Dahlmann, B",,2007,,JOURNAL OF THE AMERICAN ACADEMY OF CHILD AND ADOLESCENT PSYCHIATRY,46,4,535-544,WOS:000245157800016,10.1097/chi.0b013e3180306286,,#37516,Herpertz 2007,"",""
"Personality Change in a Trial of Psilocybin Therapy vs Escitalopram Treatment for Depression (vol 54, pg 178, 2024)","Weiss, B; Ginige, I; Shannon, L; Giribaldi, B; Murphy-Beiner, A; Murphy, R; Baker-Jones, M; Martell, J; Nutt, DJ; Carhart-Harris, RL; Erritzoe, D",,2024,,PSYCHOLOGICAL MEDICINE,54,1,217-217,WOS:001169100900001,10.1017/S0033291723002039,,#37533,Weiss 2024,"",""
BEHAVIORAL DISINHIBITION BY MESCALINE,"CARDER, B; CHENG, RSW",,1976,,LIFE SCIENCES,18,6,585-591,WOS:A1976BN27100005,10.1016/0024-3205(76)90337-4,,#37558,CARDER 1976,"",""
"Intravenous Lipid Emulsion Therapy for Severe Diphenhydramine Toxicity: A Randomized, Controlled Pilot Study in a Swine Model","Varney, SM; Bebarta, VS; Boudreau, SM; Vargas, TE; Castaneda, M; Zarzabal, LA",,2016,,ANNALS OF EMERGENCY MEDICINE,67,2,196-205,WOS:000369124400010,10.1016/j.annemergmed.2015.05.028,,#37566,Varney 2016,"",""
Neurophysiological effects of various music genres on electroencephalographic (EEG) cerebral cortex activity,"Rodriguez, AH; Zallek, SN; Xu, MC; Aldag, J; Russell-chapin, L; Mattei, TA; Litofsky, NS",,2021,,JOURNAL OF PSYCHEDELIC STUDIES,5,2,128-148,WOS:000903278800008,10.1556/2054.2019.027,,#37571,Rodriguez 2021,"",""
Big Five personality and the psychedelic experience: An initial report,"Kajonius, PJ; Sjöström, D; Claesdotter-Knutsson, E",,2025,,JOURNAL OF PSYCHEDELIC STUDIES,9,4,412-416,WOS:001531528500001,10.1556/2054.2025.00414,,#37572,Kajonius 2025,"",""
DNA barcoding of Neotropical black flies (Diptera: Simuliidae): Species identification and discovery of cryptic diversity in Mesoamerica,"Hernández-Triana, LM; Chaverri, LG; Rodríguez-Pérez, MA; Prosser, SWJ; Hebert, PDN; Gregory, TR; Johnson, N",,2015,,ZOOTAXA,3936,1,93-114,WOS:000351161800005,10.11646/zootaxa.3936.1.5,,#37574,Hernández-Triana 2015,"",""
Stimulant Overdose Prediction Model for Medicaid-Insured Persons,"Srivastava, T; Harris, RA; Bettigole, C; Zhang, HX; Brensinger, CM; Bogar, K; Wang, FG; Nesoff, ED; Bilker, WB; Hennessy, S",,2025,,JAMA HEALTH FORUM,6,9,,WOS:001575736300006,10.1001/jamahealthforum.2025.3489,,#37578,Srivastava 2025,"",""
Psilocybin Outside the Clinic,"Hutchison, KE; Hooper, JF; Karoly, HC",,2026,,JAMA PSYCHIATRY,83,1,78-84,WOS:001615846400001,10.1001/jamapsychiatry.2025.3038,,#37579,Hutchison 2026,"",""
Real-world evidence of the collective effects of psychedelic therapy: Evaluating from the grassroots,"Noorani, T; Liebert, RJ",,2024,,JOURNAL OF PSYCHEDELIC STUDIES,8,2,260-268,WOS:001325336300011,10.1556/2054.2024.00369,,#37581,Noorani 2024,"",""
Matrix-assisted laser-desorption/ionization-mass spectrometric imaging of psilocybin and its analogues in psychedelic mushrooms using a cesium chloride-coated target plate,"Wang, H; Wang, Y",,2023,,ANALYTICAL AND BIOANALYTICAL CHEMISTRY,415,4,735-745,WOS:000914624500001,10.1007/s00216-022-04467-9,,#37588,Wang 2023,"",""
Do Psychedelics Mimic Psychosis? Perspectives on Similarities and Differences from Individuals with Lived Experience of Psychosis and Psychedelics,"Dourron, HM; Bradley, MK; Copes, H; Nicholas, CR; Turner, JA; Allen-Clark, G; Hendricks, PS",,2026,,INTERNATIONAL JOURNAL OF MENTAL HEALTH AND ADDICTION,,,,WOS:001716323700001,10.1007/s11469-026-01649-9,,#37591,Dourron 2026,"",""
Heritability of elevated factor VIII antigen levels in factor V Leiden families with thrombophilia,"Kamphuisen, PW; Lensen, R; Houwing-Duistermaat, JJ; Eikenboom, JCJ; Harvey, M; Bertina, RM; Rosendaal, FR",,2000,,BRITISH JOURNAL OF HAEMATOLOGY,109,3,519-522,WOS:000087983600008,10.1046/j.1365-2141.2000.02091.x,,#37592,Kamphuisen 2000,"",""
Current Evidence for the Role of Rapid-Acting Antidepressants in Bipolar Depression: A Perspective and Plan for Action,"Repple, J; Bayas, M; Möser, C; Kobayashi, NF; Reif, A",,2025,,BIOLOGICAL PSYCHIATRY,98,4,333-342,WOS:001541037900001,10.1016/j.biopsych.2025.02.903,,#37595,Repple 2025,"",""
PSYCHOPHARMACOLOGICAL ANALYSIS OF AN ALLEGED ONEIROGENIC PLANT - CALEA-ZACATECHICHI,"MAYAGOITIA, L; DIAZ, JL; CONTRERAS, CM",,1986,,JOURNAL OF ETHNOPHARMACOLOGY,18,3,229-243,WOS:A1986F431500002,10.1016/0378-8741(86)90002-4,,#37597,MAYAGOITIA 1986,"",""
CONTROLLED STUDY OF LYSERGIDE - REPLY,"SMART, RG; STORM, T; BAKER, EFW; SOLURSH, L",,1967,,QUARTERLY JOURNAL OF STUDIES ON ALCOHOL,28,2,351-353,WOS:A1967ZX28400017,,,#37604,SMART 1967,"",""
Lifetime experience with (classic) psychedelics predicts pro-environmental behavior through an increase in nature relatedness,"Forstmann, M; Sagioglou, C",,2017,,JOURNAL OF PSYCHOPHARMACOLOGY,31,8,975-988,WOS:000407113300003,10.1177/0269881117714049,,#37608,Forstmann 2017,"",""
Psychedelic-Assisted Psychotherapy: Attitudes of Law Enforcement and Military Personnel,"Hopkins, A; Bailey, C; Rybak, E; Ricardo, M",,2026,,JOURNAL OF POLICE AND CRIMINAL PSYCHOLOGY,,,,WOS:001720719500001,10.1007/s11896-026-09807-4,,#37609,Hopkins 2026,"",""
Investigating Emotional Reactivity in Experienced Users of Psychedelics: A Cross-Sectional fMRI Study,"Orlowski, P; Domagalik, A; Bola, M",,2026,,HUMAN BRAIN MAPPING,47,5,,WOS:001735628800001,10.1002/hbm.70522,,#37615,Orlowski 2026,"",""
"Break on Through: Betty Eisner's Problematic Use of Psychedelics, Groups, and Control for Integrative Experiences","Davidson, T; Plesa, P",,2025,,JOURNAL OF THE HISTORY OF THE BEHAVIORAL SCIENCES,61,3,,WOS:001507496500001,10.1002/jhbs.70027,,#37623,Davidson 2025,"",""
Tabernanthalog Reduces Motivation for Heroin and Alcohol in a Polydrug Use Model,"Heinsbroek, JA; Giannotti, G; Bonilla, J; Olson, DE; Peters, J",,2023,,PSYCHEDELIC MEDICINE,1,2,111-119,WOS:001570548700002,10.1089/psymed.2023.0009,,#37629,Heinsbroek 2023,"",""
WEAK AND STRONG MAGNETIC FIELDS EFFECT ON THE NON-EXTENSIVE THERMODYNAMICS,"Tarek, E; Ahmed, MM; Shalaby, AG",,2023,,ACTA PHYSICA POLONICA B,54,4,,WOS:001046412100001,10.5506/APhysPolB.54.4-A2,,#37631,Tarek 2023,"",""
Detection of mescaline in human hair samples by UPLC-MS/MS: Application to 19 authentic forensic cases,"Yang, S; Shi, Y; Chen, ZN; Chen, MB; Liu, XZ; Liu, W; Su, MX; Di, B",,2022,,JOURNAL OF CHROMATOGRAPHY B-ANALYTICAL TECHNOLOGIES IN THE BIOMEDICAL AND LIFE SCIENCES,1195,,,WOS:000789880500008,10.1016/j.jchromb.2022.123202,,#37633,Yang 2022,"",""
Heteroaromatic salvinorin A analogue (P-3 l) elicits antinociceptive and anxiolytic-like effects,"Moreira, CVL; Faria, ALG; Silva, DPB; Ghedini, PC; Martins, JLR; Keasling, AW; Zjawiony, JK; Pandey, P; Doerksen, RJ; Napolitano, HB; da Rocha, FF; Costa, EA; Fajemiroye, JO",,2023,,FITOTERAPIA,167,,,WOS:000984570900001,10.1016/j.fitote.2023.105488,,#37639,Moreira 2023,"",""
A role for enhanced functions of sleep in psychedelic therapy?,"Froese, T; Leenen, I; Palenicek, T",,2018,,ADAPTIVE BEHAVIOR,26,3,129-135,WOS:000437321300003,10.1177/1059712318762735,,#37642,Froese 2018,"",""
Interval delivery of 5HT2A agonists using multilayered polymer films,"Hossain, M; Sulochana, SP; Heath, KE; Bari, SMI; Brewster, P; Barnes, J; Munivar, A; Walker, GM; Puleo, DA; Werfel, TA",,2023,,JOURNAL OF BIOMEDICAL MATERIALS RESEARCH PART A,111,6,790-800,WOS:000908680700001,10.1002/jbm.a.37497,,#37645,Hossain 2023,"",""
Mortality risk among people receiving acute hospital care for hallucinogen use compared with the general population,"Myran, DT; Xiao, J; Fabiano, N; Pugliese, M; Kaster, TS; Rosenblat, JD; Husain, MI; Fiedorowicz, JG; Wong, S; Tanuseputro, P; Solmi, M",,2025,,CANADIAN MEDICAL ASSOCIATION JOURNAL,197,8,E204-E213,WOS:001437502600001,10.1503/cmaj.241191,,#37649,Myran 2025,"",""
The Subjective Effects of Psychedelics Are Necessary for Their Enduring Therapeutic Effects,"Yaden, DB; Griffiths, RR",,2021,,ACS PHARMACOLOGY & TRANSLATIONAL SCIENCE,4,2,568-572,WOS:000639067200018,10.1021/acsptsci.0c00194,,#37652,Yaden 2021,"",""
Psychedelic drug use and schizotypy in young adults,"Lebedev, AV; Acar, K; Garzón, B; Almeida, R; Råback, J; Åberg, A; Martinsson, S; Olsson, A; Louzolo, A; Pärnamets, P; Lövden, M; Atlas, L; Ingvar, M; Petrovic, P",,2021,,SCIENTIFIC REPORTS,11,1,,WOS:000679382900008,10.1038/s41598-021-94421-z,,#37654,Lebedev 2021,"",""
Synthesis and Biological Analysis of Iso-dimethyltryptamines in a Model of Light-Induced Retinal Degeneration,"Pazur, EJ; Kalatanova, A; Tasker, NR; Vainionpää, K; Leinonen, H; Wipf, P",,2024,,ACS MEDICINAL CHEMISTRY LETTERS,15,7,1049-1056,WOS:001247378700001,10.1021/acsmedchemlett.4c00130,,#37655,Pazur 2024,"",""
N-methylation dissociates methamphetamine's neurotoxic and behavioral pharmacologic effects,"Fasciano, J; Hatzidimitriou, G; Yuan, J; Katz, JL; Ricaurte, GA",,1997,,BRAIN RESEARCH,771,1,115-120,WOS:A1997YD13200013,10.1016/S0006-8993(97)00801-9,,#37661,Fasciano 1997,"",""
Interhemispheric insular and inferior frontal connectivity are associated with substance abuse in a psychiatric population,"Viswanath, H; Velasquez, KM; Savjani, R; Molfese, DL; Curtis, K; Molfese, PJ; Eagleman, DM; Baldwin, PR; Frueh, BC; Fowler, JC; Salas, R",,2015,,NEUROPHARMACOLOGY,92,,63-68,WOS:000351793700009,10.1016/j.neuropharm.2014.12.030,,#37664,Viswanath 2015,"",""
Discovery of Iboga-Derived Ligands for the Sigma-2 Receptor,"Hughes, AJ; Talbert, JA; Townsend, SD",,2025,,ACS BIO & MED CHEM AU,5,3,379-386,WOS:001487282400001,10.1021/acsbiomedchemau.5c00011,,#37665,Hughes 2025,"",""
The Psilocybin-Telomere Hypothesis: An empirically falsifiable prediction concerning the beneficial neuropsychopharmacological effects of psilocybin on genetic aging,"Germann, CB",,2020,,MEDICAL HYPOTHESES,134,,,WOS:000510971500002,10.1016/j.mehy.2019.109406,,#37666,Germann 2020,"",""
Structural confirmation of position isomers 2-(2-methylaminoprolyl)benzofuran and 5-(2-methylaminopropyl)benzofuran: a combined mass spectrometric and computational study,"Xu, Y; Lin, X; Chen, XX; Ke, X; Wu, H; Fan, YL; Zhou, J; Xu, JW",,2023,,RAPID COMMUNICATIONS IN MASS SPECTROMETRY,38,4,,WOS:001130392000001,10.1002/rcm.9688,,#37677,Xu 2023,"",""
Determination of ibogaine in plasma by gas chromatography chemical ionization mass spectrometry,"Ley, FR; Jeffcoat, AR; Thomas, BF",,1996,,JOURNAL OF CHROMATOGRAPHY A,723,1,101-109,WOS:A1996TW15200012,10.1016/0021-9673(95)00827-6,,#37679,Ley 1996,"",""
Optimization through a Box-Behnken Experimental Design of the Microwave-Assisted Extraction of the Psychoactive Compounds in Hallucinogenic Fungi (Psylocibe cubensis),"Polo-Castellano, C; Alvarez, JA; Palma, M; Barbero, GF; Ayuso, J; Ferreiro-González, M",,2022,,JOURNAL OF FUNGI,8,6,,WOS:000818516400001,10.3390/jof8060598,,#37681,Polo-Castellano 2022,"",""
Cigarette prices and illicit drug use: is there a connection?,"Goel, RK",,2009,,APPLIED ECONOMICS,41,9,1071-1076,WOS:000264750000001,10.1080/00036840601019141,,#37683,Goel 2009,"",""
Relationship between drug use and prefrontal-associated traits,"Spinella, M",,2003,,ADDICTION BIOLOGY,8,1,67-74,WOS:000181603600009,10.1080/1355621031000069909,,#37687,Spinella 2003,"",""
Biological embedding of early trauma: the role of higher prefrontal synaptic strength,"Tamman, AJF; Jiang, LH; Averill, CL; Mason, GF; Averill, LA; Abdallah, CG",,2023,,EUROPEAN JOURNAL OF PSYCHOTRAUMATOLOGY,14,2,,WOS:001057358500001,10.1080/20008066.2023.2246338,,#37691,Tamman 2023,"",""
Substance use predictors of arrest and self-reported criminal behavior in the United States: The role of psychedelics and rarely used drugs,"Norris, JJ",,2026,,JOURNAL OF PSYCHOPHARMACOLOGY,,,,WOS:001741765200001,10.1177/02698811261436577,,#37693,Norris 2026,"",""
PERSONALITY AND HALLUCINOGEN ABUSE IN A COLLEGE POPULATION FROM INDIA,"NISHITH, P; MUESER, KT; GUPTA, P",,1994,,PERSONALITY AND INDIVIDUAL DIFFERENCES,17,4,561-563,WOS:A1994PH39400012,10.1016/0191-8869(94)90093-0,,#37697,NISHITH 1994,"",""
"Psilocybin retail stores in Canada: Changes in availability, commercialization, and geographic distribution","Matsukubo, J; Friesen, EL; MacDonald-Spracklin, R; Iseman, R; Solmi, M; Fiedorowicz, JG; Fischer, B; Myran, DT",,2026,,CANADIAN JOURNAL OF PUBLIC HEALTH-REVUE CANADIENNE DE SANTE PUBLIQUE,,,,WOS:001718246900001,10.17269/s41997-026-01178-x,,#37698,Matsukubo 2026,"",""
Lipoproteins and apolipoproteins in the young and familial risk of coronary atherosclerosis,"Uiterwaal, CSPM; Witteman, JCM; vanStiphout, WAHJ; Krauss, XH; deBruijn, AM; Hofman, A; Grobbee, DE",,1996,,ATHEROSCLEROSIS,122,2,235-244,WOS:A1996UN13200009,10.1016/0021-9150(95)05758-7,,#37704,Uiterwaal 1996,"",""
THE INTERTWINING OF CLOSED AND OPEN SPACES IN THE NOVELS OF JACK KEROUAC,"Kocic, AZ",,2022,,FOLIA LINGUISTICA ET LITTERARIA,,43,89-107,WOS:000937355900006,10.31902/fll.43.2022.5,,#37705,Kocic 2022,"",""
Psilocybin mushroom exposures reported to poison control centers: an NPDS study,"Stripp, MP; Beuhler, MC",,2017,,CLINICAL TOXICOLOGY,55,7,751-751,WOS:000406384000125,,,#37706,Stripp 2017,"",""
"Hypoxia, Psychedelics, and Terminal Lucidity: A Perspective on Neuroplasticity and Neuropsychiatric Disorders","Zhang, JJ; Du, XB; Li, XY; Lv, XY; Wang, XH",,2025,,ACS PHARMACOLOGY & TRANSLATIONAL SCIENCE,8,9,2848-2854,WOS:001548399800001,10.1021/acsptsci.5c00440,,#37708,Zhang 2025,"",""
Perspective: Can psychedelic-assisted therapy be a promising aid in compulsive sexual behavior disorder treatment?,"Wizla, M; Kraus, SW; Lewczuk, K",,2022,,COMPREHENSIVE PSYCHIATRY,115,,,WOS:000821875100004,10.1016/j.comppsych.2022.152303,,#37709,Wizla 2022,"",""
Fear and Loathing in the United Nations: The Establishment of International Control of Psychedelics Through the 1971 Convention on Psychotropic Substances,"Bergkvist, M; Barrett, D; Edman, J; Johnson, B",,2026,,CONTEMPORARY DRUG PROBLEMS,,,,WOS:001708364600001,10.1177/00914509261429506,,#37710,Bergkvist 2026,"",""
"THE HOST RANGE OF OPHRAELLA-COMMUNA LESAGE (COLEOPTERA, CHRYSOMELIDAE)","PALMER, WA; GOEDEN, RD",,1991,,COLEOPTERISTS BULLETIN,45,2,115-120,WOS:A1991FT23500003,,,#37715,PALMER 1991,"",""
"MESCALINE-INDUCED PSYCHOPATHOLOGICAL, NEUROPSYCHOLOGICAL, AND NEUROMETABOLIC EFFECTS IN NORMAL SUBJECTS - EXPERIMENTAL PSYCHOSIS AS A TOOL FOR PSYCHIATRIC RESEARCH","HERMLE, L; FUNFGELD, M; OEPEN, G; BOTSCH, H; BORCHARDT, D; GOUZOULIS, E; FEHRENBACH, RA; SPITZER, M",,1992,,BIOLOGICAL PSYCHIATRY,32,11,976-991,WOS:A1992KC87200003,10.1016/0006-3223(92)90059-9,,#37717,HERMLE 1992,"",""
Synthesis and Evaluation of Novel Aza-Aromatics as Dual 5-HT2A and 5-HT2C Receptor Agonists,"Adhikari, AS; Yadav, A; Pandit, S; Kumar, S; Pandey, VK; Maurya, AK; Umrao, D; Chand, D; Maity, D; Gayen, JR; Srivastava, KR; Yadav, PN; Majumdar, N",,2025,,ACS MEDICINAL CHEMISTRY LETTERS,16,12,2435-2443,WOS:001626474000001,10.1021/acsmedchemlett.5c00505,,#37720,Adhikari 2025,"",""
"Psilocybin: Characterization of the Metastable Zone Width (MSZW), Control of Anhydrous Polymorphs, and Particle Size Distribution (PSD)","Kargbo, RB; Sherwood, AM; Meisenheimer, P; Lenoch, K; Abebe, S",,2022,,ACS OMEGA,7,6,5429-5436,WOS:000768240200001,10.1021/acsomega.1c06708,,#37725,Kargbo 2022,"",""
Identification of antidepressant drug leads through the evaluation of marine natural products with neuropsychiatric pharmacophores,"Diers, JA; Ivey, KD; El-Alfy, A; Shaikh, J; Wang, J; Kochanowska, AJ; Stoker, JF; Hamann, MT; Matsumoto, RR",,2008,,PHARMACOLOGY BIOCHEMISTRY AND BEHAVIOR,89,1,46-53,WOS:000253032700008,10.1016/j.pbb.2007.10.021,,#37730,Diers 2008,"",""
Precipitating factors in spontaneous recurrence of methamphetamine psychosis,"Yui, K; Ishiguro, T; Goto, K; Ikemoto, S",,1997,,PSYCHOPHARMACOLOGY,134,3,303-308,WOS:000071016700010,10.1007/s002130050453,,#37731,Yui 1997,"",""
Personality traits explain the relationship between psychedelic use and less depression in a comparative study,"Sjöström, DK; Claesdotter-Knutsson, E; Kajonius, PJ",,2024,,SCIENTIFIC REPORTS,14,1,,WOS:001273089100076,10.1038/s41598-024-60890-1,,#37733,Sjöström 2024,"",""
"THE TIME-DEPENDENT STIMULUS EFFECTS OF R(-)-2,5-DIMETHOXY-4-METHAMPHETAMINE (DOM) - IMPLICATIONS FOR DRUG-INDUCED STIMULUS-CONTROL AS A METHOD FOR THE STUDY OF HALLUCINOGENIC AGENTS","FIORELLA, D; PALUMBO, PA; RABIN, RA; WINTER, JC",,1995,,PSYCHOPHARMACOLOGY,119,2,239-245,WOS:A1995RB39300015,10.1007/BF02246166,,#37735,FIORELLA 1995,"",""
Taxonomic identification and bioactive compounds characterization of Psilocybe cubensis DPT1 to probe its antibacterial and mosquito larvicidal competency,"Dhanasekaran, D; Latha, S; Suganya, P; Panneerselvam, A; Kumar, TS; Alharbi, NS; Arunachalam, C; Alharbi, SA; Thajuddin, N",,2020,,MICROBIAL PATHOGENESIS,143,,,WOS:000537562100029,10.1016/j.micpath.2020.104138,,#37738,Dhanasekaran 2020,"",""
The relationships of classic psychedelic use with criminal behavior in the United States adult population,"Hendricks, PS; Crawford, MS; Cropsey, KL; Copes, H; Sweat, NW; Walsh, Z; Pavela, G",,2018,,JOURNAL OF PSYCHOPHARMACOLOGY,32,1,37-48,WOS:000425165300003,10.1177/0269881117735685,,#37739,Hendricks 2018,"",""
The Readiness of Psychiatrists to Implement Psychedelic-Assisted Psychotherapy,"Page, LA; Rehman, A; Syed, H; Forcer, K; Campbell, G",,2021,,FRONTIERS IN PSYCHIATRY,12,,,WOS:000729965800001,10.3389/fpsyt.2021.743599,,#37743,Page 2021,"",""
Which substances pose the greatest risk of substance use disorder after controlling for polysubstance use?,"Gooding, NB; Allami, Y; Williams, RJ",,2024,,ADDICTION RESEARCH & THEORY,32,6,385-391,WOS:001129339500001,10.1080/16066359.2023.2292586,,#37744,Gooding 2024,"",""
AUTOREGULATION OF HUMAN THYMIDYLATE SYNTHASE MESSENGER-RNA TRANSLATION BY THYMIDYLATE SYNTHASE,"CHU, E; KOELLER, DM; CASEY, JL; DRAKE, JC; CHABNER, BA; ELWOOD, PC; ZINN, S; ALLEGRA, CJ",,1991,,PROCEEDINGS OF THE NATIONAL ACADEMY OF SCIENCES OF THE UNITED STATES OF AMERICA,88,20,8977-8981,WOS:A1991GK67600024,10.1073/pnas.88.20.8977,,#37745,CHU 1991,"",""
"Psychedelic Use and Mystical-Type Experiences are Associated With Greater Self-Compassion, Compassionate Love, and Life Satisfaction","Mallard, AJ; Broussard, M; Zeifman, RJ; Espinoza, D; Cloutier, S; Ross, S; Bogenschutz, MP; Pagni, BA",,2026,,JOURNAL OF HUMANISTIC PSYCHOLOGY,,,,WOS:001751684500001,10.1177/00221678261442571,,#37751,Mallard 2026,"",""
Direct Phosphorylation of Psilocin Enables Optimized cGMP Kilogram-Scale Manufacture of Psilocybin,"Kargbo, RB; Sherwood, A; Walker, A; Cozzi, N; Dagger, RE; Sable, J; O'Hern, K; Kaylo, K; Patterson, T; Tarpley, G; Meisenheimer, P",,2020,,ACS OMEGA,5,27,16959-16966,WOS:000562142500072,10.1021/acsomega.0c02387,,#37752,Kargbo 2020,"",""
"The Promise of Therapeutic Psilocybin: An Evaluation of the 134 Clinical Trials, 54 Potential Indications, and 0 Marketing Approvals on ClinicalTrials.gov","Norring, SA; Spigarelli, MG",,2024,,DRUG DESIGN DEVELOPMENT AND THERAPY,18,,1143-1151,WOS:001205574800001,10.2147/DDDT.S443177,,#37754,Norring 2024,"",""
Ethics and ego dissolution: the case of psilocybin,"Smith, WR; Sisti, D",,2021,,JOURNAL OF MEDICAL ETHICS,47,12,807-814,WOS:000726966400099,10.1136/medethics-2020-106070,,#37757,Smith 2021,"",""
EFFECTS OF PSILOCYBIN ON A TEST OF AFTER-IMAGE PERCEPTION,"KEELER, MH",,1965,,PSYCHOPHARMACOLOGIA,8,2,131-+,WOS:A19656743000006,10.1007/BF00404173,,#37758,KEELER 1965,"",""
"Sex-dependent developmental changes in behavior, brain structure, functional connectivity, and sensory perception following exposure to psilocybin during adolescence","Sahoo, I; Masadi, S; Maheswari, A; Utama, R; Abeer, MI; Soltanpour, S; Nasseef, MT; Chukwuemeka, T; Sinhal, N; Pandit, J; Ortiz, RJ; Cavallaro, N; Brengel, E; Kulkarni, PP; Gitcho, MA; Ferris, CF",,2026,,NEUROPSYCHOPHARMACOLOGY,,,,WOS:001693665000001,10.1038/s41386-026-02356-8,,#37759,Sahoo 2026,"",""
Novel harmala-ocudelic tuning (HOT) for ocular disorders,"Lansky, ES",,2020,,MEDICAL HYPOTHESES,143,,,WOS:000577511800011,10.1016/j.mehy.2020.109834,,#37761,Lansky 2020,"",""
Psychedelics in developmental stuttering to modulate brain functioning: a new therapeutic perspective?,"Pasculli, G; Busan, P; Jackson, ES; Alm, PA; De Gregorio, D; Maguire, GA; Goodwin, GM; Gobbi, G; Erritzoe, D; Carhart-Harris, RL",,2024,,FRONTIERS IN HUMAN NEUROSCIENCE,18,,,WOS:001260920300001,10.3389/fnhum.2024.1402549,,#37768,Pasculli 2024,"",""
MULTICENTER TRIAL OF SULINDAC IN OSTEOARTHRITIS OF HIP,"CALABRO, JJ; ANDELMAN, SY; CALDWELL, JR; GERBER, RC; HAMATY, D; KAPLAN, H; MALTZ, BA; PARSONS, JL; SAVILLE, P; TRETBAR, HC; WARD, JR",,1977,,CLINICAL PHARMACOLOGY & THERAPEUTICS,22,3,358-363,WOS:A1977DV09800016,,,#37771,CALABRO 1977,"",""
"The safety and efficacy of ±3,4-methylenedioxymethamphetamine-assisted psychotherapy in subjects with chronic, treatment-resistant posttraumatic stress disorder: the first randomized controlled pilot study (vol 25, pg 439, 2010)","Mithoefer, MC; Wagner, MT; Mithoefer, AT; Jerome, L; Doblin, R",,2011,,JOURNAL OF PSYCHOPHARMACOLOGY,25,6,852-852,WOS:000291150200020,10.1177/0269881110381185,,#37777,Mithoefer 2011,"",""
"Synthesis, Self-Assembly and Drug Controlled Releasing Performance of Triple Responsive Ternary Copolymer Micelles","Peng, SH; Li, DY; Cai, YP; Liu, H",,2024,,CHEMISTRYSELECT,9,1,,WOS:001137897500001,10.1002/slct.202304829,,#37778,Peng 2024,"",""
Decoding the Self: Single-Trial Prediction of Self-Boundary Meditation States From Magnetoencephalography Recordings,"Röhr, H; Atad, DA; Trautwein, F; Mediano, PAM; Dor-Ziderman, Y; Schweitzer, Y; Berkovich-Ohana, A; Schmidt, S; van Vugt, MK",,2025,,HUMAN BRAIN MAPPING,47,1,,WOS:001649839400001,10.1002/hbm.70440,,#37783,Röhr 2025,"",""
Response of invasive perennial western ragweed (Ambrosia psilostachya) to chemical and mechanical control,"Saberi, H; Yousefi, AR; Pouryousef, M; Birbaneh, JA; Tokasi, S",,2022,,WEED BIOLOGY AND MANAGEMENT,22,4,79-87,WOS:000883281900001,10.1111/wbm.12257,,#37790,Saberi 2022,"",""
Neural Correlates of the Shamanic State of Consciousness,"Huels, ER; Kim, H; Lee, U; Bel-Bahar, T; Colmenero, AV; Nelson, A; Blain-Moraes, S; Mashour, GA; Harris, RE",,2021,,FRONTIERS IN HUMAN NEUROSCIENCE,15,,,WOS:000635562900001,10.3389/fnhum.2021.610466,,#37791,Huels 2021,"",""
Serotonin 5-HT2A receptor expression and functionality in postmortem frontal cortex of subjects with schizophrenia: Selective biased agonism via Gαi1-proteins,"García-Bea, A; Miranda-Azpiazu, P; Muguruza, C; Marmolejo-Martinez-Artesero, S; Diez-Alarcia, R; Gabilondo, AM; Callado, LF; Morentin, B; González-Maeso, J; Meana, JJ",,2019,,EUROPEAN NEUROPSYCHOPHARMACOLOGY,29,12,1453-1463,WOS:000504342200015,10.1016/j.euroneuro.2019.10.013,,#37798,García-Bea 2019,"",""
Hallucinogen persisting perception disorder in neuronal networks with adaptation,"Kilpatrick, ZP; Ermentrout, GB",,2012,,JOURNAL OF COMPUTATIONAL NEUROSCIENCE,32,1,25-53,WOS:000300345500002,10.1007/s10827-011-0335-y,,#37800,Kilpatrick 2012,"",""
Recent developments in the pharmacotherapy of substance abuse,"OBrien, CP",,1996,,JOURNAL OF CONSULTING AND CLINICAL PSYCHOLOGY,64,4,677-686,WOS:A1996VC52600006,,,#37801,OBrien 1996,"",""
Investigating the complex cortical dynamics of an advanced concentrative absorption meditation called jhanas (ACAM-J): a geometric eigenmode analysis,"Potash, RM; Yang, WFZ; Winston, B; Atasoy, S; Kringelbach, ML; Sparby, T; Sacchet, MD",,2025,,CEREBRAL CORTEX,35,2,,WOS:001436648700001,10.1093/cercor/bhaf039,,#37807,Potash 2025,"",""
Serotonin1A autoreceptor activation by S 15535 enhances circadian activity rhythms in hamsters: Evaluation of potential interactions with serotonin2A and serotonin2C receptors,"Gannon, RL; Millan, MJ",,2006,,NEUROSCIENCE,137,1,287-299,WOS:000234761200029,10.1016/j.neuroscience.2005.04.059,,#37808,Gannon 2006,"",""
"Sexual Orientation, Mental Illness, and Substance Use Disorders Among Criminal Legal System-Involved Individuals","Ramakrishnan, A; Gonzales, G",,2023,,PSYCHIATRIC SERVICES,74,3,257-264,WOS:000972055200007,10.1176/appi.ps.202100596,,#37812,Ramakrishnan 2023,"",""
Impact of stream grazers on periphyton communities: A laboratory and field manipulation,"Fuller, RL; Ribble, C; Kelley, A; Gaenzle, E",,1998,,JOURNAL OF FRESHWATER ECOLOGY,13,1,105-114,WOS:000072309100013,10.1080/02705060.1998.9663596,,#37814,Fuller 1998,"",""
INHERITANCE OF 3 GROUPS OF INDOLE ALKALOIDS IN REED CANARYGRASS,"MARUM, P; HOVIN, AW; MARTEN, GC",,1979,,CROP SCIENCE,19,4,539-544,WOS:A1979HJ51900026,10.2135/cropsci1979.0011183X001900040026x,,#37817,MARUM 1979,"",""
"RELATIONSHIP BETWEEN LOCUS OF CONTROL AND DRUG EFFECTS IN USERS OF NARCOTICS, STIMULANTS, HYPNOTIC-SEDATIVES, AND HALLUCINOGENS","HALL, JN",,1978,,INTERNATIONAL JOURNAL OF THE ADDICTIONS,13,1,143-147,WOS:A1978ET24000010,10.3109/10826087809039271,,#37820,HALL 1978,"",""
Dynamics and phylogenetic implications of MtDNA control region sequences in New World Jays (Aves: Corvidae),"Saunders, MA; Edwards, SV",,2000,,JOURNAL OF MOLECULAR EVOLUTION,51,2,97-109,WOS:000088831500001,10.1007/s002390010070,,#37823,Saunders 2000,"",""
Ceremonial Psychedelic Experiences and Changes in Mental Health Outcomes in Those with Adverse Childhood Experiences,"Mehmood, MK; Bremler, R; Spriggs, MJ; Kettner, H; Roseman, L; Damgaard, L; Carhart-Harris, R; Erritzoe, D; Zeifman, RJ",,2025,,PSYCHEDELIC MEDICINE,,,,WOS:001644554800001,10.1177/28314425251392251,,#37824,Mehmood 2025,"",""
"Effects of administration of exogenous estradiol benzoate on follicular, luteal, and uterine hemodynamics in beef cows","Dysart, LM; Messman, RD; Crouse, AA; Lemley, CO; Larson, JE",,2021,,ANIMAL REPRODUCTION SCIENCE,232,,,WOS:000689572100004,10.1016/j.anireprosci.2021.106817,,#37825,Dysart 2021,"",""
Analysis of Electrical Brain Waves in Neurotoxicology: Gamma-Hydroxybutyrate,"Binienda, ZK; Beaudoin, MA; Thorn, BT; Ali, SF",,2011,,CURRENT NEUROPHARMACOLOGY,9,1,236-239,WOS:000288996400047,,,#37826,Binienda 2011,"",""
"Trace fossil assemblages in the tide-dominated estuarine system: Ameki Group, south-eastern Nigeria","Ekwenye, OC; Nichols, G; Okogbue, CO; Mode, AW",,2016,,JOURNAL OF AFRICAN EARTH SCIENCES,118,,284-300,WOS:000378434500022,10.1016/j.jafrearsci.2016.02.001,,#37827,Ekwenye 2016,"",""
Relationship Between Oral Fluid and Blood Concentrations of Drugs of Abuse in Drivers Suspected of Driving Under the Influence of Drugs,"Wille, SMR; Raes, E; Lillsunde, P; Gunnar, T; Laloup, M; Samyn, N; Christophersen, AS; Moeller, MR; Hammer, KP; Verstraete, AG",,2009,,THERAPEUTIC DRUG MONITORING,31,4,511-519,WOS:000268567400013,10.1097/FTD.0b013e3181ae46ea,,#37828,Wille 2009,"",""
"AP-2 (activating protein 2) and Sp1 (selective promoter factor 1) regulatory elements play distinct roles in the control of basal activity and cyclic adenosine 3′,5′-monophosphate responsiveness of the human chorionic gonadotropin-β promoter","Johnson, W; Jameson, JL",,1999,,MOLECULAR ENDOCRINOLOGY,13,11,1963-1975,WOS:000083550700015,10.1210/me.13.11.1963,,#37836,Johnson 1999,"",""
"Energy consumption, the distribution of macronutrients and BMI in mothers and their Mexican schoolchildren","Miranda-Ríos, LL; Vásquez-Garibay, EM; Romero-Velarde, E; Nuño-Cosío, ME; Campos-Barrera, LR",,2015,,NUTRICION HOSPITALARIA,32,6,2622-2632,WOS:000367417600036,10.3305/nh.2015.32.6.9542,,#37839,Miranda-Ríos 2015,"",""
Psychedelic 5-HT2A agonist increases spontaneous and evoked 5-Hz oscillations in visual and retrosplenial cortex,"White, CM; Azimi, Z; Staadt, R; Song, CC; Knöpfel, T; Jancke, D",,2026,,COMMUNICATIONS BIOLOGY,9,1,,WOS:001687690700001,10.1038/s42003-025-09492-9,,#37840,White 2026,"",""
Evaluation of Aminopyralid Applied PRE to Control Western Ragweed (Ambrosia psilostachya) in Oklahoma Pastureland,"Funderburg, ER; Locke, JM; Biermacher, JT",,2014,,WEED TECHNOLOGY,28,2,395-400,WOS:000336112500013,10.1614/WT-D-13-00171.1,,#37842,Funderburg 2014,"",""
Multianalytical Investigation of Psilocybe cubensis Mushrooms: Physicochemical Characterization and Biological Evaluation of Psilocybin and Psilocin Compounds,"Galdino, TP; Bisneto, ABD; Pedro, MD; de Oliveira, LC; Luz, MA; de Lima, AGB; Silva, SMD; Fook, MVL",,2025,,ACS OMEGA,10,38,44173-44189,WOS:001572325000001,10.1021/acsomega.5c05606,,#37843,Galdino 2025,"",""
Development of Psilocybe Mushroom Species Reference Material-Cultivation Parameters and Chemical Profiles,"Windsor, C; Kreynes, AE; Chilton, JS; Chioffi, WA; Niebergall, C; Dodds, K",,2026,,JOURNAL OF AOAC INTERNATIONAL,109,1,37-50,WOS:001453351000001,10.1093/jaoacint/qsaf007,,#37846,Windsor 2026,"",""
Western Ragweed (Ambrosia psilostachya) Control and Bermudagrass Response to Diflufenzopyr Tank-Mix Combinations,"Matocha, ME; Baumann, PA; Matocha, MA",,2013,,WEED TECHNOLOGY,27,4,757-761,WOS:000328665700020,10.1614/WT-D-13-00053.1,,#37849,Matocha 2013,"",""
NICOTIANA AN HALLUCINOGEN,"JANIGER, O; RIOS, MDD",,1976,,ECONOMIC BOTANY,30,3,295-297,WOS:A1976CH98100014,10.1007/BF02909739,,#37850,JANIGER 1976,"",""
The acute transient polymorphic psychosis: a biochemical subtype of the cycloid psychosis,"Pepplinkhuizen, L; van der Heijden, FMMA; Tuinier, S; Verhoeven, WMA; Fekkes, D",,2003,,ACTA NEUROPSYCHIATRICA,15,1,38-43,WOS:000181651000008,10.1034/j.1601-5215.2003.00016.x,,#37854,Pepplinkhuizen 2003,"",""
Hallucinogen use predicts reduced recidivism among substance-involved offenders under community corrections supervision,"Hendricks, PS; Clark, CB; Johnson, MW; Fontaine, KR; Cropsey, KL",,2014,,JOURNAL OF PSYCHOPHARMACOLOGY,28,1,62-66,WOS:000337974400008,10.1177/0269881113513851,,#37855,Hendricks 2014,"",""
Of Roots and Fruits: A Comparison of Psychedelic and Nonpsychedelic Mystical Experiences,"Yaden, DB; Le Nguyen, KD; Kern, ML; Belser, AB; Eichstaedt, JC; Iwry, J; Smith, ME; Wintering, NA; Hood, RW; Newberg, AB",,2017,,JOURNAL OF HUMANISTIC PSYCHOLOGY,57,4,338-353,WOS:000403897200004,10.1177/0022167816674625,,#37857,Yaden 2017,"",""
The complete chloroplast genome sequence of Lophophora diffusa,"Zhang, T; Li, N; Cui, Z; Wang, YK; Liu, XL",,2026,,MITOCHONDRIAL DNA PART B-RESOURCES,11,5,675-680,WOS:001748702600001,10.1080/23802359.2026.2658959,,#37860,Zhang 2026,"",""
Propofol pretreatment induced place preference and self-administration of the tiletamine-zolazepam combination: implication on drug of abuse substitution,"de la Peña, JB; Ahsan, HM; dela Peña, IJ; Park, HB; Kim, HJ; Sohn, A; Kim, YT; Cheong, JH",,2014,,AMERICAN JOURNAL OF DRUG AND ALCOHOL ABUSE,40,4,321-326,WOS:000338194000011,10.3109/00952990.2014.920850,,#37862,delaPeña 2014,"",""
Ibogaine reduces organ colonization in murine systemic and gastrointestinal Candida albicans infections,"Yordanov, M; Dimitrova, P; Patkar, S; Falcocchio, S; Xoxi, E; Saso, L; Ivanovska, N",,2005,,JOURNAL OF MEDICAL MICROBIOLOGY,54,7,647-653,WOS:000231445900005,10.1099/jmm.0.45919-0,,#37863,Yordanov 2005,"",""
"Religious Practice, Craft Specialization and Status: Towards the Understanding of the Social Role of the Hallucinogen Consumption in the Atacama Salt Flat, Northern Chile (500-1500 AD)","Tricallotis, HH; Morgado, JE; Peña-Villalobos, I; Quirgas, A; Vidal, A; Faundes, W; Pacheco, A",,2021,,ESTUDIOS ATACAMENOS,,67,,WOS:000728072300001,10.22199/issn.0718-1043-2021-0002,,#37865,Tricallotis 2021,"",""
"Manganese mineralization in Archean greenstone belt, Joda-Noamundi sector, Noamundi basin, East Indian Shield","Ghosh, R; Chakraborty, D; Halder, M; Baidya, TK",,2015,,ORE GEOLOGY REVIEWS,70,,96-109,WOS:000356734500006,10.1016/j.oregeorev.2015.04.007,,#37866,Ghosh 2015,"",""
Classic psychedelic use is associated with reduced psychological distress and suicidality in the United States adult population,"Hendricks, PS; Thorne, CB; Clark, CB; Coombs, DW; Johnson, MW",,2015,,JOURNAL OF PSYCHOPHARMACOLOGY,29,3,280-288,WOS:000354902100005,10.1177/0269881114565653,,#37872,Hendricks 2015,"",""
Understanding marijuana use initiation vs. Frequency of use on risk for hallucinogen use: testing for mediating mechanisms underlying the gateway hypothesis,"Wojciechowski, T",,2024,,CRIMINAL JUSTICE STUDIES,37,2,171-191,WOS:001162259200001,10.1080/1478601X.2024.2317188,,#37873,Wojciechowski 2024,"",""
"Effects of 3,4-methylenedioxymethamphetamine in decomposing tissues on the development of Parasarcophaga ruficornis (Diptera: Sarcophagidae) and detection of the drug in postmortem blood, liver tissue, larvae, and puparia","Goff, ML; Miller, ML; Paulson, JD; Lord, WD; Richards, E; Omori, AI",,1997,,JOURNAL OF FORENSIC SCIENCES,42,2,276-280,WOS:A1997WL77200016,,,#37875,Goff 1997,"",""
Association between Lifetime Classic Psychedelic Use and Sick Leave in a Population-Based Sample,"Mellner, C; Dahlen, M; Simonsson, O",,2022,,INTERNATIONAL JOURNAL OF ENVIRONMENTAL RESEARCH AND PUBLIC HEALTH,19,18,,WOS:000858220800001,10.3390/ijerph191811353,,#37876,Mellner 2022,"",""
"Investigating the psychedelic hypothesis of kykeon, the sacred elixir of the Eleusinian Mysteries","Antonopoulos, RK; Dadiotis, E; Ioannidis, K; Cheilari, A; Mitsis, V; Garcia-Campaña, AM; Gámiz-Gracia, L; Hernández-Mesa, M; Narváez, A; Hoffman, MA; Ruck, CAP; Gonou-Zagou, Z; Aligiannis, N; Magiatis, P",,2026,,SCIENTIFIC REPORTS,16,1,,WOS:001714889700023,10.1038/s41598-026-39568-3,,#37877,Antonopoulos 2026,"",""
"DISTINCT MORPHOLOGIC CLASSES OF SEROTONERGIC AXONS IN PRIMATES EXHIBIT DIFFERENTIAL VULNERABILITY TO THE PSYCHOTROPIC-DRUG 3,4-METHYLENEDIOXYMETHAMPHETAMINE","WILSON, MA; RICAURTE, GA; MOLLIVER, ME",,1989,,NEUROSCIENCE,28,1,121-137,WOS:A1989R768100011,10.1016/0306-4522(89)90237-6,,#37880,WILSON 1989,"",""
Screening with Quantification for 64 Drugs and Metabolites in Human Urine using UPLC-MS-MS Analysis and a Threshold Accurate Calibration,"Rosano, TG; Ohouo, PY; Wood, M",,2017,,JOURNAL OF ANALYTICAL TOXICOLOGY,41,6,536-546,WOS:000408100800012,10.1093/jat/bkx035,,#37884,Rosano 2017,"",""
"Molecular and functional characterization of proteins interacting with the C-terminal domains of 5-HT2 receptors: Emergence of 5-HT2 ""Receptosomes""","Gavarini, S; Bécamel, C; Chanrion, B; Bockaert, J; Marin, P",,2004,,BIOLOGY OF THE CELL,96,5,373-381,WOS:000222575200009,10.1016/j.biolcel.2004.03.001,,#37885,Gavarini 2004,"",""
Illicit substance exposure in pregnancy and infant mortality risk: a nationwide Taiwan study,"Lin, C; Chen, MH; Lin, WS; Wu, SI; Liao, YC; Lin, YH; Lin, CH",,2025,,INTERNATIONAL JOURNAL OF NEUROPSYCHOPHARMACOLOGY,28,8,,WOS:001548892700001,10.1093/ijnp/pyaf046,,#37886,Lin 2025,"",""
Making ?bad trips ? good: How users of psychedelics narratively transform challenging trips into valuable experiences,"Gashi, L; Sandberg, S; Pedersen, W",,2021,,INTERNATIONAL JOURNAL OF DRUG POLICY,87,,,WOS:000632598300010,10.1016/j.drugpo.2020.102997,,#37889,Gashi 2021,"",""
"Halogenated solvent interactions with N,N-dimethyltryptamine:: Formation of quaternary ammonium salts and their artificially induced rearrangements during analysis","Brandt, SD; Martins, CPB; Freeman, S; Dempster, N; Riby, PG; Gartz, J; Alder, JF",,2008,,FORENSIC SCIENCE INTERNATIONAL,178,2-3,162-170,WOS:000257019200013,10.1016/j.forsciint.2008.03.013,,#37890,Brandt 2008,"",""
Iboga compounds reverse the behavioural disinhibiting and corticosterone effects of acute methamphetamine: Implications for their antiaddictive properties,"Szumlinski, KK; Haskew, RE; Balogun, MY; Maisonneuve, IM; Glick, SD",,2001,,PHARMACOLOGY BIOCHEMISTRY AND BEHAVIOR,69,3-4,485-491,WOS:000170322600022,10.1016/S0091-3057(01)00564-0,,#37891,Szumlinski 2001,"",""
STRUCTURE AND DEVELOPMENT OF THE GAMETOPHYTE OF PSILOTUM-NUDUM,"BIERHORST, DW",,1953,,AMERICAN JOURNAL OF BOTANY,40,9,649-658,WOS:A1953UF03500001,10.2307/2439676,,#37893,BIERHORST 1953,"",""
Effects of Psychedelic Use on Racial Trauma Symptoms and Ethnic Identity among Asians in North America,"Ching, THW; Davis, AK; Xin, YT; Williams, MT",,2023,,JOURNAL OF PSYCHOACTIVE DRUGS,55,1,19-29,WOS:000741292400001,10.1080/02791072.2022.2025960,,#37894,Ching 2023,"",""
Impulsivity and executive functions in polysubstance-using rave attenders,"Verdejo-García, A; Sánchez-Fernández, MD; Alonso-Maroto, LM; Fernández-Calderón, F; Perales, JC; Lozano, O; Pérez-García, M",,2010,,PSYCHOPHARMACOLOGY,210,3,377-392,WOS:000277941000008,10.1007/s00213-010-1833-8,,#37895,Verdejo-García 2010,"",""
INDUCED PSILOTUM FERTILE-APPENDAGE ABERRATIONS - MORPHOGENETIC AND EVOLUTIONARY IMPLICATIONS,"ROUFFA, AS",,1967,,CANADIAN JOURNAL OF BOTANY,45,6,855-+,WOS:A19679552000008,10.1139/b67-089,,#37901,ROUFFA 1967,"",""
With great power comes great vulnerability: an ethical analysis of psychedelics' therapeutic mechanisms proposed by the REBUS hypothesis,"Villiger, D; Trachsel, M",,2023,,JOURNAL OF MEDICAL ETHICS,49,12,826-832,WOS:000974755000001,10.1136/jme-2022-108816,,#37902,Villiger 2023,"",""
"Potential Predation by the Edaphic Genus Psilogamasus (Mesostigmata: Parasitidae), a Natural Inhabitant Predator Mite in the Rhizosphere in Avocado Crops","Esquivel-Ayala, BA; Chaires-Grijalva, MP; Contreras-Cornejo, HA; Lara-Chávez, BN; Chassin-Noria, O; Vargas-Sandoval, M",,2026,,JOURNAL OF ENTOMOLOGICAL SCIENCE,61,2,263-274,WOS:001732130500003,10.18474/JES25-05,,#37906,Esquivel-Ayala 2026,"",""
Psilocybin impairs high-level but not low-level motion perception,"Carter, OL; Pettigrew, JD; Burr, DC; Alais, D; Hasler, F; Vollenweider, FX",,2004,,NEUROREPORT,15,12,1947-1951,WOS:000225141000023,10.1097/00001756-200408260-00023,,#37908,Carter 2004,"",""
DIMETHYLTRYPTAMINE LEVELS IN BLOOD OF SCHIZOPHRENIC-PATIENTS AND CONTROL SUBJECTS,"ANGRIST, B; GERSHON, S; SATHANANTHAN, G; WALKER, RW; LOPEZRAMOS, B; MANDEL, LR; VANDENHEUVEL, WJA",,1976,,PSYCHOPHARMACOLOGY,47,1,29-32,WOS:A1976BT23500005,10.1007/BF00428697,,#37909,ANGRIST 1976,"",""
"TERATOGENIC EFFECTS OF MESCALINE, EPINEPHRINE, AND NOREPINEPHRINE IN THE HAMSTER","HIRSCH, KS; FRITZ, HI",,1981,,TERATOLOGY,23,3,287-291,WOS:A1981LT62200001,10.1002/tera.1420230302,,#37916,HIRSCH 1981,"",""
PSYCHOTROPIC-DRUGS AS POTENTIAL ANTI-TUMOR AGENTS - SELECTIVE SCREENING STUDY,"DRISCOLL, JS; MELNICK, NR; QUINN, FR; LOMAX, N; DAVIGNON, JP; ING, R; ABBOTT, BJ; CONGLETON, G; DUDECK, L",,1978,,CANCER TREATMENT REPORTS,62,1,45-74,WOS:A1978EN42200006,,,#37927,DRISCOLL 1978,"",""
"EXTENDED COGNITION AND SYMBOLS OF THE MAZATEC ""VELADA"" WITH PSILOCYBIN MUSHROOMS","Rojas, SC; Mercadillo, RE",,2024,,ANDAMIOS,21,54,,WOS:001253617100006,10.29092/uacm.v21i54.1063,,#37928,Rojas 2024,"",""
Predicting the Hallucinogenic Potential of Molecules Using Artificial Intelligence,"Urbina, F; Jones, T; Harris, JS; Snyder, SH; Lane, TR; Ekins, S",,2024,,ACS CHEMICAL NEUROSCIENCE,15,16,3078-3089,WOS:001284131500001,10.1021/acschemneuro.4c00405,,#37933,Urbina 2024,"",""
Single administration of a psychedelic [(R)-DOI] influences coping strategies to an escapable social stress,"Krupp, KT; Yaeger, JDW; Ledesma, LJ; Withanage, MHH; Gale, JJ; Howe, CB; Allen, TJ; Sathyanesan, M; Newton, SS; Summers, CH",,2024,,NEUROPHARMACOLOGY,252,,,WOS:001232047000001,10.1016/j.neuropharm.2024.109949,,#37934,Krupp 2024,"",""
SUBJECTIVE AND PSYCHOMOTOR EFFECTS OF BOLUS DOSES OF NITROUS-OXIDE IN HUMANS,"DOHRN, CS; LICHTOR, JL; COALSON, DW; FLEMMING, D; ZACNY, JP",,1993,,HUMAN PSYCHOPHARMACOLOGY-CLINICAL AND EXPERIMENTAL,8,2,97-106,WOS:A1993LZ79500002,10.1002/hup.470080203,,#37937,DOHRN 1993,"",""
PROPERTIES OF PENTAZOCINE AS A DISCRIMINATIVE STIMULUS IN THE SQUIRREL-MONKEY,"WHITE, JM; HOLTZMAN, SG",,1982,,JOURNAL OF PHARMACOLOGY AND EXPERIMENTAL THERAPEUTICS,223,2,396-401,WOS:A1982PQ06900019,,,#37941,WHITE 1982,"",""
"N,N-Dimethylpentylone (dipentylone)-A new synthetic cathinone identified in a postmortem forensic toxicology case series","Fogarty, MF; Krotulski, AJ; Papsun, DM; Walton, SE; Lamb, M; Truver, MT; Chronister, CW; Goldberger, BA; Logan, BK",,2023,,JOURNAL OF ANALYTICAL TOXICOLOGY,47,8,753-761,WOS:001022567900001,10.1093/jat/bkad037,,#37945,Fogarty 2023,"",""
"Can psychedelic use benefit meditation practice? Examining individual, psychedelic, and meditation-related factors","Jiwani, Z; Goldberg, SB; Stroud, J; Young, J; Curtin, J; Dunne, JD; Simonsson, O; Webb, CA; Carhart-Harris, R; Schlosser, M",,2025,,PLOS ONE,20,2,,WOS:001422038700012,10.1371/journal.pone.0310160,,#37947,Jiwani 2025,"",""
Time course of regional brain activity accompanying auditory verbal hallucinations in schizophrenia,"Hoffman, RE; Pittman, B; Constable, RT; Bhagwagar, Z; Hampson, M",,2011,,BRITISH JOURNAL OF PSYCHIATRY,198,4,277-283,WOS:000289610200009,10.1192/bjp.bp.110.086835,,#37948,Hoffman 2011,"",""
STUDIES ON MESCALINE .11. BIOCHEMICAL FINDINGS DURING THE MESCALINE-INDUCED STATE WITH OBSERVATIONS ON THE BLOCKING ACTION OF DIFFERENT PSYCHOTROPIC-DRUGS,"DENBER, HCB",,1961,,PSYCHIATRIC QUARTERLY,35,1,18-48,WOS:A1961CGR0600002,10.1007/BF01572555,,#37949,DENBER 1961,"",""
Primum Non Nocere: The Onus to Characterize the Potential Harms of Psychedelic Treatment,"Ghaznavi, S; Ruskin, JN; Haggerty, SJ; King, F; Rosenbaum, JF",,2025,,AMERICAN JOURNAL OF PSYCHIATRY,182,1,47-53,WOS:001390950700008,10.1176/appi.ajp.20230914,,#37951,Ghaznavi 2025,"",""
CENTRAL ANTAGONISM OF TYRAMINE-INDUCED SYSTEMIC HYPOTENSION BY MESCALINE,"STRAHLENDORF, JR; GOLDSTEIN, FJ",,1977,,JOURNAL OF PHARMACY AND PHARMACOLOGY,29,11,699-700,WOS:A1977EA10600011,10.1111/j.2042-7158.1977.tb11439.x,,#37959,STRAHLENDORF 1977,"",""
The bodily self from psychosis to psychedelics,"Harduf, A; Panishev, G; Harel, EV; Stern, Y; Salomon, R",,2023,,SCIENTIFIC REPORTS,13,1,,WOS:001126964000040,10.1038/s41598-023-47600-z,,#37963,Harduf 2023,"",""
Fluorescent Random Amplified Microsatellites (F-RAMS) analysis of mushrooms as a forensic investigative tool,"Kallifatidis, B; Borovicka, J; Stránská, J; Drábek, J; Mills, DK",,2014,,FORENSIC SCIENCE INTERNATIONAL-GENETICS,9,,25-32,WOS:000331834600019,10.1016/j.fsigen.2013.10.009,,#37964,Kallifatidis 2014,"",""
Neurotoxic and cardiotoxic effects of N-methyl-1-(naphthalen-2-yl)propan-2-amine (methamnetamine) and 1-phenyl-2-pyrrolidinylpentane (prolintane),"Jeong, S; Yoon, KS; Lee, JM; Jo, ES; Kim, D; Choi, SO",,2023,,DRUG AND CHEMICAL TOXICOLOGY,46,3,430-440,WOS:000769877800001,10.1080/01480545.2022.2049289,,#37966,Jeong 2023,"",""
Impact of nano zero valent iron dosing on biotransformation and adsorption of 20 biomarkers in sewers,"Ren, JN; Cen, XT; Li, JY; Prasad, P; Li, JL; Zheng, M; Covaci, A; Mueller, JF; Thai, PK",,2026,,WATER RESEARCH,300,,,WOS:001752176800001,10.1016/j.watres.2026.125943,,#37968,Ren 2026,"",""
"Potent Anti-amoebic Effects of Ibogaine, Voacangine and the Root Bark Alkaloid Fraction of Tabernaemontana arborea","Carrero, JC; Curay-Herrera, V; Chacón-Niño, L; Krengel, F; Guzmán-Gutiérrez, SL; Silva-Miranda, M; González-Ramírez, LC; Bobes, RJ; Espitia, C; Reyes-Chilpa, R; Laclette, JP",,2023,,PLANTA MEDICA,89,02,148-157,WOS:000828820400002,10.1055/a-1809-1157,,#37972,Carrero 2023,"",""
Characteristics and circumstances of death related to new psychoactive stimulants and hallucinogens in Australia,"Darke, S; Duflou, J; Peacock, A; Farrell, M; Lappin, J",,2019,,DRUG AND ALCOHOL DEPENDENCE,204,,,WOS:000501392200054,10.1016/j.drugalcdep.2019.107556,,#37974,Darke 2019,"",""
Neuroendocrine and neurochemical effects of acute ibogaine administration: A time course evaluation,"Ali, SF; Newport, GD; Slikker, W; Rothman, RB; Baumann, MH",,1996,,BRAIN RESEARCH,737,1-2,215-220,WOS:A1996VR61400025,10.1016/0006-8993(96)00734-2,,#37976,Ali 1996,"",""
"Quantitative determination of salvinorin A, a natural hallucinogen with abuse liability, in Internet-available Salvia divinorum and endemic species of Salvia in Taiwan","Lin, PX; Li, JH; Chen, SH; Chang, HC; McKetin, R",,2014,,JOURNAL OF FOOD AND DRUG ANALYSIS,22,3,370-378,WOS:000342038100013,10.1016/j.jfda.2014.01.017,,#37977,Lin 2014,"",""
BODY-TEMPERATURE EFFECT ON METHYLENEDIOXYMETHAMPHETAMINE-INDUCED ACUTE DECREASE IN TRYPTOPHAN-HYDROXYLASE ACTIVITY,"CHE, SZ; JOHNSON, M; HANSON, GR; GIBB, JW",,1995,,EUROPEAN JOURNAL OF PHARMACOLOGY-ENVIRONMENTAL TOXICOLOGY AND PHARMACOLOGY SECTION,293,4,447-453,WOS:A1995TK22900019,10.1016/S0014-2999(95)80103-0,,#37981,CHE 1995,"",""
Are you tripping comfortably? Investigating the relationship between harm reduction and the psychedelic experience,"Palmer, M; Maynard, OM",,2022,,HARM REDUCTION JOURNAL,19,1,,WOS:000830397700001,10.1186/s12954-022-00662-0,,#37985,Palmer 2022,"",""
"Development of a LC-MS/MS method to analyze 5-methoxy-N,N-dimethyltryptamine and bufotenine: application to pharmacokinetic study","Shen, HW; Jiang, XL; Yu, AM",,2009,,BIOANALYSIS,1,1,87-95,WOS:000283521100019,10.4155/BIO.09.7,,#37988,Shen 2009,"",""
ENHANCEMENT OF 5-FLUORO-2'-DEOXYURIDINE ANTITUMOR EFFICACY BY THE URIDINE PHOSPHORYLASE INHIBITOR 5-(BENZYLOXYBENZYL)BARBITURIC ACID ACYCLONUCLEOSIDE,"ASHOUR, OM; NAGUIB, FNM; KHALIFA, MMA; ABDELRAHEEM, MH; PANZICA, RP; ELKOUNI, MH",,1995,,CANCER RESEARCH,55,5,1092-1098,WOS:A1995QJ60000022,,,#37990,ASHOUR 1995,"",""
INHIBITORY GABAERGIC INFLUENCE ON STRIATAL SEROTONERGIC TRANSMISSION EXERTED IN THE DORSAL RAPHE AS REVEALED BY INVIVO VOLTAMMETRY,"SCATTON, B; SERRANO, A; RIVOT, JP; NISHIKAWA, T",,1984,,BRAIN RESEARCH,305,2,343-352,WOS:A1984TA23200016,10.1016/0006-8993(84)90440-2,,#37995,SCATTON 1984,"",""
Testing the Australian Post-Border Weed Risk Management (WRM) system for invasive plants in Iran,"Sohrabi, S; Downey, PO; Gherekhloo, J; Hassanpour-bourkheili, S",,2020,,JOURNAL FOR NATURE CONSERVATION,53,,,WOS:000507643800015,10.1016/j.jnc.2019.125780,,#37996,Sohrabi 2020,"",""
NE/DA INTERACTIONS IN PREFRONTAL CORTEX AND THEIR POSSIBLE ROLES AS NEUROMODULATORS IN SCHIZOPHRENIA,"TASSIN, JP",,1992,,JOURNAL OF NEURAL TRANSMISSION-GENERAL SECTION,,,135-162,WOS:A1992JK96800008,,,#37997,TASSIN 1992,"",""
"Potential Serotonin 5-HT2A Receptor Agonist of Psychoactive Components of Silene undulata Aiton: LC-MS/MS, ADMET, and Molecular Docking Studies","Alhawarri, MB; Olimat, S",,2025,,CURRENT PHARMACEUTICAL BIOTECHNOLOGY,26,2,260-275,WOS:001369627900008,10.2174/0113892010299804240324140017,,#38006,Alhawarri 2025,"",""
Relationships between substance abuse/dependence and psychiatric disorders based on polygenic scores,"GenPol Study Grp; Gurriarán, X; Rodríguez-López, J; Flórez, G; Pereiro, C; Fernández, JM; Fariñas, E; Estévez, V; Arrojo, M; Costas, J; Osorio, J; Carrera, I; Páramo, MJ; López, N; García, A; González, AM; Rodríguez, JM; Matalobos, M; Pomares, J; Longo, MJ; Alvarez, S; Pino, C; Martín, C; Páramo, M; Paz, E; Serrano, M; Miguel, D; López, AM",,2019,,GENES BRAIN AND BEHAVIOR,18,3,,WOS:000460184100007,10.1111/gbb.12504,,#38010,GenPolStudyGrp 2019,"",""
Polymorphisms of dopamine receptor and transporter genes and hallucinations in Parkinson's disease,"Wang, J; Zhao, CY; Chen, B; Liu, ZL",,2004,,NEUROSCIENCE LETTERS,355,3,193-196,WOS:000188396500010,10.1016/j.neulet.2003.11.006,,#38016,Wang 2004,"",""
"Exhumation of high-pressure rocks under continuous compression: a working hypothesis for the southern Hellenides (central Crete, Greece)","Chatzaras, V; Xypolias, P; Doutsos, T",,2006,,GEOLOGICAL MAGAZINE,143,6,859-876,WOS:000242741000007,10.1017/S0016756806002585,,#38017,Chatzaras 2006,"",""
Evaluation of the possible influence of trailing and paradoxical effects on the clinical outcome of patients with candidemia,"CANDIPOP Project GEIH-GEMICOMED; Rueda, C; Puig-Asensio, M; Guinea, J; Almirante, B; Cuenca-Estrella, M; Zaragoza, O",,2017,,CLINICAL MICROBIOLOGY AND INFECTION,23,1,,WOS:000396514200012,10.1016/j.cmi.2016.09.016,,#38019,CANDIPOPProjectGEIH-GEMICOMED 2017,"",""
"Natural psychoactive substance-related exposures reported to United States poison control centers, 2000-2017","O'Neill-Dee, C; Spiller, HA; Casavant, MJ; Kistamgari, S; Chounthirath, T; Smith, GA",,2020,,CLINICAL TOXICOLOGY,58,8,813-820,WOS:000498445400001,10.1080/15563650.2019.1688341,,#38021,O'Neill-Dee 2020,"",""
Long-term soil nitrogen and vegetation change on sandhill rangeland,"Berg, WA; Bradford, JA; Sims, PL",,1997,,JOURNAL OF RANGE MANAGEMENT,50,5,482-486,WOS:A1997XV08700005,10.2307/4003702,,#38023,Berg 1997,"",""
SYNTHESIS OF OPTICALLY-ACTIVE ISOQUINUCLIDINES UTILIZING A DIASTEREOSELECTIVITY CONTROL ELEMENT,"TROST, BM; ROMERO, AG",,1986,,JOURNAL OF ORGANIC CHEMISTRY,51,12,2332-2342,WOS:A1986C813900030,10.1021/jo00362a030,,#38024,TROST 1986,"",""
Designing Family-Centered Male Circumcision Services A Conjoint Analysis Approach,"Bridges, JFP; Searle, SC; Selck, FW; Martinson, NA",,2012,,PATIENT-PATIENT CENTERED OUTCOMES RESEARCH,5,2,101-111,WOS:000303012100005,10.2165/11592970-000000000-00000,,#38025,Bridges 2012,"",""
Utilizing MRI Radiomics and Clinical Features to Predict Severe Acute Pancreatitis in Patients with Metabolic Syndrome,"Wang, Y; Wan, XY; Zhang, YW; Liu, ZY; Tang, MY; Huang, XH",,2025,,JOURNAL OF INFLAMMATION RESEARCH,18,,15959-15971,WOS:001617539200001,10.2147/JIR.S539688,,#38026,Wang 2025,"",""
Complete mitochondrial genome of Kentrochrysalis streckeri (Lepidoptera: Sphingidae) and phylogenetic analysis,"Huang, YX; Zhu, XS; Zhang, H; Qi, LQ; Jin, HZ; Bian, CL; Chen, WL; Wang, X",,2022,,MITOCHONDRIAL DNA PART B-RESOURCES,7,6,908-910,WOS:000805316700001,10.1080/23802359.2022.2078238,,#38028,Huang 2022,"",""
Photosynthetic and respiratory acclimation to experimental warming for four species in a tallgrass prairie ecosystem,"Zhou, XH; Liu, XZ; Wallace, LL; Luo, YQ",,2007,,JOURNAL OF INTEGRATIVE PLANT BIOLOGY,49,3,270-281,WOS:000244645200003,10.1111/j.1744-7909.2007.00374.x,,#38030,Zhou 2007,"",""
Barrels XXXIV meeting report: Barrels goes virtual,"Messore, F; Cataldo, G; Lutchman, S; Barrientos, A; Mykins, M; Yáñez, F; Brumberg, JC",,2022,,SOMATOSENSORY AND MOTOR RESEARCH,39,2-4,121-131,WOS:000799171100001,10.1080/08990220.2022.2035346,,#38031,Messore 2022,"",""
EVOLUTION OF NON-MEDICAL OPIATE USE IN CANADA .2. 1930-1970,"SOLOMON, R",,1977,,DRUG FORUM,6,1,1-25,WOS:A1977DR21400001,,,#38032,SOLOMON 1977,"",""
Eicosanoid and amino acid metabolism in transient acute psychoses with psychedelic symptoms,"Fekkes, D; Bode, WT; Zijlstra, FJ; Pepplinkhuizen, L",,1996,,PROSTAGLANDINS LEUKOTRIENES AND ESSENTIAL FATTY ACIDS,54,4,261-264,WOS:A1996UT78900004,10.1016/S0952-3278(96)90056-3,,#38033,Fekkes 1996,"",""
Getting Higher: Co-Occurring Drug Use Among Marijuana-Using Emerging Adults,"Tzilos, GK; Reddy, MK; Caviness, CM; Anderson, BJ; Stein, MD",,2014,,JOURNAL OF ADDICTIVE DISEASES,33,3,202-209,WOS:000344456900004,10.1080/10550887.2014.950024,,#38037,Tzilos 2014,"",""
"The utility of 2,5-dimethoxy-4-iodoamphetamine for the study of serotonin 2A and 2C receptors","Cameron, LP; Jaster, AM; Ramos, RA; Ullman, EZ",,2026,,MOLECULAR PHARMACOLOGY,108,1,,WOS:001653899300001,10.1016/j.molpha.2025.100093,,#38038,Cameron 2026,"",""
STIMULATION OF SPINAL SEROTONERGIC RECEPTORS FACILITATES SEMINAL EMISSION AND SUPPRESSES PENILE ERECTILE REFLEXES,"MAS, M; ZAHRADNIK, MA; MARTINO, V; DAVIDSON, JM",,1985,,BRAIN RESEARCH,342,1,128-134,WOS:A1985APR0500015,10.1016/0006-8993(85)91360-5,,#38041,MAS 1985,"",""
Co-morbidity across levels of hospital security,"Beck, A; Hunt, T",,2002,,ADDICTION RESEARCH & THEORY,10,4,387-398,WOS:000177595000005,10.1080/1606635021000010298,,#38042,Beck 2002,"",""
Trapped ion mobility mass spectrometry of new psychoactive substances: Isomer-specific identification of ring-substituted cathinones,"Majeed, HA; Bos, TS; Voeten, RLC; Kranenburg, RF; van Asten, AC; Somsen, GW; Kohler, I",,2023,,ANALYTICA CHIMICA ACTA,1264,,,WOS:001006175600001,10.1016/j.aca.2023.341276,,#38043,Majeed 2023,"",""
"What's in drugs freely used by Brazilian truck drivers - ""Rebites""? Determination of target and nontarget compounds by high-resolution mass spectrometry and nuclear magnetic resonance","Guizolfi, T; Zardo, G; Barbieri, RA; Aguzzoli, C; Kramer, A; de Almeida, RM; Moura, S",,2024,,JOURNAL OF FORENSIC SCIENCES,69,4,1449-1455,WOS:001214435900001,10.1111/1556-4029.15538,,#38046,Guizolfi 2024,"",""
Recreational use of benzydamine as a hallucinogen among street youth in Brazil,"Opaleye, ES; Noto, AR; Sanchez, ZV; de Moura, YG; Galduróz, JCF; Carlini, EA",,2009,,REVISTA BRASILEIRA DE PSIQUIATRIA,31,3,208-213,WOS:000270229900004,10.1590/S1516-44462009000300005,,#38048,Opaleye 2009,"",""
Optimal immobilization of trypsin from the spleen of albacore tuna (Thunnus alalunga) and its characterization,"Poonsin, T; Simpson, BK; Visessanguan, W; Yoshida, A; Klomklao, S",,2020,,INTERNATIONAL JOURNAL OF BIOLOGICAL MACROMOLECULES,143,,462-471,WOS:000515212500047,10.1016/j.ijbiomac.2019.10.030,,#38051,Poonsin 2020,"",""
In situ derivatization for double confirmation of 2C-C in oral fluids by ion mobility spectrometry,"Torres, J; Armenta, S; Esteve-Turrillas, FA; de la Guardia, M",,2017,,ANALYTICAL METHODS,9,18,2682-2688,WOS:000401116700008,10.1039/c7ay00637c,,#38053,Torres 2017,"",""
"A sensitive method for determining levels of [-]-2,5,-dimethoxy-4-methylamphetamine in the brain tissue","Eckler, JR; Greizerstein, H; Rabin, RA; Winter, JC",,2001,,JOURNAL OF PHARMACOLOGICAL AND TOXICOLOGICAL METHODS,46,1,37-43,WOS:000175660400005,10.1016/S1056-8719(02)00159-4,,#38054,Eckler 2001,"",""
"Identification of ten new designer drugs by GC-MS, UPLC-QTOF-MS, and NMR as part of a police investigation of a Danish Internet company","Reitzel, LA; Dalsgaard, PW; Müller, IB; Cornett, C",,2012,,DRUG TESTING AND ANALYSIS,4,5,342-354,WOS:000304392800005,10.1002/dta.358,,#38056,Reitzel 2012,"",""
Evaluation of indigenous fungi and their extracellular enzymatic profiles for effective mycoremediation of polluted soil environments,"Errahmani, KB; Mohammed, AS; Megharbi, A; Djellouli, M; Cherrad, H",,2026,,SOIL & ENVIRONMENT,,,,WOS:001745639900001,10.25252/SE/2026/254034,,#38057,Errahmani 2026,"",""
SALVIA DIVINORUM: EXPOSURES REPORTED TO A STATEWIDE POISON CONTROL SYSTEM OVER 10 YEARS,"Vohra, R; Seefeld, A; Cantrell, FL; Clark, RF",,2011,,JOURNAL OF EMERGENCY MEDICINE,40,6,643-650,WOS:000291960500008,10.1016/j.jemermed.2009.05.019,,#38061,Vohra 2011,"",""
"On the Helminth Fauna of the Muskrat (Ondatra zibethicus (Linnaeus, 1766)) in the Barnim District of Brandenburg State/Germany","Schuster, RK; Specht, P; Rieger, S",,2021,,ANIMALS,11,8,,WOS:000688709200001,10.3390/ani11082444,,#38062,Schuster 2021,"",""
SUGGESTION AND MESCALINE SULFATE,"LEVIS, DJ; MAHLMAN, B",,1964,,JOURNAL OF NEUROPSYCHIATRY,5,3,197-200,WOS:A1964CJW5300007,,,#38063,LEVIS 1964,"",""
Evaluation of the suitability of Pleurotus as a fluid loss control agent using the chemical structural properties approach,"Igwilo, KC; Oguamah, I; George, SC; Uwaezuoke, N; Obubike, U",,2023,,SCIENTIFIC AFRICAN,19,,,WOS:000918831500003,10.1016/j.sciaf.2022.e01468,,#38065,Igwilo 2023,"",""
"The Meaning-Enhancing Properties of Psychedelics and Their Mediator Role in Psychedelic Therapy, Spirituality, and Creativity","Hartogsohn, I",,2018,,FRONTIERS IN NEUROSCIENCE,12,,,WOS:000426735200002,10.3389/fnins.2018.00129,,#38066,Hartogsohn 2018,"",""
Escalation of intravenous self-administration of methylone and mephedrone under extended access conditions,"Nguyen, JD; Grant, Y; Creehan, KM; Vandewater, SA; Taffe, MA",,2017,,ADDICTION BIOLOGY,22,5,1160-1168,WOS:000408409700002,10.1111/adb.12398,,#38070,Nguyen 2017,"",""
"Linguistic Analysis of Psilocybin Session Narratives From a Double-Blind, Methylphenidate Comparison Study","Strickland, J; Majewska, B; Griffiths, R; Johnson, M",,2021,,NEUROPSYCHOPHARMACOLOGY,46,SUPPL 1,424-425,WOS:000725511401359,,,#38074,Strickland 2021,"",""
Set and setting in microdosing: an oft-overlooked principle,"Hartogsohn, I; Petranker, R",,2022,,PSYCHOPHARMACOLOGY,239,12,3771-3777,WOS:000875996700001,10.1007/s00213-022-06249-8,,#38080,Hartogsohn 2022,"",""
GMP-compliant radiosynthesis of [18F]altanserin and human plasma metabolite studies,"Hasler, F; Kuznetsova, OF; Krasikova, RN; Cservenyak, T; Quednow, BB; Vollenweider, FX; Ametamey, SM; Westera, G",,2009,,APPLIED RADIATION AND ISOTOPES,67,4,598-601,WOS:000264305500019,10.1016/j.apradiso.2008.12.007,,#38082,Hasler 2009,"",""
Pharmacologic analysis of non-synonymous coding h5-HT2A SNPs reveals alterations in atypical antipsychotic and agonist efficacies,"Davies, MA; Setola, V; Strachan, RT; Sheffler, DJ; Salay, E; Hufeisen, SJ; Roth, BL",,2006,,PHARMACOGENOMICS JOURNAL,6,1,42-51,WOS:000236889100008,10.1038/sj.tpj.6500342,,#38083,Davies 2006,"",""
Non drug use- and drug use-specific spirituality as one-year predictors of drug use among high-risk youth,"Sussman, S; Skara, S; Rodriguez, Y; Pokhrel, P",,2006,,SUBSTANCE USE & MISUSE,41,13,1801-1816,WOS:000242711800009,10.1080/10826080601006508,,#38086,Sussman 2006,"",""
The spice of life: An analysis of nutmeg exposures in California,"Carstairs, SD; Cantrell, FL",,2011,,CLINICAL TOXICOLOGY,49,3,177-180,WOS:000289628600008,10.3109/15563650.2011.561210,,#38088,Carstairs 2011,"",""
Serotonergic/glutamatergic interactions: Potentiation of phencyclidine-induced stimulus control by citalopram,"Winter, JC; Eckler, JR; Rice, KC; Rabin, RA",,2005,,PHARMACOLOGY BIOCHEMISTRY AND BEHAVIOR,81,3,694-700,WOS:000230970400034,10.1016/j.pbb.2005.03.022,,#38089,Winter 2005,"",""
The effects of acute and subchronic treatment with fluoxetine and citalopram on stimulus control by DOM,"Winter, JC; Eckler, JR; Doat, MM; Rabin, RA",,2002,,PHARMACOLOGY BIOCHEMISTRY AND BEHAVIOR,74,1,95-101,WOS:000178798300010,10.1016/S0091-3057(02)00959-0,,#38090,Winter 2002,"",""
EFFECT OF PHENCYCLIDINE ON FLUID INTAKE AND URINE EXCRETION,"CHARIBITRON, A",,1977,,JOURNAL OF PHARMACY AND PHARMACOLOGY,29,1,55-56,WOS:A1977CQ96400016,10.1111/j.2042-7158.1977.tb11242.x,,#38094,CHARIBITRON 1977,"",""
"Discriminative stimulus effects of R-(+)-3-amino-1-hydroxypyrrolid-2-one, [(+)-HA-966], a partial agonist of the strychnine-insensitive modulatory site of the N-methyl-D-aspartate receptor","Witkin, JM; Brave, S; French, D; GeterDouglass, B",,1995,,JOURNAL OF PHARMACOLOGY AND EXPERIMENTAL THERAPEUTICS,275,3,1267-1273,WOS:A1995TL75700026,,,#38095,Witkin 1995,"",""
Toxicological Analysis of Intoxications with Synthetic Cathinones,"Pieprzyca, E; Skowronek, R; Czekaj, P",,2022,,JOURNAL OF ANALYTICAL TOXICOLOGY,46,7,705-711,WOS:000790053400001,10.1093/jat/bkab102,,#38098,Pieprzyca 2022,"",""
Imprecise action selection in substance use disorder: Evidence for active learning impairments when solving the explore-exploit dilemma,"Tulsa 1000 Investigators; Smith, R; Schwartenbeck, P; Stewart, JL; Kuplicki, R; Ekhtiari, H; Paulus, MP",,2020,,DRUG AND ALCOHOL DEPENDENCE,215,,,WOS:000573607200025,10.1016/j.drugalcdep.2020.108208,,#38099,Tulsa1000Investigators 2020,"",""
"N,N-DIMETHYLTRYPTAMINE PRODUCTION IN PHALARIS-AQUATICA SEEDLINGS - A MATHEMATICAL-MODEL FOR ITS SYNTHESIS","MACK, JPG; MULVENA, DP; SLAYTOR, M",,1988,,PLANT PHYSIOLOGY,88,2,315-320,WOS:A1988Q571600016,10.1104/pp.88.2.315,,#38101,MACK 1988,"",""
On the origin of euphyllophyte roots: hypotheses from an Early Devonian Psilophyton,"Doran, JB; Tomescu, AMF",,2025,,ANNALS OF BOTANY,,,,WOS:001529230000001,10.1093/aob/mcaf121,,#38102,Doran 2025,"",""
Illicit drug use in heavy smokers with and without schizophrenia,"Mackowick, KM; Heishman, SJ; Wehring, HJ; Liu, F; McMahon, RP; Kelly, DL",,2012,,SCHIZOPHRENIA RESEARCH,139,1-3,194-200,WOS:000306124400031,10.1016/j.schres.2012.04.012,,#38103,Mackowick 2012,"",""
"COMPARISON OF METABOLISM OF 3,4-DIMETHOXYPHENYLETHYLAMINE AND MESCALINE IN HUMANS","FRIEDHOFF, AJ; HOLLISTER, LE",,1966,,BIOCHEMICAL PHARMACOLOGY,15,3,269-+,WOS:A19667538900007,10.1016/0006-2952(66)90298-X,,#38107,FRIEDHOFF 1966,"",""
"NEOICHNOLOGY OF THE SEAWARD SIDE OF PEIXE LAGOON IN MOSTARDAS, SOUTHERNMOST BRAZIL: THE PSILONICHNUS ICHNOCOENOSIS REVISITED","Netto, RG; Grangeiro, ME",,2009,,REVISTA BRASILEIRA DE PALEONTOLOGIA,12,3,211-224,WOS:000273215900004,10.4072/rbp.2009.3.04,,#38111,Netto 2009,"",""
CENTRAL SEROTONERGIC RESPONSES AND BEHAVIORAL ADAPTATION TO REPEATED IMMOBILIZATION - THE EFFECT OF THE CORTICOSTERONE SYNTHESIS INHIBITOR METYRAPONE,"KENNETT, GA; DICKINSON, SL; CURZON, G",,1985,,EUROPEAN JOURNAL OF PHARMACOLOGY,119,3,143-152,WOS:A1985AYD3900002,10.1016/0014-2999(85)90290-0,,#38112,KENNETT 1985,"",""
Impact of Climate Change on the Narrow Endemic Herb Psilopeganum sinense (Rutaceae) in China,"Deng, RX; Xiao, KT; Chen, X; Huang, BB; Li, HR; Wu, L; Ning, H; Chen, H",,2025,,ECOLOGY AND EVOLUTION,15,3,,WOS:001435574300001,10.1002/ece3.71042,,#38113,Deng 2025,"",""
"Proton and carbon-13 NMR studies of some tryptamines, precursors, and derivatives:: Ab initio calculations for optimized structures","Rothchild, R",,2005,,SPECTROSCOPY LETTERS,38,4-5,521-537,WOS:000234818400011,10.1081/SL-200062932,,#38114,Rothchild 2005,"",""
COMPARISON OF THE VISUALLY EVOKED-RESPONSE IN DRUG-FREE CHRONIC-SCHIZOPHRENIC PATIENTS AND NORMAL CONTROLS,"DOMINO, EF; DEMETRIOU, S; TUTTLE, T; KLINGE, V",,1979,,ELECTROENCEPHALOGRAPHY AND CLINICAL NEUROPHYSIOLOGY,46,2,123-137,WOS:A1979GJ46000001,10.1016/0013-4694(79)90062-2,,#38115,DOMINO 1979,"",""
Evidence for novel viruses by analysis of nucleic acids in virus-like particle fractions from Ambrosia psilostachya,"Melcher, U; Muthukumar, V; Wiley, GB; Min, BE; Palmer, MW; Verchot-Lubicz, J; Ali, A; Nelson, RS; Roe, BA; Thapa, V; Pierce, ML",,2008,,JOURNAL OF VIROLOGICAL METHODS,152,1-2,49-55,WOS:000258900800009,10.1016/j.jviromet.2008.05.030,,#38117,Melcher 2008,"",""
EFFECT OF CHRONIC VARIABLE STRESS ON MONOAMINE RECEPTORS - INFLUENCE OF IMIPRAMINE ADMINISTRATION,"MOLINA, VA; VOLOSIN, M; CANCELA, L; KELLER, E; MURUA, VS; BASSO, AM",,1990,,PHARMACOLOGY BIOCHEMISTRY AND BEHAVIOR,35,2,335-340,WOS:A1990CP76000011,10.1016/0091-3057(90)90165-E,,#38118,MOLINA 1990,"",""
Deciphering the Causality between Gut Microbiota Dysbiosis and Poisoning by Narcotics and Psychodysleptics: A Mendelian Randomization Analysis,"Wang, N; Su, Z",,2025,,CURRENT NEUROPHARMACOLOGY,23,2,187-195,WOS:001302169200001,10.2174/1570159X22999240729092453,,#38121,Wang 2025,"",""
Spatiotemporal Brain Dynamics of Emotional Face Processing Modulations Induced by the Serotonin 1A/2A Receptor Agonist Psilocybin,"Bernasconi, F; Schmidt, A; Pokorny, T; Kometer, M; Seifritz, E; Vollenweider, FX",,2014,,CEREBRAL CORTEX,24,12,3221-3231,WOS:000345838300011,10.1093/cercor/bht178,,#38122,Bernasconi 2014,"",""
"Clinical experience with and analytical confirmation of ""bath salts"" and ""legal highs"" (synthetic cathinones) in the United States","Spiller, HA; Ryan, ML; Weston, RG; Jansen, J",,2011,,CLINICAL TOXICOLOGY,49,6,499-505,WOS:000293692600011,10.3109/15563650.2011.590812,,#38126,Spiller 2011,"",""
Critical Period Plasticity as a Framework for Psychedelic-Assisted Psychotherapy,"Lepow, L; Morishita, H; Yehuda, R",,2021,,FRONTIERS IN NEUROSCIENCE,15,,,WOS:000703054300001,10.3389/fnins.2021.710004,,#38128,Lepow 2021,"",""
Nurses' Perceptions of Psychedelics to Address Mental Health Problems in the United States,"Porta, CM; Weirick, ME; Graefe, A; Harpin, SB; Dorsen, C",,2024,,PSYCHEDELIC MEDICINE,2,3,178-183,WOS:001574383300003,10.1089/psymed.2023.0073,,#38134,Porta 2024,"",""
Prescribing meaning: hedonistic perspectives on the therapeutic use of psychedelic-assisted meaning enhancement,"McMillan, RM",,2021,,JOURNAL OF MEDICAL ETHICS,47,10,701-705,WOS:000702438400014,10.1136/medethics-2020-106619,,#38138,McMillan 2021,"",""
Interactions among Western ragweed and other sandhills species after drought,"Reece, PE; Brummer, JE; Northup, BK; Koehler, AE; Moser, LE",,2004,,JOURNAL OF RANGE MANAGEMENT,57,6,583-589,WOS:000225413800002,10.2307/4004012,,#38144,Reece 2004,"",""
SERINE AND FOLATE METABOLISM IN FIBROBLASTS FROM EPISODIC PSYCHOTIC-PATIENTS WITH PSYCHEDELIC SYMPTOMS,"FEKKES, D; BRUINVELS, J",,1986,,BIOLOGICAL PSYCHIATRY,21,10,951-959,WOS:A1986D322300012,10.1016/0006-3223(86)90269-6,,#38145,FEKKES 1986,"",""
Facile assembly and fluorescence-based screening method for heterologous expression of biosynthetic pathways in fungi,"Hoefgen, S; Lin, J; Fricke, J; Stroe, MC; Mattern, DJ; Kufs, JE; Hortschansky, P; Brakhage, AA; Hoffmeister, D; Valiante, V",,2018,,METABOLIC ENGINEERING,48,,44-51,WOS:000440449600006,10.1016/j.ymben.2018.05.014,,#38146,Hoefgen 2018,"",""
Quantification of 108 illicit drugs and metabolites in bile matrix by LC-MS/MS for the toxicological testing of sudden death cases,"Franzin, M; Ruoso, R; Peruch, M; Stocco, G; D'Errico, S; Addobbati, R",,2024,,ARCHIVES OF TOXICOLOGY,98,1,135-149,WOS:001121788000004,10.1007/s00204-023-03631-z,,#38149,Franzin 2024,"",""
Comparative Behavioral Pharmacology of Three Pyrrolidine-Containing Synthetic Cathinone Derivatives,"Gatch, MB; Dolan, SB; Forster, MJ",,2015,,JOURNAL OF PHARMACOLOGY AND EXPERIMENTAL THERAPEUTICS,354,2,103-110,WOS:000357097500002,10.1124/jpet.115.223586,,#38150,Gatch 2015,"",""
Striatal serotonin 2C receptors decrease nigrostriatal dopamine release by increasing GABA-A receptor tone in the substantia nigra,"Burke, MV; Nocjar, C; Sonneborn, AJ; McCreary, AC; Pehek, EA",,2014,,JOURNAL OF NEUROCHEMISTRY,131,4,432-443,WOS:000344729500006,10.1111/jnc.12842,,#38151,Burke 2014,"",""
That men should put an enemy in their mouths to steal away their brains: Reconsidering the origins of model psychosis,"Perkins-McVey, M",,2025,,HISTORY OF THE HUMAN SCIENCES,38,1,129-155,WOS:001353378900001,10.1177/09526951241286744,,#38152,Perkins-McVey 2025,"",""
Autonomic nervous system modulation during self-induced non-ordinary states of consciousness,"Oswald, V; Vanhaudenhuyse, A; Annen, J; Martial, C; Bicego, A; Rousseaux, F; Sombrun, C; Harel, Y; Faymonville, ME; Laureys, S; Jerbi, K; Gosseries, O",,2023,,SCIENTIFIC REPORTS,13,1,,WOS:001087778000028,10.1038/s41598-023-42393-7,,#38153,Oswald 2023,"",""
IoT-Enabled Fluorescence Sensor for Quantitative KET Detection and Anti-Drug Situational Awareness,"Guo, JC; Tian, SL; Liu, K; Guo, JH",,2021,,IEEE TRANSACTIONS ON NANOBIOSCIENCE,20,1,2-8,WOS:000604857600001,10.1109/TNB.2020.3032121,,#38154,Guo 2021,"",""
Electrochemical and computational study of novel 5-fluoro-2-(methylamino) benzenesulfonamide as an organic catalyst for hydrazine electrooxidation,"Saidi, KM; Bouider, N; Najri, BA; Harrouche, K; Kivrak, H; Kivrak, A; Khelili, S",,2025,,IONICS,31,8,8295-8311,WOS:001505240000001,10.1007/s11581-025-06461-4,,#38155,Saidi 2025,"",""
Evaluation of a Highly Efficient Multidrug Biochip Array Technology for a Simultaneous and High-Throughput Urine Drug Screening in Clinical and Toxicological Settings,"Castaneto, MS; Huang, CY; Capps, D; Ke, PC; VanZile, M; Calero, E",,2022,,THERAPEUTIC DRUG MONITORING,44,5,683-695,WOS:000853362600011,10.1097/FTD.0000000000000981,,#38162,Castaneto 2022,"",""
THE GENERALIZABILITY OF THE DEPENDENCE SYNDROME ACROSS SUBSTANCES - AN EXAMINATION OF SOME PROPERTIES OF THE PROPOSED DSM-IV DEPENDENCE CRITERIA,"MORGENSTERN, J; LANGENBUCHER, J; LABOUVIE, EW",,1994,,ADDICTION,89,9,1105-1113,WOS:A1994PH40900013,10.1111/j.1360-0443.1994.tb02787.x,,#38165,MORGENSTERN 1994,"",""
Validation and application of a headspace-gas chromatography-mass spectrometric method for determination of toluene and 2-butanol in urine,"Kim, SJ; Kown, NH; Cheong, JC; Kim, JY",,2025,,ANALYTICAL SCIENCE AND TECHNOLOGY,38,1,8-15,WOS:001445602500001,10.5806/AST.2025.38.1.8,,#38166,Kim 2025,"",""
"Burrowing and mud-mound building life habits of fiddler crab Uca lactea in the Bay of Bengal coast, India and their geological and geotechnical importance","De, C",,2015,,PALAEONTOLOGIA ELECTRONICA,18,2,,WOS:000359479500001,,,#38168,De 2015,"",""
"Human Hepatocyte 4-Acetoxy-N,N-Diisopropyltryptamine Metabolite Profiling by Reversed-Phase Liquid Chromatography Coupled with High-Resolution Tandem Mass Spectrometry","Malaca, S; Huestis, MA; Lattanzio, L; Marsella, LT; Tagliabracci, A; Carlier, J; Busardò, FP",,2022,,METABOLITES,12,8,,WOS:000846693200001,10.3390/metabo12080705,,#38170,Malaca 2022,"",""
"Cholecystokinin, cholecystokinin-A receptor and cholecystokinin-B receptor gene polymorphisms in Parkinson's disease","Wang, J; Si, YM; Liu, ZL; Yu, L",,2003,,PHARMACOGENETICS,13,6,365-369,WOS:000183883800008,10.1097/00008571-200306000-00008,,#38174,Wang 2003,"",""
National study of suicide method in violent criminal offenders,"Webb, RT; Qin, P; Stevens, H; Shaw, J; Appleby, L; Mortensen, PS",,2013,,JOURNAL OF AFFECTIVE DISORDERS,150,2,237-244,WOS:000323563300010,10.1016/j.jad.2013.04.001,,#38179,Webb 2013,"",""
"Occurrences, Distribution, and Evaluation of Manganese Ores in Banswara Manganese Ore Belt, Banswara District (Rajasthan), India","Shaif, M; Siddiquie, FN; Khan, R; Alam, J",,2021,,MINING METALLURGY & EXPLORATION,38,5,2101-2116,WOS:000685392300002,10.1007/s42461-021-00480-1,,#38180,Shaif 2021,"",""
Functional neurotoxicity evaluation of noribogaine using video-EEG in cynomolgus monkeys,"Authier, S; Accardi, MV; Paquette, D; Pouliot, M; Arezzo, J; Stubbs, RJ; Gerson, RJ; Friedhoff, LT; Weis, H",,2016,,JOURNAL OF PHARMACOLOGICAL AND TOXICOLOGICAL METHODS,81,,306-312,WOS:000389537100032,10.1016/j.vascn.2016.04.012,,#38181,Authier 2016,"",""
Mineralogy of ferromanganese weathering crusts from Codru Moma Mountains (Romania),"Mosonyi, E; Ghergari, L; Mârza, I",,2021,,NEUES JAHRBUCH FUR MINERALOGIE-ABHANDLUNGEN,197,1,85-103,WOS:000613191000006,10.1127/njma/2021/0202,,#38184,Mosonyi 2021,"",""
"Population structure and reproductive biology of peyote (Lophophora diffusa, Cactaceae), a threatened species with pollen limitation","Briseño-Sánchez, MI; Martínez-Peralta, C; Mandujano, MC",,2020,,JOURNAL OF THE TORREY BOTANICAL SOCIETY,147,3,243-257,WOS:000599331300004,10.3159/TORREY-D-18-00055.1,,#38186,Briseño-Sánchez 2020,"",""
"Astronomical constraints on the duration of the early Jurassic Hettangian stage and recovery rates following the end-Triassic mass extinction (St Audrie's Bay/East Quantoxhead, UK)","Ruhl, M; Deenen, MHL; Abels, HA; Bonis, NR; Krijgsman, W; Kürschner, WM",,2010,,EARTH AND PLANETARY SCIENCE LETTERS,295,1-2,262-276,WOS:000278974300026,10.1016/j.epsl.2010.04.008,,#38188,Ruhl 2010,"",""
"S and Pb Isotope Geochemistry of the carbonate-hosted Au-Ag-Zn ± Pb deposits in the Maden Village (Ulukisla-Nigde), Central Taurides, South Turkey","Kahya, A; Kuscu, E; Yildiz, M",,2019,,NEUES JAHRBUCH FUR MINERALOGIE-ABHANDLUNGEN,196,1,67-88,WOS:000468487000004,10.1127/njma/2019/0166,,#38190,Kahya 2019,"",""
Regulation of septo-hippocampal activity by 5-hydroxytryptamine2C receptors,"Hajós, M; Hoffmann, WE; Weaver, RJ",,2003,,JOURNAL OF PHARMACOLOGY AND EXPERIMENTAL THERAPEUTICS,306,2,605-615,WOS:000184258100025,10.1124/jpet.103.051169,,#38191,Hajós 2003,"",""
Hypoxia Routes Tryptophan Homeostasis Towards Increased Tryptamine Production,"Mohapatra, SR; Sadik, A; Sharma, S; Poschet, G; Gegner, HM; Lanz, TV; Lucarelli, P; Klingmüller, U; Platten, M; Heiland, I; Opitz, CA",,2021,,FRONTIERS IN IMMUNOLOGY,12,,,WOS:000625298800001,10.3389/fimmu.2021.590532,,#38192,Mohapatra 2021,"",""
Standardization of method for the analysis of dextromethorphan in urine,"Kim, EM; Lee, JS; Park, MJ; Choi, SK; Lim, MA; Chung, HS",,2006,,FORENSIC SCIENCE INTERNATIONAL,161,2-3,198-201,WOS:000240162700018,10.1016/j.forsciint.2005.12.034,,#38195,Kim 2006,"",""
Influence of saponins and tannins on intake and nutrient digestion of alkaloid-containing foods,"Owens, J; Provenza, FD; Wiedmeier, RD; Villalba, JJ",,2012,,JOURNAL OF THE SCIENCE OF FOOD AND AGRICULTURE,92,11,2373-2378,WOS:000306400500024,10.1002/jsfa.5643,,#38198,Owens 2012,"",""
"Effects of Psilocybin-Assisted Therapy on Major Depressive Disorder:A Randomized Clinical Trial (vol 78, pg 481, 2021)","Davis, AK; Barrett, FS; May, DG",,2021,,JAMA PSYCHIATRY,78,5,569-569,WOS:000647828800021,10.1001/jamapsychiatry.2020.4714,,#38202,Davis 2021,"",""
EFFECTS OF PSILOCYBIN DEXTRO-AMPHETAMINE AND PLACEBO ON PERFORMANCE OF TRAIL MAKING TEST,"DUKE, RB; KEELER, MH",,1968,,JOURNAL OF CLINICAL PSYCHOLOGY,24,3,316-&,WOS:A1968B415100009,10.1002/1097-4679(196807)24:3<316::AID-JCLP2270240310>3.0.CO;2-G,,#38204,DUKE 1968,"",""
CLUMP SPACING IN A DESERT DWARF SHRUB COMMUNITY,"PRENTICE, IC; WERGER, MJA",,1985,,VEGETATIO,63,3,133-139,WOS:A1985AVC3400006,10.1007/BF00044064,,#38206,PRENTICE 1985,"",""
College student use of Salvia divinorum,"Lange, JE; Reed, MB; Croff, JMK; Clapp, JD",,2008,,DRUG AND ALCOHOL DEPENDENCE,94,1-3,263-266,WOS:000253929700033,10.1016/j.drugalcdep.2007.10.018,,#38209,Lange 2008,"",""
Identification of NBOMe and NBOH in blotter papers using a handheld NIR spectrometer and chemometric methods,"Magalhaes, LD; Arantes, LC; Braga, JWB",,2019,,MICROCHEMICAL JOURNAL,144,,151-158,WOS:000449893000023,10.1016/j.microc.2018.08.051,,#38212,Magalhaes 2019,"",""
"The risk of consuming ""Bath Salts"". Exemplification through four forensic cases in Spain","Ballesteros, S; Almarza, E; Quintela, O; Martinez, MA",,2018,,FORENSIC CHEMISTRY,11,,87-96,WOS:000450357600012,10.1016/j.forc.2018.10.003,,#38213,Ballesteros 2018,"",""
"THE GENUS ATHROISMA (ASTERACEAE, HELIANTHEAE)","ERIKSSON, T",,1995,,BOTANICAL JOURNAL OF THE LINNEAN SOCIETY,119,2,101-184,WOS:A1995TH54800001,,,#38218,ERIKSSON 1995,"",""
"""Legal highs"" on the net-Evaluation of UK-based Websites, products and product information","Schmidt, MM; Sharma, A; Schifano, F; Feinmann, C",,2011,,FORENSIC SCIENCE INTERNATIONAL,206,1-3,92-97,WOS:000288200400040,10.1016/j.forsciint.2010.06.030,,#38221,Schmidt 2011,"",""
"Helminth fauna of the yellow-legged gull Larus cachinnans in Galicia, north-west Spain","Sanmartín, ML; Cordeiro, JA; Alvarez, MF; Leiro, J",,2005,,JOURNAL OF HELMINTHOLOGY,79,4,361-371,WOS:000233825700011,10.1079/JOH2005309,,#38222,Sanmartín 2005,"",""
"Synapses, predictions, and prediction errors: A neocortical computational study of MDD using the temporal memory algorithm of HTM","Sherif, MA; Khalil, MZ; Shukla, R; Brown, JC; Carpenter, LL",,2023,,FRONTIERS IN PSYCHIATRY,14,,,WOS:000945822300001,10.3389/fpsyt.2023.976921,,#38229,Sherif 2023,"",""
'Visual snow' - a disorder distinct from persistent migraine aura,"Schankin, CJ; Maniyar, FH; Digre, KB; Goadsby, PJ",,2014,,BRAIN,137,,1419-1428,WOS:000336252800020,10.1093/brain/awu050,,#38231,Schankin 2014,"",""
Comparative study of drug use among undergraduate students at the University of Sao Paulo - Sao Paulo campus in 1996 and 2001,"Stempliuk, VD; Barroso, LP; de Andrade, AG; Nicastri, S; Malbergier, A",,2005,,REVISTA BRASILEIRA DE PSIQUIATRIA,27,3,185-193,WOS:000232534100007,10.1590/S1516-44462005000300006,,#38232,Stempliuk 2005,"",""
Issues of risky behaviours in university students,"Speváková, B; Bostíková, ",,2024,,EPIDEMIOLOGIE MIKROBIOLOGIE IMUNOLOGIE,73,1,12-20,WOS:001218374000001,10.61568/emi/11-6254/20240123/136238,,#38233,Speváková 2024,"",""
DRUG-ABUSE AND DEPENDENCE,"RUSSELL, JM; NEWMAN, SC; BLAND, RC",,1994,,ACTA PSYCHIATRICA SCANDINAVICA,89,,54-62,WOS:A1994MU46300007,10.1111/j.1600-0447.1994.tb05791.x,,#38235,RUSSELL 1994,"",""
"Seasonal effect on bioactive compounds recovery using aqueous extraction, antioxidant activities, and volatile profiles of different parts of S.maritima (Scabiosa atropurpurea sub. maritima L.)","Ben Jalloul, A; Garzoli, S; Chaar, H; el Jribi, C; Abderrabba, M",,2023,,SOUTH AFRICAN JOURNAL OF BOTANY,152,,63-79,WOS:000900028600005,10.1016/j.sajb.2022.11.031,,#38236,BenJalloul 2023,"",""
"Diversity and Distribution of Endemic Stream Insects on a Nationwide Scale, South Korea: Conservation Perspectives","Bae, MJ; Park, YS",,2017,,WATER,9,11,,WOS:000416798300019,10.3390/w9110833,,#38238,Bae 2017,"",""
Machine Learning Systems Detecting Illicit Drugs Based on Their ATR-FTIR Spectra,"Darie, IF; Anton, SR; Praisler, M",,2023,,INVENTIONS,8,2,,WOS:000978413800001,10.3390/inventions8020056,,#38240,Darie 2023,"",""
"DUP-734 [1-(CYCLOPROPYLMETHYL)-4-(2'(4''-FLUOROPHENYL)-2'-OXOETHYL)PIPERIDINE HBR], A POTENTIAL ANTIPSYCHOTIC AGENT - PRECLINICAL BEHAVIORAL-EFFECTS","COOK, L; TAM, SW; ROHRBACH, KW",,1992,,JOURNAL OF PHARMACOLOGY AND EXPERIMENTAL THERAPEUTICS,263,3,1159-1166,WOS:A1992KD19400037,,,#38242,COOK 1992,"",""
Photoresponsive polypeptides. Photomodulation of the macromolecular structure in poly(N'((phenylazophenyl)sulfonyl)-L-lysine),"Fissi, A; Pieroni, O; Balestreri, E; Amato, C",,1996,,MACROMOLECULES,29,13,4680-4685,WOS:A1996UT13500032,10.1021/ma960280w,,#38247,Fissi 1996,"",""
"Family Aggregation of Substance Use Disorders: Substance Specific, Nonspecific, and Intrafamilial Sources of Risk","Farmer, RF; Kosty, DB; Seeley, JR; Gau, JM; Klein, DN",,2019,,JOURNAL OF STUDIES ON ALCOHOL AND DRUGS,80,4,462-471,WOS:000485639400011,10.15288/jsad.2019.80.462,,#38251,Farmer 2019,"",""
"Differentiation of Candida parapsilosis, C. orthopsilosis, and C. metapsilosis by specific PCR amplification of the RPS0 intron","Vercher, MD; Martínez, JMG; Cantón, E; Pemán, J; García, MMG; Gómez, EV; Agudo, LD",,2011,,INTERNATIONAL JOURNAL OF MEDICAL MICROBIOLOGY,301,6,531-535,WOS:000294584300010,10.1016/j.ijmm.2011.02.001,,#38252,Vercher 2011,"",""
"PRESENCE OF HELMINTHS IN THE MEXICAN DUCK (Anas platyrhynchos diazi) OF THE ZACATECANO PLATEAU, MEXICO","Mercado-Reyes, M; Angulo-Castillo, S; Clemente-Sánchez, F; Hernández-Llamas, A; Gonzáles-Rojas, JI; López-Torres, E; Tavizón-García, P",,2010,,AGROCIENCIA,44,8,931-939,WOS:000285428600006,,,#38253,Mercado-Reyes 2010,"",""
"A NEUROBIOLOGICAL REINTERPRETATION AND VERIFICATION OF BOSCOVICH COVARIANCE, POSTULATED IN 1758","FISCHER, R",,1991,,CYBERNETICA,34,2,95-101,WOS:A1991GG07900004,,,#38255,FISCHER 1991,"",""
Drugs in oral fluid - Part II. Investigation of drugs in drivers,"Wylie, FM; Torrance, H; Seymour, A; Buttress, S; Oliver, JS",,2005,,FORENSIC SCIENCE INTERNATIONAL,150,2-3,199-204,WOS:000230124200011,10.1016/j.forsciint.2005.02.025,,#38258,Wylie 2005,"",""
Novel high value elemicin-rich germplasm of lemon grass (Cymbopogon khasianus (Hack)Stapf(ex Bor) from North East India,"Lal, M; Dutta, S; Munda, S; Pandey, SK",,2018,,INDUSTRIAL CROPS AND PRODUCTS,115,,98-103,WOS:000428824100012,10.1016/j.indcrop.2018.01.083,,#38260,Lal 2018,"",""
Plastids and mitochondria comportment in dividing meiocytes of Psilotum nudum,"Tchorzewska, D; Brukhin, VB; Bednara, J",,1996,,ACTA SOCIETATIS BOTANICORUM POLONIAE,65,1-2,91-96,WOS:A1996UZ61500016,,,#38264,Tchorzewska 1996,"",""
Persuading voters using human-artificial intelligence dialogues,"Lin, H; Czarnek, G; Lewis, B; White, JP; Berinsky, AJ; Costello, T; Pennycook, G; Rand, DG",,2025,,NATURE,648,8093,,WOS:001630632500001,10.1038/s41586-025-09771-9,,#38265,Lin 2025,"",""
Testing for Designer Stimulants: Metabolic Profiles of 16 Synthetic Cathinones Excreted Free in Human Urine,"Uralets, V; Rana, S; Morgan, S; Ross, W",,2014,,JOURNAL OF ANALYTICAL TOXICOLOGY,38,5,233-241,WOS:000337038300001,10.1093/jat/bku021,,#38268,Uralets 2014,"",""
Why are plants named after witches and devils in north-western Europe?,"Geertsma, IP; van der Linden, CFH; Vickery, R; van Andel, TR",,2024,,JOURNAL OF ETHNOPHARMACOLOGY,325,,,WOS:001179958600001,10.1016/j.jep.2024.117804,,#38269,Geertsma 2024,"",""
Psilocybin-Assisted Treatment of Major Depressive Disorder: Results From a Randomized Trial,"Griffiths, R; Barrett, F; Darrick, M; Johnson, M; Mary, C; Patrick, F; Alan, D",,2019,,NEUROPSYCHOPHARMACOLOGY,44,SUPPL 1,439-439,WOS:000509665600796,,,#38272,Griffiths 2019,"",""
"""BUNANJE"": XX CENTURY ABUSE OF ATROPA BELLADONNA HALUCINOGENIC BERRIES IN CONTINENTAL CROATIA","Lackovic, Z",,2017,,PSYCHIATRIA DANUBINA,29,3,379-382,WOS:000417997800018,10.24869/psyd.2017.379,,#38275,Lackovic 2017,"",""
"STUDIES ON RESTORATION ECOLOGY IN THE ATLANTIC FOREST REGION OF BAHIA, BRAZIL","MONTAGNINI, F; FANZERES, A; DAVINHA, SG",,1994,,INTERCIENCIA,19,6,323-330,WOS:A1994PX41500007,,,#38276,MONTAGNINI 1994,"",""
Shrinking the know–do gap in psychedelic-assisted therapy,"Nicol, Ginger E.; Adams, Danielle R.; Lenze, Eric J.; Cabassa, Leopoldo J.","There is a push to shrink the anticipated 17-year research-to-practice gap for psychedelic-assisted therapy (PAT), offering precarious hope to those with disabling mental health conditions. However, numerous questions regarding how PAT works, how well it works, for whom and in what context remain. Substantial changes to current systems of care, including regulatory approvals, clinical training and access will all be required to accommodate PAT, a multimodal therapy that combines pharmacological and psychotherapy components that are not routinely available outside clinical research settings. Implementation science can help to reduce the gap in a way that maintains scientific rigour by simultaneously examining the safety, effectiveness and implementation of PAT. Specifically, precision implementation science methods (for example, sequential multiple assignment randomized trial (SMART) designs), hybrid study designs, valid measurement of fidelity and use of theory-based models and frameworks for treatment development will accelerate the process of implementation while balancing safety and quality. The time to proceed, with accelerated caution, is now. (PsycInfo Database Record (c) 2025 APA, all rights reserved) (Source: journal abstract)",2025,04-01,Nature Human Behaviour,9,4,665-672,,https://doi.org/10.1038/s41562-025-02103-x,,#38642,Nicol 2025,"",Possible RCT
"Serotonin neurotoxicity after (±)3,4-methylenedioxymethamphetamine (MDMA; ""Ecstasy""): A controlled study in humans","McCann, Una D.; Ridenour, Alison; Shaham, Yavin; Ricaurte, George A.","Measured CSF 5-hydroxyindoleacetic acid (5-HIAA) in 30 Ss (aged 17.5–47.6 yrs) exposed to 4-methylenedioxymethamphetamine (MDMA) and 28 control Ss (aged 17.7–39.5 yrs) under controlled conditions. The goal was to determine whether MDMA neurotoxicity, if evident in humans, was associated with changes in functional domains in which serotonin (5-hydroxytryptamine [5-HT]) has been implicated. MDMA Ss had lower levels of CSF 5-HIAA than did control Ss matched for age, height, weight, gender, education, and other drug use. MDMA Ss, compared with controls, were less impulsive, more harm-avoidant, and had decreased indirect hostility, thus supporting the notion that these personality characteristics are modulated by 5-HT. (PsycINFO Database Record (c) 2016 APA, all rights reserved)",1994,04-01,Neuropsychopharmacology,10,2,129-138,,https://doi.org/10.1038/npp.1994.15,,#38679,McCann 1994,"",Possible RCT
Cytogenetic effects of LSD 25 therapy in man,"Hungerford, David A.; Taylor, Kenneth M.; Shagass, Charles; LaBadie, Gundula U.; Balaban, Gloria B.; Paton, Gillian R.","Chromosomes have been studied in leukocytes cultured from patients undergoing experimental therapy with LSD 25. Aberration frequencies prior to therapy were established for 3 of the 4 patients; these were comparable to frequencies in control Ss. Following each of 3 doses given iv (usually 200 MUgm/dose) each patient's chromosomes were reexamined. Some increase in aberration frequency was observed, along with the appearance of some types of aberration not present before treatment. However, a return to control levels occurred in follow-up samples taken 1-6 mo. after the final dose was administered. It is felt that continued experimental therapy is not strongly contraindicated. On the other hand, these results cannot be construed to minimize the possible cytogenetic hazards suggested by other studies concerned primarily with drug abuse. (26 ref.) (PsycINFO Database Record (c) 2016 APA, all rights reserved)",1969,01-01,JAMA: Journal of the American Medical Association,206,10,2287-2291,,https://doi.org/10.1001/jama.206.10.2287,,#38859,Hungerford 1969,"",Possible RCT
Incorporating MDMA as an adjunct in emotionally focused couples therapy with clients impacted by trauma or PTSD,"Almond, Katie; Allan, Robert","This article explores incorporating 3,4-methylenedioxymethamphetamine (MDMA) as an adjunct in emotionally focused couples therapy (EFT) with clients in which at least one participant has endured a traumatic experience and reports symptoms of post-traumatic stress disorder (PTSD). Despite classification as a Schedule I drug on the Controlled Substances Act (CSA), in 2017 the U.S. Food and Drug Administration designated MDMA as a “breakthrough therapy” in the treatment of PTSD and approved plans for a Phase 3 clinical trial sponsored by the Multidisciplinary Association for Psychedelic Studies. This article aims to integrate previous and current research involving the therapeutic use of MDMA-assisted psychotherapy into the treatment of PTSD with the systemic, evidence-based approach of EFT. (PsycInfo Database Record (c) 2025 APA, all rights reserved) (Source: journal abstract)",2019,07-01,The Family Journal,27,3,293-299,,https://doi.org/10.1177/1066480719852360,,#38899,Almond 2019,"",Possible RCT
Temporal effects of LSD-25 and epinephrine on verbal behavior,"Honigfeld, Gilbert","Cloze analysis was used to evaluate the temporal effects of LSD and epinephrine on the understandability of verbal communication. 10 normal male Ss recorded spontaneous speech samples before, and at 8 fixed intervals after injection of each of the drugs. Order of drug administration was varied randomly. Typescripts of these speech samples with every 5th word deleted were completed by 13 normal adults and scored according to the number of agreements with the original sources. The 2 drugs acted differentially (p < .001), and the expected interaction of drug and time effects was obtained (p < .05). Compared with predrug levels, LSD impaired understandability, while epinephrine enhanced understandability. Peak effects for drugs were noted about 2 hr. after injection. (25 ref.) (PsycInfo Database Record (c) 2025 APA, all rights reserved)",1965,08-01,Journal of Abnormal Psychology,70,4,303-306,,https://doi.org/10.1037/h0022301,,#38970,Honigfeld 1965,"",Possible RCT
"Demethylation of C–1–4 2,3,4-trimethoxyphenylethylamine in schizophrenics before and after L-methionine loading","Antun, Fuad T.; Kurkjian, Raffi","Compared demethylation in 24 acute or chronic schizophrenics (aged 21–75 yrs) and 10 manic-depressives (controls) by the administration of C–1–4-labelled 2,3,4-trimethoxyphenylethylamine (TMPEA; 50 mg, im). The results do not show a significant difference in the urinary levels of the monodemethylated catabolites of TMPEA among any groups of patients. However, there was a significant decrease in demethylation in untreated chronic schizophrenics after 10 days of levomethionine (20 g, po), whereas the control group similarly given methionine did not change. This suggests the possibility of a biological weakness in schizophrenia. (17 ref) (PsycINFO Database Record (c) 2018 APA, all rights reserved)",1982,06-01,The British Journal of Psychiatry,140,,611-614,,https://doi.org/10.1192/bjp.140.6.611,,#39126,Antun 1982,"",Possible RCT
The stability of personality traits in alcoholics during and after treatment as measured by the MMPI: A one year follow-up study,"Chang, Alice F.; Caldwell, Alex B.; Moss, Thelma","Divided a population of 208 chronic alcoholics into 3 treated and 3 nontreated groups. Ss were given the MMPI 3 times over a 1-yr. period as part of a double-blind study of LSD, methylphenidate (ritalin), and chlordiazepoxide (librium) treatment of alcoholism. Interpretations are offered to explain differences in mean profiles between and within groups pre- and postdrug administration and at 6 and 12 mo. follow-ups. A cross-validation of the MacAndrew Alcoholism Scale showed a very high correct classification rate, 90.6%. The stability of this scale over time showed that it is measuring longstanding characterological traits rather than current disruption secondary to heavy drinking. (PsycInfo Database Record (c) 2023 APA, all rights reserved)",1973,01-01,Proceedings of the Annual Convention of the American Psychological Association,,,389-390,,,,#39196,Chang 1973,"",Possible RCT
Developing a direct observation measure of therapeutic connection in psilocybin-assisted therapy: A feasibility study,"Gramling, Robert; Bennett, Emily; Curtis, Keith; Richards, William; Rizzo, Donna M.; Arnoldy, Francesca; Hegg, Logan; Porter, Jon; Honstein, Heather; Pratt, Susanna; Tarbi, Elise; Reblin, Maija; Thambi, Paul; Agrawal, Manish","Context: Measuring therapeutic connection during psilocybin-assisted therapy is essential to understand underlying mechanisms, inform training, and guide quality improvement. Purpose: To evaluate the feasibility of directly observing indicators of therapeutic connection during psilocybin administration encounters. Methods: We evaluated audio and video data from a recent clinical trial for observable expressions of therapeutic connection as defined in proposed best-practice competencies (i.e., empathic abiding presence and interpersonal grounding). We selected the first four 8-hour encounters involving unique participants, therapists, and gender pairs. Each video was independently coded by three members of an interprofessional six-person team. Using a structured checklist, coders recorded start–stop times, the audible (i.e., speech prosody or words) and visible (i.e., body movements, eye gaze, and touch) cues marking the event, and the qualities of the interaction (e.g., expression of awe, trust, distress, and calmness). We assessed feasibility by observing the frequency, distribution, and overlap of cues and qualities coders used to identify and define moments of therapeutic connection. Results: Among the 2074 minutes of video, coders recorded 372 moments of therapeutic connection. Eighty-three percent were identified by at least two coders and 41% by all three. Coders used a combination of audible and visual cues to identify therapeutic connection in 51% of observed events (190/372). Both the cues and qualities of therapeutic connection expressions varied over the course of psilocybin temporal effects on states of consciousness. Conclusion: Direct observation of therapeutic human connection is feasible, sensitive to changes in states of consciousness and requires evaluation of audible and visual data. (PsycInfo Database Record (c) 2025 APA, all rights reserved) (Source: journal abstract)",2023,12-01,Journal of Palliative Medicine,26,12,1702-1708,,https://doi.org/10.1089/jpm.2023.0189,,#39319,Gramling 2023,"",Possible RCT
Effect of loxapine on peripheral dopamine-like and serotonin receptors in patients with schizophrenia,"Singh, Amarendra N.; Barlas, Cia; Saeedi, Huma; Mishra, Ram K.","Investigated the effect of loxapine on peripheral dopamine D/2-like and serotonin receptor binding and on psychotic symptoms. 24 oupatients with schizophrenia participated (aged 18-70 yrs). Patients were given loxapine for a period of 12 wks. Scores on a variety of efficacy and safety scales were recorded at each visit, and blood was drawn for receptor assays. Patients showed significant improvement on most psychiatric assessment scales after 6 and 12 wks of treatment with loxapine, and both lymphocyte D/2-like and serotonin platelet receptor binding were down-regulated after 6 and 12 wks. (PsycInfo Database Record (c) 2025 APA, all rights reserved)",2003,01-01,Journal of Psychiatry & Neuroscience,28,1,39-47,,,,#39328,Singh 2003,"",Possible RCT
The Attribution of Responsibility in Acquaintance Rape Involving Ecstasy,"Castello, Jennifer; Coomer, Christina; Stillwell, Jamie; Cate, Kelly Leach","This study examined the attributions of responsibility for the parties involved in a date rape using a 2 × 2 between-subjects design. Forty-nine undergraduate female psychology students read one of four hypothetical date rape scenarios depicting identical circumstances except for the level of intoxication by either or both of the parties. Responsibility level was ascertained by participant response to eight questions ranked on a 7-point Likert-type scale. It was expected that intoxication of the victim would enhance her perceived level of responsibility for the rape while intoxication of the perpetrator would diminish his perceived level of responsibility, that intoxication of the victim would encourage participants to believe that she led the perpetrator to believe that she desired to have sex with him while decreasing support for her to report the crime, and that intoxication of the perpetrator would reduce the amount of control attributed to the perpetrator and also minimize the recommended punishment for the crime. Results are discussed in terms of the ""Just World hypothesis,"" including implications for emotional recovery of rape victims. (PsycInfo Database Record (c) 2020 APA, all rights reserved) (Source: journal abstract)",2006,12-01,North American Journal of Psychology,8,3,411-420,,,,#39403,Castello 2006,"",Possible RCT
Classification of placebo drugs: Effect of color,"Jacobs, Keith W.; Nordan, Frances M.","To study the role of color in the psychological effects of placebo drugs, 100 Ss (mean age 29.83 yrs) were asked to place each of 6 different colored capsules into 1 of 3 classifications of drug effects—stimulant, depressant, or hallucinogen. Red and yellow placebos were classified as stimulants, while blue placebos were classified as depressants. (7 ref) (PsycINFO Database Record (c) 2016 APA, all rights reserved)",1979,10-01,Perceptual and Motor Skills,49,2,367-372,,https://doi.org/10.2466/pms.1979.49.2.367,,#39406,Jacobs 1979,"",Possible RCT
"Pahnke's ""Good Friday experiment"": A long-term follow-up and methodological critique","Doblin, Richard","To investigate the potential of psychedelic drugs to facilitate mystical experience, W. Pahnke (1963) administered psilocybin or placebo to 20 White male Protestant divinity students before Good Friday services. The present study critiques the preparation phase of the experiment, Pahnke's questionnaire for measuring mystical experience, and completeness of his reporting. Between 1986 and 1989, the present author recorded personal interviews with 16 of the original Ss. All 16 were readministered the 100-item questionnaire used for 6-mo follow-up in the original experiment. The original experiment found that psilocybin Ss who experienced a mystical experience would, after 6 mo, report a substantial amount of positive, and virtually no negative, persisting changes in attitude and behavior. The present study further supports these findings. (PsycINFO Database Record (c) 2017 APA, all rights reserved)",1991,01-01,Journal of Transpersonal Psychology,23,1,1-28,,,,#39420,Doblin 1991,"",Possible RCT
Exploring the experiential mode of transcendence in terror management and self-determination,"Sielaff, Alex","Prior research suggests that ""mystical-type experiences"" (MTEs) have the potential to induce significant and persisting worldview changes. MTEs are also implicated in positive outcomes in psychedelic-assisted psychotherapy. The four studies in the present work seek to test the hypothesis that MTEs change worldviews and help in psychotherapy because MTEs, with proper integration, induce intrinsic shifts in aspirations and goals. Intrinsic goals, compared to extrinsic, are better at managing existential concerns, fulfilling basic psychological needs, and reducing psychiatric risk. Studies 1 (n = 837) and 2 (n = 1,036) used correlational data to show that people who have had an MTE, versus not, during their lives had more intrinsic and growth-oriented worldviews. Study 3 (n = 26) collected pre/post data from participants who used psychedelics at a music festival, testing the hypothesis that psychedelic-induced MTEs plus integration can elicit an intrinsic shift in goal aspirations. The primary hypothesis in Study 3 could not be properly tested due to ceiling effects on the dependent variable and low statistical power due to attrition. However, at Time 1 (n = 99), veteran psychedelic users reported higher openness, flourishing, and lower death anxiety, compared to less experienced psychedelic users. Study 4 (n = 45) tests the intrinsic shift hypothesis by teaming up with three facilitators of Conscious Connected Breathwork, a practice known to elicit MTEs, and collecting pre/post data from their clients. The primary hypothesis, that MTEs plus integration would be positively associated with shifts in autonomy causality orientation, was not upheld. However, integration, not MTEs, predicted a significant increase in feelings of connectedness with others, but not with oneself or the world. Together, Studies 1-4 provide correlational data supporting the intrinsic shift hypothesis, but quasi-experimental data that does not. More rigorous methods, including control groups and new dependent variables, are needed to validate or disprove the intrinsic shift hypothesis. (PsycInfo Database Record (c) 2025 APA, all rights reserved)",2024,01-01,Dissertation Abstracts International: Section B: The Sciences and Engineering,85,11-B,,,,,#39460,Sielaff 2024,"",Possible RCT
"N,N-dimethylated indoleamines in blood","Narasimhachari, N.; Heller, B.; Spaide, J.; Haskovec, L.; Meltzer, H.; Strahilevitz, M.; Himwich, H. E.","Describes a study of the blood samples of 5 acute schizophrenics in which dimethyltrypatmine and 5-methoxy-n, n-dimethyltryptamine were identified by thin-layer and gas-liquid chromatography in all ss, while bufotenine was also found in 1 case. None of these was detected in 9 chronic schizophrenic patients, 2 normals, and 1 depressive. In a double-blind study of 42 serum samples which included normals, 15 of 22 acute schizophrenics were positive for n, n-dimethyltryptamine and 5-methoxy-n, n-dimethyltrypamine, while only 2 of 20 nonschizophrenics were positive. (PsycINFO Database Record (c) 2018 APA, all rights reserved)",1971,01-01,Biological Psychiatry,3,1,21-23,,,,#39464,Narasimhachari 1971,"",Possible RCT
The re‐emergence of hallucinogenic research,"Begola, Matthew J.; Dowben, Jonathan S.","Due to the intractability, at times, in the treatment of PTSD, clinicians and researchers continue to explore different options for treatment. This article discusses the renewed interest in hallucinogens for such treatment. (PsycInfo Database Record (c) 2025 APA, all rights reserved) (Source: journal abstract)",2018,10-01,Perspectives in Psychiatric Care,54,4,523-526,,https://doi.org/10.1111/ppc.12263,,#39521,Begola 2018,"",""
"""Psychedelic"" effects produced by sensory overload","Ludwig, Arnold M.","Presents preliminary results of a study indicating that approximately 24% of 46 normal adult Ss exposed to sensory overload reported a variety of subjective ""psychedelic"" effects. Ss were exposed to banks of flood lamps (light intensity of 40-70 ft-c) and taped sounds (SPL of 90-100 db.), in 2.5-hr sessions. Resulting effects pertained to perceptual distortions, disturbances in sense of time, ""otherworldly"" feelings, feelings of loss of control, somatic effects, and diminished reality testing. (PsycINFO Database Record (c) 2016 APA, all rights reserved)",1972,04-01,The American Journal of Psychiatry,128,10,1294-1297,,https://doi.org/10.1176/ajp.128.10.1294,,#39639,Ludwig 1972,"",Possible RCT
DPT as an adjunct in brief psychotherapy with cancer patients,"Richards, William A; Rhead, John C; Grof, Stanislav; Goodman, Louis E; Di Leo, Francesco; Rush, Lockwood","30 24–71 yr old cancer patients suffering from psychological distress participated in a pilot project of individual psychotherapy that offered, over a 4 wk period, approximately 12 hrs of conventional verbal interaction and a single intensive drug-assisted therapy session that employed dipropyltryptamine (DPT), a short-acting psychedelic drug. The efficacy of the total therapeutic approach in enhancing the quality of life is indicated by the analysis of data from psychological tests (the Mini-Mult and the Personal Orientation Inventory) and independent ratings of 2 social workers on the Emotional Condition Rating Scale completed before and after the treatment intervention. The relative merits of DPT in comparison with LSD and the need to pursue a controlled study are discussed. (27 ref) (PsycInfo Database Record (c) 2022 APA, all rights reserved)",1979,01-01,Omega: Journal of Death and Dying,10,1,9-26,,https://doi.org/10.2190/NGUB-V4RM-T7DC-XTH3,,#39707,Richards 1979,"",Possible RCT
Personality characteristics associated with psychedelic flashbacks in natural and experimental settings,"Heaton, Robert K.; Victor, Ralph G.","Compared MMPI profiles of 30 male psychedelic drug users with and without previous flashback experiences. MMPI differences enabled correct classification of the majority of both types of Ss. Controlling for differences which might be attributable to the flashbacks themselves, profiles associated with previous flashbacks still reflected more ""loose,"" less reality-oriented thinking. Under experimental conditions involving mild sensory deprivation and the administration of either placebo or 50 mg ephedrine sulfate, Ss with MMPI evidence of loose thinking experienced significantly more psychedelic-like sensations, even when given instructions that tended to inhibit altered states of consciousness. Results are interpreted as suggesting that flashbacks are exacerbations of more stable psychopathology which occur in situations that tend to induce altered states of consciousness even without previous drug use. (29 ref) (PsycInfo Database Record (c) 2025 APA, all rights reserved)",1976,02-01,Journal of Abnormal Psychology,85,1,83-90,,https://doi.org/10.1037/0021-843X.85.1.83,,#39716,Heaton 1976,"",Possible RCT
"Failure of outpatient treatment of drug abuse: II. Amphetamines, barbiturates, hallucinogens","Anderson, William H.; O'Malley, John E.; Lazare, Aaron","Reports an attempt to engage abusers of nonopiate drugs in ongoing outpatient treatment. Continuing care (psychotherapy or hospitalization) was offered to 83 of the 208 persons who came to a 24-hr walk-in psychiatric clinic with reported problems of drug abuse. 9 returned once; 1 followed through with recommended treatment. 79% of a control group (N = 100), matched for age and sex from other diagnostic categories, returned as requested. Failure to generate therapy is considered in terms of: (a) patient motivation, (b) quantity and quality of treatment, (c) patient-therapist communication, (d) euphoria produced by drugs vis-a-vis therapy, and (e) ignorance of the cause of drug abuse. The last reason is deemed most plausible and worthy of further study. (PsycInfo Database Record (c) 2022 APA, all rights reserved)",1972,06-01,The American Journal of Psychiatry,128,12,1572-1576,,https://doi.org/10.1176/ajp.128.12.1572,,#39744,Anderson 1972,"",Possible RCT
The science behind psychedelic therapy: Many questions remain about the formerly taboo chemicals that are speeding towards the clinic,"Reardon, Sara","In this paper, the author addresses the science behind psychedelic therapy. The author addresses the following questions: 1) what is a psychedelic? 2) how do these drugs work? 3) do psychedelics rewire the brain? 4) what else might these drug do? and 5) is it all a placebo effect. (PsycInfo Database Record (c) 2025 APA, all rights reserved)",2023,11-02,Nature,623,7985,22-24,,https://doi.org/10.1038/d41586-023-03334-6,,#39769,Reardon 2023,"",""
Mind and body in biological psychiatry,"Alexander, Leo","Claims that bodily influences on the mind and mental influences on the body which are applied in the practice of biological psychiatry involve the following interactions: (a) bodily nonverbal support through mild euphoriant medication or placebo; (b) stressful bodily challenges, e.g., by stimulating or hallucinogenic drugs; (c) extinction of conditioning and strengthening of unconditioned responsiveness, e.g., by ECT or specific antipsychotic drugs; and (d) new conditioning of bodily functions by verbal means, e.g., by psychotherapy, including hypnosis. Case histories illustrating these areas are described. (20 ref.) (PsycINFO Database Record (c) 2018 APA, all rights reserved)",1972,12-01,Biological Psychiatry,5,3,225-238,,,,#39816,Alexander 1972,"",Possible RCT
Classic Psychedelics for the Treatment of Depression: Potential Benefits and Challenges,"Ghaznavi, S.; Richter, S.G.",,2025,,Drugs,85,5,609-626,,10.1007/s40265-025-02172-2,,#39848,Ghaznavi 2025,"",""
Lysergic acid diethylamide-derived excitatory/ inhibitory ratio change enhances global synchrony in functional brain dynamics,"Zhang, L.; Shi, W.; Zhao, Z.; Wang, Z.; Chu, C.; Zhao, B.; Zhang, J.; Liu, Q.; Lan, Y.; Jiang, T.",,2025,,PLOS Computational Biology,,,,,10.1371/journal.pcbi.1013822,,#39867,Zhang 2025,"",""
Clinical pharmacology,"Vogt, S.B.; Liechti, M.E.",,2025,,International Review of Neurobiology,181,,99-148,,10.1016/bs.irn.2025.02.003,,#39883,Vogt 2025,"",""
Illicit drug use and associated health risk behaviors among sexual minority youth,"Duong, J.; Kelly, D.; Sciolla, A.F.",,2025,,Addictive Behaviors,169,,,,10.1016/j.addbeh.2025.108397,,#39897,Duong 2025,"",""
Therapeutic Potential of Classical Psychedelics and Non-Hallucinogenic Psychoplastogens in Psychiatric Disorders,"Hashimoto, K.; Arıcıoğlu, F.; Çetin, M.",,2026,,Psychiatry and Clinical Psychopharmacology,36,2,197-210,,10.65801/pcp.3512,,#39903,Hashimoto 2026,"",""
With great power comes great responsibility: Promise and caution in the new psychedelic renaissance,"Halma, M.; Levy, R.; Varon, J.",,2025,,Brain Disorders,20,,,,10.1016/j.dscb.2025.100286,,#39910,Halma 2025,"",""
Neuropsychological profiles of patients suffering from hallucinogen persisting perception disorder (HPPD): A comparative analysis with psychedelic-using and non-using controls,"Leistenschneider, G.; Majić, T.; Reiche, S.; Riemer, T.G.",,2024,,Scientific Reports,14,1,,,10.1038/s41598-024-82216-x,,#39916,Leistenschneider 2024,"",""
Influent wastewater analysis to investigate emerging trends of new psychoactive substances use in Europe,"Salgueiro-Gonzalez, N.; Béen, F.; Bijlsma, L.; Boogaerts, T.; Covaci, A.; Baz-Lomba, J.A.; Kasprzyk-Hordern, B.; Matias, J.; Ort, C.; Bodík, I.; Heath, E.; Styszko, K.; Emke, E.; Hernández, F.; van Nuijs, A.L.N.; Castiglioni, S.",,2024,,Water Research,254,,,,10.1016/j.watres.2024.121390,,#39964,Salgueiro-Gonzalez 2024,"",""
Evaluating the value and risks of psychedelics for psychiatric medicine: a clinical perspective,"Marazziti, D.; Weiss, F.; Gurrieri, R.; Russomanno, G.; Gambini, M.; Magnesa, A.; Coccoglioniti, A.; Perugi, G.",,2025,,Expert Review of Neurotherapeutics,25,2,143-156,,10.1080/14737175.2024.2445016,,#39969,Marazziti 2025,"",""
Psychedelic Therapy: A Primer for Primary Care Clinicians - Historical Perspective and Overview,"Tabaac, B.J.; Shinozuka, K.; Arenas, A.; Beutler, B.D.; Cherian, K.; Evans, V.D.; Fasano, C.; Muir, O.S.",,2024,,American Journal of Therapeutics,31,2,E97-E103,,10.1097/MJT.0000000000001727,,#39986,Tabaac 2024,"",""
Balancing Bus Punctuality and Heterogeneous Flow Stability Under a Connected Environment,"Wang, L.; Zhou, Z.; Cui, S.",,2025,,Automotive Innovation,8,3,724-738,,10.1007/s42154-024-00338-4,,#40002,Wang 2025,"",""
Opto-Electrochemical Sensing of MDMA Molecule Through a Nanoarchitecture Formed Quantum Dots (QDs) Modified Aptasensor,"Soni, S.; Jain, U.; Chauhan, N.",,2024,,Biointerface Research in Applied Chemistry,14,1,,,10.33263/BRIAC141.006,,#40017,Soni 2024,"",""
Metabolomics-guided identification of bioactive phytometabolites from South African plants targeting neuroblastoma,"Motshudi, M.C.; Naidoo, C.M.; Obi, C.L.; Iweriebor, B.C.; Prinsloo, E.; Zubair, M.S.; Mkolo, N.M.",,2026,,Experimental Biology and Medicine,251,,,,10.3389/ebm.2026.10867,,#40021,Motshudi 2026,"",""
Resilience and Brain Changes in Long-Term Ayahuasca Users: Insights From Psychometric and fMRI Pattern Recognition,"Ramos, L.R.; Fernandes, O.; Sanchez, T.A.",,2025,,Journal of Magnetic Resonance Imaging,62,6,1782-1790,,10.1002/jmri.70063,,#40023,Ramos 2025,"",""
Untargeted Metabolomic Analysis Using UPLC–MS/MS Reveals Metabolic Changes Associated With Lanmaoa asiatica Poisoning,"Dai, R.; Duan, Z.; Han, B.; Peng, Y.; Zhu, L.; Shen, Y.; Meng, Q.",,2025,,Food Science and Nutrition,13,7,,,10.1002/fsn3.70583,,#40035,Dai 2025,"",""
Serotonergic psychedelics for depression: A comprehensive overview,"Wingert, A.M.; Agnorelli, C.; Peill, J.; Reed, S.; Nutt, D.J.; Erritzoe, D.",,2025,,International Review of Neurobiology,181,,271-304,,10.1016/bs.irn.2025.04.009,,#40040,Wingert 2025,"",""
Impact of reduced sampling frequency of illicit drug wastewater monitoring in the Netherlands,"Hoondert, R.P.J.; Emke, E.; Nagelkerke, E.; Roex, E.; ter Laak, T.L.",,2024,,Science of the Total Environment,953,,,,10.1016/j.scitotenv.2024.175767,,#40050,Hoondert 2024,"",""
Terahertz Spectroscopy and Theoretical Study of Cathinone-Type Drugs,"Shan, F.; Mao, M.; Peng, Y.; Tian, Z.",,2026,,Guangxue Xuebao/Acta Optica Sinica,46,5,,,10.3788/AOS251408,,#40051,Shan 2026,"",""
The changing outlook of psychedelic drugs: The importance of risk assessment and occupational exposure limits,"Videira, N.B.; Nair, V.; Paquet, V.; Calhoun, D.",,2024,,Journal of Applied Toxicology,44,2,216-234,,10.1002/jat.4533,,#40062,Videira 2024,"",""
The shifting fortunes of corporate psychedelia,"Hager, S.B.",,2025,,Finance and Society,,,,,10.1017/fas.2025.10014,,#40065,Hager 2025,"",""
Psilocybin alters visual contextual computations,"Aqil, M.; de Hollander, G.; Vreugdenhil, N.; Knapen, T.; Dumoulin, S.O.",,2025,,Nature Communications ,16,1,,,10.1038/s41467-025-65150-y,,#40066,Aqil 2025,"",""
"Psilocybin Outside the Clinic: Public Health Challenges of Increasing Publicity, Accessibility, and Use","Hutchison, K.E.; Hooper, J.F.; Karoly, H.C.",,2026,,JAMA Psychiatry,83,1,78-84,,10.1001/jamapsychiatry.2025.3038,,#40068,Hutchison 2026,"",""
Potential therapeutic effects of psychedelics in small doses: Is there a role for microdosing in psychiatry?,"Totomanova, I.; Haijen, E.C.H.M.; Hurks, P.P.M.; Ramaekers, J.G.; Kuypers, K.P.C.",,2025,,International Review of Neurobiology,181,,231-268,,10.1016/bs.irn.2025.03.002,,#40079,Totomanova 2025,"",""
"Pharmacological regulation of adult brain neuroplasticity: Synergistic roles of neuropeptide signaling, psychedelics, and synaptic modulators","Shokr, M.M.; Fawzy, M.N.; Abdelaziz, A.M.",,2026,,Molecular and Cellular Neuroscience,136,,,,10.1016/j.mcn.2026.104076,,#40086,Shokr 2026,"",""
"EFFECT OF GLYPHOSATE ON DEFENCE ACTIVITY, TISSUE DAMAGE AND OXIDATIVE STRESS ACTIVITY: ENZYMES AS THE INDICATOR IN BLACK MOLLY POECILIA SPHENOPS","Pushbalatha, I.; Gopan, A.; Amutha, C.",,2025,,Journal of Experimental Zoology India,28,1,207-215,,10.51470/jez.2025.28.1.207,,#40087,Pushbalatha 2025,"",""
"Critical appraisal of evidence supporting prescription of psychedelics from clinic websites in Ontario, Canada","Kim, K.; Yusuf, A.; Sud, A.; Persaud, N.; Kirubarajan, A.; Moller, M.; Lloyd, T.; O’Neill, B.",,2024,,PLoS ONE,19,10 October,,,10.1371/journal.pone.0309911,,#40105,Kim 2024,"",""
Chemical profile of synthetic drugs seized in Paraná State (Brazil): Possible decline of new psychoactive substances,"Melo, I.F.; Menezes, L.R.A.; Benedetti, P.R.; de Moraes, L.H.F.; Sassaki, G.L.",,2026,,Forensic Science International,379,,,,10.1016/j.forsciint.2025.112785,,#40108,Melo 2026,"",""
Clinical Profile and Drugs of Abuse Identified among People who Use Drugs Admitted to a Tertiary Hospital in the Philippines using a Validated LC-QTOF/MS Method,"Dioquino, C.P.C.; Toralba, J.V.; Mora, L.M.M.; Alvarado, J.B.; Climacosa, F.M.M.; Ngo, F.L.U.; Amarillo, M.L.E.; Yabes, A.M.; Loquias, M.M.; Gerona, R.R.L.",,2025,,Acta Medica Philippina,59,13,52-59,,10.47895/amp.v59i13.11794,,#40120,Dioquino 2025,"",""
"Conflict monitoring and emotional processing in 3,4-methylenedioxymethamphetamine (MDMA) and methamphetamine users – A comparative neurophysiological study","Opitz, A.; Zimmermann, J.; Cole, D.M.; Coray, R.C.; Zachäi, A.; Baumgartner, M.R.; Steuer, A.E.; Pilhatsch, M.; Quednow, B.B.; Beste, C.; Stock, A.-K.",,2024,,NeuroImage: Clinical,41,,,,10.1016/j.nicl.2024.103579,,#40134,Opitz 2024,"",""
"Inhaled N, N-dimethyltryptamine diminishes connectivity between the ventral tegmental area and the nucleus accumbens: relevance to pathologies of mesolimbic and mesocortical pathways","Lima, G.; Soares, C.; Teixeira, M.; Pais, M.; Cabral, C.; Rijo, P.; Castelo-Branco, M.",,2026,,Scientific Reports,16,1,,,10.1038/s41598-025-31431-1,,#40138,Lima 2026,"",""
Oxidative Processes to Transform and Degrade Amphetamine-Type Stimulants: Alternatives to Incineration,"Mercieca, A.; Alonzo, M.; Chadwick, S.; McDonagh, A.",,2026,,Drug Testing and Analysis,18,1,96-107,,10.1002/dta.3965,,#40139,Mercieca 2026,"",""
Structural analysis of an lysergic acid diethylamide (LSD) analogue N-methyl-N-isopropyllysergamide (MiPLA): Insights from Rotamers in NMR spectra,"Shoda, T.; Tsuji, G.; Kawamura, M.; Kurohara, T.; Misawa, T.; Kikura-Hanajiri, R.; Demizu, Y.",,2024,,Drug Testing and Analysis,16,6,588-594,,10.1002/dta.3586,,#40144,Shoda 2024,"",""
Structural confirmation of position isomers 2-(2-methylaminoprolyl)benzofuran and 5-(2-methylaminopropyl)benzofuran: a combined mass spectrometric and computational study,"Xu, Y.; Lin, X.; Chen, X.; Ke, X.; Wu, H.; Fan, Y.L.; Zhou, J.; Xu, J.",,2024,,Rapid Communications in Mass Spectrometry,38,4,,,10.1002/rcm.9688,,#40151,Xu 2024,"",""
Evaluation of spectroscopic techniques for on-site drug testing of festival seizures,"Meert, N.; Eliaerts, J.; Van Durme, F.; Wille, S.M.R.; Samyn, N.",,2025,,Drug Testing and Analysis,17,6,796-804,,10.1002/dta.3780,,#40172,Meert 2025,"",""
LSD revisited: Mechanisms of action and therapeutic potential in mental health,"Bouloufa, A.; Delcourte, S.; Delannay, T.; Haddjeri, N.",,2026,,Encephale,,,,,10.1016/j.encep.2026.02.008,,#40177,Bouloufa 2026,"",""
Derivatization-free determination of chiral plasma pharmacokinetics of MDMA and its enantiomers,"Luethi, D.; Rudin, D.; Straumann, I.; Thomann, J.; Avedisian, I.; Liechti, M.E.; Duthaler, U.",,2024,,Journal of Chromatography B: Analytical Technologies in the Biomedical and Life Sciences,1238,,,,10.1016/j.jchromb.2024.124123,,#40181,Luethi 2024,"",""
LSD-YOLO: Enhanced YOLOv8n Algorithm for Efficient Detection of Lemon Surface Diseases,"Wang, S.; Li, Q.; Yang, T.; Li, Z.; Bai, D.; Tang, C.; Pu, H.",,2024,,Plants,13,15,,,10.3390/plants13152069,,#40201,Wang 2024,"",""
Evaluation of Hydroalcoholic Extract of Leaves of Buddleja asiatica for its Abortifacient Activity on Poecilia sphenops,"Roy, S.; Majumdar, M.; Ghosh, S.; Roy, P.; Bhunia, I.; Saha, P.; Manna, M.; Sardar, P.",,2026,,Journal of Natural Remedies,26,3,773-779,,10.18311/jnr/2026/54251,,#40205,Roy 2026,"",""
Evaluation of Nailfold Capillaroscopy as a Novel Tool in the Assessment of Eosinophilic Granulomatosis with Polyangiitis,"Screm, G.; Gandin, I.; Mondini, L.; Cifaldi, R.; Confalonieri, P.; Bozzi, C.; Salton, F.; Bandini, G.; Monteleone, G.; Hughes, M.; Cameli, P.; Novello, M.; Della Porta, R.; Pietro, G.; Confalonieri, M.; Ruaro, B.",,2025,,Journal of Clinical Medicine,14,15,,,10.3390/jcm14155311,,#40212,Screm 2025,"",""
Forensic Aspects of Designer LSD Analogs Identification by GC–MS (EI) and UV Spectroscopy,"Tusiewicz, K.; Wachełko, O.; Zawadzki, M.; Szpot, P.",,2024,,Molecules,29,23,,,10.3390/molecules29235717,,#40229,Tusiewicz 2024,"",""
Metabolomic insights into amphetamine-type stimulant misuse: unraveling biochemical pathways and biomarkers,"Mamat, R.; Ibrahim, B.; Rashid, R.A.; Sim Maw Shin, G.; Wahab, S.; Ahmad, A.; Nordin, N.M.",,2026,,Journal of Addictive Diseases,44,2,183-194,,10.1080/10550887.2025.2473188,,#40230,Mamat 2026,"",""
Psychedelic drugs in palliative care: research agenda,"Stokes, C.; Khagram, A.; Metselaar, B.; Gurgenci, T.; Good, P.",,2026,,BMJ Supportive and Palliative Care,16,1,79-81,,10.1136/spcare-2025-005661,,#40238,Stokes 2026,"",""
Psychedelic Therapy: A Primer for Primary Care Clinicians - Psilocybin,"Tabaac, B.J.; Shinozuka, K.; Arenas, A.; Beutler, B.D.; Cherian, K.; Evans, V.D.; Fasano, C.; Muir, O.S.",,2024,,American Journal of Therapeutics,31,2,E121-E132,,10.1097/MJT.0000000000001724,,#40251,Tabaac 2024,"",""
Psychedelics for mental health: a biochemical perspective,"González-Maeso, J.",,2024,,Biochemist,46,1,3-5,,10.1042/bio_2023_161,,#40259,González-Maeso 2024,"",""
Modifying Informed Consent to Help Address Functional Unmasking in Psychedelic Clinical Trials,"Matvey, M.; Kelley, D.P.; Bradley, E.R.; Chiong, W.; O'Donovan, A.; Woolley, J.",,2025,,JAMA Psychiatry,82,3,,,10.1001/jamapsychiatry.2024.4312,,#40275,Matvey 2025,"",""
Psychedelics: The pathway to implementation in the European healthcare systems,"Gründer, G.; Mertens, L.J.; Spangemacher, M.; Meyer-Lindenberg, A.; Jungaberle, H.",,2026,,European Neuropsychopharmacology,102,,41-48,,10.1016/j.euroneuro.2025.11.007,,#40278,Gründer 2026,"",""
"Impact of biosynthesized copper oxide nanoparticles using Thuthi Keerai Abutilon indicum on Dotted molly, Poecilia sphenops","Keerthika, V.; Vaseekaran, N.; Rajan, M.R.",,2025,,Journal of Applied and Natural Science,17,3,1011-1018,,10.31018/jans.v17i3.6558,,#40285,Keerthika 2025,"",""
The Relationship Between Psychedelic Use and Alcohol Use Disorder in a Nationally Representative Sample,"Zech, J.M.; Richard, J.; Jones, G.M.",,2025,,Journal of Psychoactive Drugs,,,,,10.1080/02791072.2025.2583967,,#40288,Zech 2025,"",""
EMCDDA framework and practical guidance for naming cathinones,"Pulver, B.; Fischmann, S.; Gallegos, A.; Christie, R.",,2024,,Drug Testing and Analysis,16,12,1409-1435,,10.1002/dta.3662,,#40305,Pulver 2024,"",""
Can a single dose of psilocybin improve cognitive control in functional dissociative seizures?,"Chupin, J.; Lopez-Castroman, J.; Brière, C.; Pereira, F.; Hingray, C.; Conejero, I.",,2023,,Medical Hypotheses,179,,,,10.1016/j.mehy.2023.111163,,#40357,Chupin 2023,"",""
Receptor-informed network control theory links LSD and psilocybin to a flattening of the brain’s control energy landscape,"Singleton, S.P.; Luppi, A.I.; Carhart-Harris, R.L.; Cruzat, J.; Roseman, L.; Nutt, D.J.; Deco, G.; Kringelbach, M.L.; Stamatakis, E.A.; Kuceyeski, A.",,2022,,Nature Communications ,13,1,,,10.1038/s41467-022-33578-1,,#40364,Singleton 2022,"",""
DNA on drugs! A preliminary investigation of DNA deposition during the handling of illicit drug capsules,"Griffin, A.; Kirkbride, K.P.; Henry, J.; Painter, B.; Linacre, A.",,2021,,Forensic Science International: Genetics,54,,,,10.1016/j.fsigen.2021.102559,,#40403,Griffin 2021,"",""
DNA Authentication and Chemical Analysis of Psilocybe Mushrooms Reveal Widespread Misdeterminations in Fungaria and Inconsistencies in Metabolites,"Bradshaw, A.J.; Backman, T.A.; Ramírez-Cruz, V.; Forrister, D.L.; Winter, J.M.; Guzmán-Dávalos, L.; Furci, G.; Stamets, P.; Dentinger, B.T.M.",,2022,,Applied and Environmental Microbiology,88,24,,,10.1128/aem.01498-22,,#40414,Bradshaw 2022,"",""
From LSD to LSD – A Personal Trajectory,"Borbély, A.",,2022,,Mind and Matter,20,1,143-158,,,,#40415,Borbély 2022,"",""
COMT Val158Met polymorphism is associated with ecstasy (MDMA)-induced psychotic symptoms in the Turkish population,"Aytac, H.M.; Oyaci, Y.; Aydin, P.C.; Pehlivan, M.; Pehlivan, S.",,2022,,Neurosciences,27,1,24-30,,10.17712/nsj.2022.1.20210045,,#40432,Aytac 2022,"",""
"Controlled substances development – past, present, and future","Joines, J.; Schofield, S.; Minkova, R.; Dimitrova, D.; Boren, J.",,2023,,Regulatory Rapporteur,20,10,,,,,#40438,Joines 2023,"",""
Immunological Modulation and Control of Parasitaemia by Ayahuasca Compounds: Therapeutic Potential for Chagas's Disease,"Katchborian-Neto, A.; Santos, M.F.C.; Vilas-Boas, D.F.; dos Santos, E.G.; Veloso, M.P.; Bueno, P.C.P.; Caldas, I.S.; Soares, M.G.; Dias, D.F.; Chagas-Paula, D.A.",,2022,,Chemistry and Biodiversity,19,10,,,10.1002/cbdv.202200409,,#40445,Katchborian-Neto 2022,"",""
"In silico study of dimethyltryptamine analogues against 5-HT1B receptor: Molecular docking, dynamic simulations and ADMET prediction","Contreras-Puentes, N.; Alviz-Amador, A.; Villalobos, I.M.",,2022,,Journal of HerbMed Pharmacology,11,2,204-212,,10.34172/jhp.2022.25,,#40468,Contreras-Puentes 2022,"",""
Deciphering the Causality between Gut Microbiota Dysbiosis and Poisoning by Narcotics and Psychodysleptics: A Mendelian Randomization Analysis,"Wang, N.; Su, Z.",,2024,,Current Neuropharmacology,23,2,187-195,,10.2174/1570159X22999240729092453,,#40471,Wang 2024,"",""
Comprehensive evaluation of drug cases in Seoul and its metropolitan areas – 2022,"Kim, J.; Yum, H.; Kang, S.; Lee, N.; Song, J.; Park, Y.; Choe, S.; Park, M.",,2023,,Forensic Science International,353,,,,10.1016/j.forsciint.2023.111877,,#40479,Kim 2023,"",""
Concomitant drugs associated with increased mortality for MDMA users reported in a drug safety surveillance database,"Cohen, I.V.; Makunts, T.; Abagyan, R.; Thomas, K.",,2021,,Scientific Reports,11,1,,,10.1038/s41598-021-85389-x,,#40527,Cohen 2021,"",""
Psilocybin microdosers demonstrate greater observed improvements in mood and mental health at one month relative to non-microdosing controls,"Rootman, J.M.; Kiraga, M.; Kryskow, P.; Harvey, K.; Stamets, P.; Santos-Brault, E.; Kuypers, K.P.C.; Walsh, Z.",,2022,,Scientific Reports,12,1,,,10.1038/s41598-022-14512-3,,#40530,Rootman 2022,"",""
Study design criteria for regulatory-based drug control action: Drug discrimination,"Gauvin, D.V.; Zimmermann, Z.J.",,2021,,Journal of Pharmacological and Toxicological Methods,111,,,,10.1016/j.vascn.2021.107073,,#40535,Gauvin 2021,"",""
Selective Targeting of Cancer-Related G-Quadruplex Structures by the Natural Compound Dicentrine,"Platella, C.; Ghirga, F.; Musumeci, D.; Quaglio, D.; Zizza, P.; Iachettini, S.; D’Angelo, C.; Biroccio, A.; Botta, B.; Mori, M.; Montesarchio, D.",,2023,,International Journal of Molecular Sciences,24,4,,,10.3390/ijms24044070,,#40537,Platella 2023,"",""
Toward automated infrared spectral analysis in community drug checking,"Gozdzialski, L.; Hutchison, A.; Wallace, B.; Gill, C.; Hore, D.",,2024,,Drug Testing and Analysis,16,1,83-92,,10.1002/dta.3520,,#40550,Gozdzialski 2024,"",""
The need for establishing best practices and gold standards in psychedelic medicine,"Feduccia, A.; Agin-Liebes, G.; Price, C.M.; Grinsell, N.; Paradise, S.; Rabin, D.M.",,2023,,Journal of Affective Disorders,332,,47-54,,10.1016/j.jad.2023.03.083,,#40551,Feduccia 2023,"",""
Psychedelics Favour Understanding Rather Than Knowledge,"Fink, S.B.",,2022,,Philosophy and the Mind Sciences,3,,,,10.33735/phimisci.2022.9264,,#40577,Fink 2022,"",""
White matter alterations in chronic MDMA use: Evidence from diffusion tensor imaging and neurofilament light chain blood levels,"Zimmermann, J.; Friedli, N.; Bavato, F.; Stämpfli, P.; Coray, R.; Baumgartner, M.R.; Grandgirard, D.; Leib, S.L.; Opitz, A.; Seifritz, E.; Stock, A.-K.; Beste, C.; Cole, D.M.; Quednow, B.B.",,2022,,NeuroImage: Clinical,36,,,,10.1016/j.nicl.2022.103191,,#40616,Zimmermann 2022,"",""
Comparative Analyses of Three Point-of-Care Urine Drug Test Devices' Performance Characteristics for Use in Ambulatory Clinic Settings,"Waggoner, D.C.; Delaney, S.R.; Korpi-Steiner, N.L.",,2022,,Journal of Applied Laboratory Medicine,7,2,495-502,,10.1093/jalm/jfab095,,#40619,Waggoner 2022,"",""
Orbitofrontal cortex thickness and substance use disorders in emerging adulthood: causal inferences from a co-twin control/discordant twin study,"Harper, J.; Wilson, S.; Malone, S.M.; Hunt, R.H.; Thomas, K.M.; Iacono, W.G.",,2021,,Addiction,116,9,2548-2558,,10.1111/add.15447,,#40638,Harper 2021,"",""
Opening the Doors of Prescription: Historical Contexts and Current Clinical Perspectives on Psychedelics in Psychiatry,"Domakonda, M.; Winokur, A.",,2022,,Connecticut Medicine,86,1,38-48,,,,#40657,Domakonda 2022,"",""
Psychedelics and psychological strengths,"Brasher, T.; Rosen, D.; Spinella, M.",,2023,,International Journal of Wellbeing,13,1,1-35,,10.5502/ijw.v13i1.2325,,#40672,Brasher 2023,"",""
Ibuprofen degradation by a synergism of facet-controlled MIL-88B(Fe) and persulfate under simulated visible light,"Liu, N.; Wu, J.; Fei, F.; Lei, J.; Shi, W.; Quan, G.; Zeng, S.; Zhang, X.; Tang, L.",,2022,,Journal of Colloid and Interface Science,612,,1-12,,10.1016/j.jcis.2021.12.142,,#40675,Liu 2022,"",""
Effects of classic psychedelic drugs on turbulent signatures in brain dynamics,"Cruzat, J.; Perl, Y.S.; Escrichs, A.; Vohryzek, J.; Timmermann, C.; Roseman, L.; Luppi, A.I.; Ibañez, A.; Nutt, D.; Carhart-Harris, R.; Tagliazucchi, E.; Deco, G.; Kringelbach, M.L.",,2022,,Network Neuroscience,6,4,1104-1124,,10.1162/netn_a_00250,,#40686,Cruzat 2022,"",""
Pharmacotherapies for Treatment-Resistant Depression: How Antipsychotics Fit in the Rapidly Evolving Therapeutic Landscape,"Jha, M.K.; Mathew, S.J.",,2023,,American Journal of Psychiatry,180,3,190-199,,10.1176/appi.ajp.20230025,,#40694,Jha 2023,"",""
Exogenous γ-aminobutyric acid maintains fruit quality of apples through regulation of ethylene anabolism and polyamine metabolism,"Li, C.; Zhu, J.; Sun, L.; Cheng, Y.; Hou, J.; Fan, Y.; Ge, Y.",,2021,,Plant Physiology and Biochemistry,169,,92-101,,10.1016/j.plaphy.2021.11.008,,#40697,Li 2021,"",""
"Concentrations of LSD, 2-oxo-3-hydroxy-LSD, and iso-LSD in hair segments of 18 drug abusers","Zheng, J.; Wang, X.; Zhang, J.; Ren, H.; Zhao, Y.; Xiang, P.",,2023,,Forensic Science International,344,,,,10.1016/j.forsciint.2023.111578,,#40708,Zheng 2023,"",""
High concentrations of illicit stimulants and cutting agents cause false positives on fentanyl test strips,"Lockwood, T.-L.E.; Vervoordt, A.; Lieberman, M.",,2021,,Harm Reduction Journal,18,1,,,10.1186/s12954-021-00478-4,,#40716,Lockwood 2021,"",""
"The effect of different diclofenac doses on bones repairing and col1a1 gene expression in Poecilia latipinna (Lesueur, 1821)","Al-Alnjawi, N.A.S.; Saud, H.A.; Al-Noor, S.S.",,2022,,Egyptian Journal of Aquatic Biology and Fisheries,26,4,157-175,,10.21608/EJABF.2022.249160,,#40732,Al-Alnjawi 2022,"",""
I wanna draw like you: Inter‐ and intra‐individual differences in orang‐utan drawings,"Pelé, M.; Thomas, G.; Liénard, A.; Eguchi, N.; Shimada, M.; Sueur, C.",,2021,,Animals,11,11,,,10.3390/ani11113202,,#40733,Pelé 2021,"",""
Molecular Dynamics Simulations of Ion Transport through Protein Nanochannels in Peritoneal Dialysis,"Liu, J.; Zhang, T.; Sun, S.",,2023,,International Journal of Molecular Sciences,24,12,,,10.3390/ijms241210074,,#40743,Liu 2023,"",""
Translational Findings Linking Poor Inhibitory Control and Heightened Drug Reward Sensitivity,"Weafer, J.",,2022,,Experimental and Clinical Psychopharmacology,31,3,575-583,,10.1037/pha0000626,,#40765,Weafer 2022,"",""
Fronto-temporal cortical grey matter thickness and surface area in the at-risk mental state and recent-onset schizophrenia: a magnetic resonance imaging study,"Rasser, P.E.; Ehlkes, T.; Schall, U.",,2024,,BMC Psychiatry,24,1,,,10.1186/S12888-024-05494-9,,#40775,Rasser 2024,"",""
The antibacterial activity of nasturtium officinale extract on common oral pathogenic bacteria,"Tabesh, M.; Etemadi Sh, M.; Etemadi, M.; Naddaf, F.; Heidari, F.; Alizargar, J.",,2022,,Nigerian Journal of Clinical Practice,25,9,1466-1475,,10.4103/njcp.njcp-1887-21,,#40776,Tabesh 2022,"",""
"Enlightening the “Spirit Molecule”: Photomodulation of the 5-HT2A Receptor by a Light-Controllable N,N-Dimethyltryptamine Derivative","Gerwe, H.; He, F.; Pottie, E.; Stove, C.; Decker, M.",,2022,,Angewandte Chemie - International Edition,61,26,,,10.1002/anie.202203034,,#40785,Gerwe 2022,"",""
"Turn On, Tune In, Drop Out? A Typology of Psychedelic Microdosing as Technologies of the Self","Grusauskaite, K.; van Eijck, K.",,2022,,Journal of Cultural Analysis and Social Change,7,1,,,10.20897/jcasc/12255,,#40799,Grusauskaite 2022,"",""
Surface-initiated polymerization of PVDF membrane using amine and bismuth tungstate (BWO) modified MIL-100(Fe) nanofillers for pesticide photodegradation,"Krishnan, S.A.G.; Sasikumar, B.; Arthanareeswaran, G.; László, Z.; Nascimben Santos, E.; Veréb, G.; Kertész, S.",,2022,,Chemosphere,304,,,,10.1016/j.chemosphere.2022.135286,,#40806,Krishnan 2022,"",""
"Prelimbic medial prefrontal cortex has bidirectional control over the expression of behavioral sensitization to 3,4-methylenedioxymethamphetamine (MDMA; ecstasy) depending on the context of drug administration","Plocinski, J.A.; Ball, K.T.",,2022,,Neuroscience Letters,783,,,,10.1016/j.neulet.2022.136710,,#40815,Plocinski 2022,"",""
Ethical considerations in rapid and novel treatments in psychiatry,"Haeusermann, T.; Chiong, W.",,2024,,Neuropsychopharmacology,49,1,291-293,,10.1038/s41386-023-01635-y,,#40820,Haeusermann 2024,"",""
"Evaluation of Deltamethrin Induced Stress on Teleost Model, Common Molly Poecilia sphenops (Valenciennes, 1846)","Baldaniya, A.; Mankodi, P.; Sarma, K.J.",,2021,,Journal of Biological Studies,3,4,155-164,,10.62400/jbs.v3i4.5445,,#40825,Baldaniya 2021,"",""
"Comparative untargeted metabolomics analysis of the psychostimulants 3,4-methylenedioxy-methamphetamine (MDMA), amphetamine, and the novel psychoactive substance mephedrone after controlled drug administration to humans","Steuer, A.E.; Kaelin, D.; Boxler, M.I.; Eisenbeiss, L.; Holze, F.; Vizeli, P.; Czerwinska, J.; Dargan, P.I.; Abbate, V.; Liechti, M.E.; Kraemer, T.",,2020,,Metabolites,10,8,1-20,,10.3390/metabo10080306,,#40826,Steuer 2020,"",""
Synthesis and determination of analytical characteristics and differentiation of positional isomers in the series of N-(2-methoxybenzyl)-2-(dimethoxyphenyl)ethanamine using chromatography–mass spectrometry,"Kupriyanova, O.V.; Shevyrin, V.A.; Shafran, Y.M.; Lebedev, A.T.; Milyukov, V.A.; Rusinov, V.L.",,2020,,Drug Testing and Analysis,12,8,1154-1170,,10.1002/dta.2859,,#40827,Kupriyanova 2020,"",""
Diabetes mellitus and illicit drugs,"Malinovská, J.; Urbanová, J.; Lustigová, M.; Kučera, K.; Brož, J.",,2020,,Vnitrni lekarstvi,66,5,52-55,,,,#40828,Malinovská 2020,"",""
Evaluation of the possible influence of trailing and paradoxical effects on the clinical outcome of patients with candidemia,"Rueda, C.; Puig-Asensio, M.; Guinea, J.; Almirante, B.; Cuenca-Estrella, M.; Zaragoza, O.; Padilla, B.; Muñoz, P.; Paño Pardo, J.R.; García-Rodríguez, J.; García Cerrada, C.; Fortún, J.; Martín, P.; Gómez, E.; Ryan, P.; Campelo, C.; de los Santos Gil, I.; Buendía, V.; Gorricho, B.P.; Alonso, M.; Sanz, F.S.; Aguado, J.M.; Merino, P.; González Romo, F.; Gorgolas, M.; Gadea, I.; Losa, J.E.; Delgado-Iribarren, A.; Ramos, A.; Romero, Y.; Sánchez Romero, I.; Rodriguez-Baño, J.; Isabel Suarez, A.; Loza, A.; Aller García, A.I.; Martín-Mazuelos, E.; Pérez de Pipaón, M.R.; Garnacho, J.; Ortiz, C.; Chávez, M.; Maroto, F.L.; Salavert, M.; Pemán, J.; Blanquer, J.; Navarro, D.; Camarena, J.J.; Zaragoza, R.; Abril, V.; Gimeno, C.; Hernáez, S.; Ezpeleta, G.; Bereciartua, E.; Hernández Almaraz, J.L.; Montejo, M.; Rivas, R.A.; Ayarza, R.; Planes, A.M.; Camps, I.R.; Mensa, J.; Almela, M.; Gurgui, M.; Sánchez-Reus, F.; Martinez-Montauti, J.; Sierra, M.; Horcajada, J.P.; Sorli, L.; Gómez, J.; Gené, A.; Urrea, M.; Valerio, M.; Díaz-Martín, A.; Puchades, F.; Mularoni, A.",,2017,,Clinical Microbiology and Infection,23,1,49.e1-49.e8,,10.1016/j.cmi.2016.09.016,,#40834,Rueda 2017,"",""
'ICE' - A rare cause for coagulopathy in a case of massive post-partum hemorrhage,"Gill, N.; Perng, C.; Liew, A.; Julaihi, N.",,2017,,Bali Journal of Anesthesiology,1,2,35-38,,10.15562/bjoa.v1i2.12,,#40839,Gill 2017,"",""
The psychedelic renaissance and its forensic implications,"Holoyda, B.",,2020,,Journal of the American Academy of Psychiatry and the Law,48,1,87-97,,10.29158/JAAPL.003917-20,,#40840,Holoyda 2020,"",""
The Fabric of Meaning and Subjective Effects in LSD-Induced States Depend on Serotonin 2A Receptor Activation,"Preller, K.H.; Herdener, M.; Pokorny, T.; Planzer, A.; Kraehenmann, R.; Stämpfli, P.; Liechti, M.E.; Seifritz, E.; Vollenweider, F.X.",,2017,,Current Biology,27,3,451-457,,10.1016/j.cub.2016.12.030,,#40841,Preller 2017,"",""
"Drug use and possession, emerging of new psychoactive substances in the West Bank, Palestine","Damiri, B.; Sayeh, W.; Odeh, M.; Musmar, H.",,2018,,Egyptian Journal of Forensic Sciences,8,1,,,10.1186/s41935-018-0074-6,,#40856,Damiri 2018,"",""
The War on Drugs: Moral Panic and Excessive Sentences,"Vitiello, M.",,2021,,Cleveland State Law Review,69,2,1-43,,,,#40858,Vitiello 2021,"",""
Comparing the dopaminergic neurotoxic effects of benzylpiperazine and benzoylpiperazine,"Katz, D.P.; Majrashi, M.; Ramesh, S.; Govindarajulu, M.; Bhattacharya, D.; Bhattacharya, S.; Shlghom, A.; Bradford, C.; Suppiramaniam, V.; Deruiter, J.; Clark, C.R.; Dhanasekaran, M.",,2018,,Toxicology Mechanisms and Methods,28,3,177-186,,10.1080/15376516.2017.1376024,,#40859,Katz 2018,"",""
Increase in ant density promotes dual effects on bee behaviour and plant reproductive performance,"Barônio, G.J.; Del-Claro, K.",,2018,,Arthropod-Plant Interactions,12,2,201-213,,10.1007/s11829-017-9573-x,,#40861,Barônio 2018,"",""
Drug use and misuse in the mountains: A UIAA MedCom consensus guide for medical professionals,"Donegani, E.; Paal, P.; Küpper, T.; Hefti, U.; Basnyat, B.; Carceller, A.; Bouzat, P.; Van Der Spek, R.; Hillebrandt, D.",,2016,,High Altitude Medicine and Biology,17,3,157-184,,10.1089/ham.2016.0080,,#40863,Donegani 2016,"",""
Effect of diatomite addition on crystalline phase formation of TiO2and photocatalytic degradation of MDMA,"Bengotni, L.; Trari, B.; Lebeau, B.; Michelin, L.; Josien, L.; Bengueddach, A.; Hamacha, R.",,2021,,New Journal of Chemistry,45,30,13463-13474,,10.1039/d1nj01529j,,#40869,Bengotni 2021,"",""
Detection of Nutmeg Abuse by Gas Chromatography - Mass Spectrometric Screening of Urine,"Neukamm, M.A.; Schwelm, H.M.; Vieser, S.; Schiesel, N.; Auwärter, V.",,2020,,Journal of Analytical Toxicology,44,1,103-108,,10.1093/jat/bkz054,,#40874,Neukamm 2020,"",""
"Essential oil-based dispersive liquid-liquid microextraction for the determination of N,N-dimethyltryptamine and β-carbolines in human plasma: A novel solvent-free alternative","Silveira, G.D.O.; Lourenço, F.R.; Fonseca Pego, A.M.; Guimarães dos Santos, R.; Rossi, G.N.; Hallak, J.E.C.; Yonamine, M.",,2021,,Talanta,225,,,,10.1016/j.talanta.2020.121976,,#40883,Silveira 2021,"",""
"Consumption of Alcohol, Tobacco and Psychoactive Substances in Adolescents from an Indigenous Territory in the Colombian Amazon","Pedroza-Buitrago, A.; Pulido-Reynel, A.; Ardila-Sierra, A.; Mora Villa-Roel, S.; González, P.; Niño, L.; Piñeros, C.",,2020,,Revista Colombiana de Psiquiatria,49,4,246-254,,10.1016/j.rcp.2019.06.002,,#40889,Pedroza-Buitrago 2020,"",""
Connectome-harmonic decomposition of human brain activity reveals dynamical repertoire re-organization under LSD,"Atasoy, S.; Roseman, L.; Kaelen, M.; Kringelbach, M.L.; Deco, G.; Carhart-Harris, R.L.",,2017,,Scientific Reports,7,1,,,10.1038/s41598-017-17546-0,,#40890,Atasoy 2017,"",""
Zero tolerance drug driving laws in Australia: A gap between rationale and form?,"Quilter, J.; McNamara, L.",,2017,,"International Journal for Crime, Justice and Social Democracy",6,3,47-71,,10.5204/ijcjsd.v6i3.416,,#40896,Quilter 2017,"",""
Development and validation of a rapid turboflow LC-MS/MS method for the quantification of LSD and 2-oxo-3-hydroxy LSD in serum and urine samples of emergency toxicological cases,"Dolder, P.C.; Liechti, M.E.; Rentsch, K.M.",,2021,,Analytical and Bioanalytical Chemistry,407,6,1577-1584,,10.1007/s00216-014-8388-1,,#40897,Dolder 2021,"",""
Effect of Trichocereus Pachanoi Extract on Learning and Spatial Memory in Rattus rattus,"Vega, J.L.R.; Pinedo, D.A.M.; Reyna, J.L.C.; Paredes, J.E.C.; Loza, M.G.L.",,2021,,Revista del Hospital Psiquiatrico de la Habana,18,3,,,,,#40899,Vega 2021,"",""
Statistical comparison of mass spectra for identification of amphetamine-type stimulants,"Bodnar Willard, M.A.; McGuffin, V.L.; Smith, R.W.",,2017,,Forensic Science International,270,,111-120,,10.1016/j.forsciint.2016.11.013,,#40911,BodnarWillard 2017,"",""
Development of a quantitative approach in blood plasma for low-dosed hallucinogens and opioids using LC-high resolution mass spectrometry,"Caspar, A.T.; Kollas, A.B.; Maurer, H.H.; Meyer, M.R.",,2018,,Talanta,176,,635-645,,10.1016/j.talanta.2017.08.063,,#40919,Caspar 2018,"",""
Definitive drug and metabolite screening in urine by UPLC-MS-MS using a novel calibration technique,"Rosano, T.G.; Ohouo, P.Y.; LeQue, J.J.; Freeto, S.M.; Wood, M.",,2016,,Journal of Analytical Toxicology,40,8,628-638,,10.1093/jat/bkw050,,#40921,Rosano 2016,"",""
Balance assessment after altering stimulation of the neurosensory system,"Causi, V.L.; Manelli, A.; Marini, V.G.; Cherubino, M.; Mec-Cariello, L.; Mazzacane, M.; Ronga, M.",,2021,,Medicinski Glasnik,18,1,1-6,,10.17392/1324-21,,#40927,Causi 2021,"",""
Opposite alterations of 5­HT2A receptor brain density in subjects with schizophrenia: relevance of radiotracers pharmacological profile,"Diez-Alarcia, R.; Muguruza, C.; Rivero, G.; García-Bea, A.; Gómez-Vallejo, V.; Callado, L.F.; Llop, J.; Martín, A.; Meana, J.J.",,2021,,Translational Psychiatry,11,1,,,10.1038/s41398-021-01430-7,,#40930,Diez-Alarcia 2021,"",""
Metal-organic framework MIL-100(Fe) for dye removal in aqueous solutions: Prediction by artificial neural network and response surface methodology modeling,"Jang, H.-Y.; Kang, J.-K.; Park, J.-A.; Lee, S.-C.; Kim, S.-B.",,2020,,Environmental Pollution,267,,,,10.1016/j.envpol.2020.115583,,#40964,Jang 2020,"",""
Stability of synthetic piperazines in human whole blood,"Lau, T.; LeBlanc, R.; Botch-Jones, S.",,2018,,Journal of Analytical Toxicology,42,2,88-98,,10.1093/jat/bkx090,,#40972,Lau 2018,"",""
Law enforcement practices in the first two states in U.S. to legalize recreational marijuana,"Wiens, T.; Lenk, K.M.; Fabian, L.E.A.; Erickson, D.J.",,2018,,International Journal of Drug Policy,61,,38-43,,10.1016/j.drugpo.2018.08.018,,#40988,Wiens 2018,"",""
Awareness on substance abuse among universiti utara Malaysia students,"Ariffin, N.M.; Ghani, A.A.A.",,2019,,Indian Journal of Public Health Research and Development,10,3,609-613,,10.5958/0976-5506.2019.00568.0,,#40995,Ariffin 2019,"",""
Blood concentrations of synthetic cathinones,"Adamowicz, P.",,2021,,Clinical Toxicology,59,7,648-654,,10.1080/15563650.2020.1848100,,#41000,Adamowicz 2021,"",""
Downregulation of the Vitamin D Receptor Regulated Gene Set in the Hippocampus After MDMA Treatment,"Petschner, P.; Balogh, N.; Adori, C.; Tamasi, V.; Kumar, S.; Juhasz, G.; Bagdy, G.",,2018,,Frontiers in Pharmacology,9,,,,10.3389/fphar.2018.01373,,#41003,Petschner 2018,"",""
LC-MS/MS method for the quantification of new psychoactive substances and evaluation of their urinary detection in humans for doping control analysis,"Olesti, E.; Pascual, J.A.; Ventura, M.; Papaseit, E.; Farré, M.; de la Torre, R.; Pozo, O.J.",,2020,,Drug Testing and Analysis,12,6,785-797,,10.1002/dta.2768,,#41034,Olesti 2020,"",""
"The Ethic of Access: An AIDS Activist Won Public Access to Experimental Therapies, and This Must Now Extend to Psychedelics for Mental Illness","Campbell, M.; Williams, M.T.",,2021,,Frontiers in Psychiatry,12,,,,10.3389/fpsyt.2021.680626,,#41038,Campbell 2021,"",""
Metabolic engineering of Saccharomyces cerevisiae for the de novo production of psilocybin and related tryptamine derivatives,"Milne, N.; Thomsen, P.; Mølgaard Knudsen, N.; Rubaszka, P.; Kristensen, M.; Borodina, I.",,2020,,Metabolic Engineering,60,,25-36,,10.1016/j.ymben.2019.12.007,,#41053,Milne 2020,"",""
Evaluation of the diagnostic performance of an oral fluid screening test device for substance abuse at traffic controls,"Avcioglu, G.; Yilmaz, G.; Yalcin Sahiner, S.; Kozaci, L.D.; Bal, C.; Yilmaz, F.M.",,2021,,Clinical Biochemistry,93,,112-118,,10.1016/j.clinbiochem.2021.04.009,,#41069,Avcioglu 2021,"",""
Perception of freedom in leisure among substance users and nonusers,"Almeida, D.E.R.G.; Andrade, A.L.M.; Davidoff, F.; de Micheli, D.",,2018,,Psico-USF,23,1,13-24,,10.1590/1413-82712018230102,,#41070,Almeida 2018,"",""
Ayahuasca Exposure: Descriptive Analysis of Calls to US Poison Control Centers from 2005 to 2015,"Heise, C.W.; Brooks, D.E.",,2017,,Journal of Medical Toxicology,13,3,245-248,,10.1007/s13181-016-0593-1,,#41088,Heise 2017,"",""
"IMPACTS OF HYSCOMAUS ALBUS AQUEOUS EXTRACTS ON MORTALITY, SEXUAL BEHAVIOR AND OVIPOSITION OF DROSOPHILA MELANOGASTER (DIPTERA; DROSOPHILIDAE)","Habbachi, S.; Boublata, N.E.I.; Saadane, F.Z.; Bouzar, A.; Rahet, M.; Habbachi, W.; Benhissen, S.; Rebbas, K.; Tahraoui, A.",,2021,,"Studia Universitatis Vasile Goldis Arad, Seria Stiintele Vietii",31,3,137-143,,,,#41095,Habbachi 2021,"",""
Design Principles for Enhancing Photoluminescence Quantum Yield in Hybrid Manganese Bromides,"Mao, L.; Guo, P.; Wang, S.; Cheetham, A.K.; Seshadri, R.",,2020,,Journal of the American Chemical Society,142,31,13582-13589,,10.1021/jacs.0c06039,,#41116,Mao 2020,"",""
"Phytochemical, cytotoxicity, antioxidant and anti-inflammatory effects of psilocybe natalensis magic mushroom","Nkadimeng, S.M.; Nabatanzi, A.; Steinmann, C.M.L.; Eloff, J.N.",,2020,,Plants,9,9,1-13,,10.3390/plants9091127,,#41123,Nkadimeng 2020,"",""
"Fast Hollow Fiber Liquid-Phase Microextraction as a Greener Alternative for the Determination of N,N-Dimethyltryptamine and Harmala Alkaloids in Human Urine","Silveira, G.D.O.; Lourenço, F.R.; Bruno, V.; Yonamine, M.",,2020,,Frontiers in Chemistry,8,,,,10.3389/fchem.2020.558501,,#41125,Silveira 2020,"",""
Impact of Photoperiod as an Environmental Cue on Growth and Reproductive Performance in the Red Eyed Orange Molly (Poecilia sphenops),"Zutshi, B.; Singh, A.",,2020,,Proceedings of the Zoological Society,73,1,25-31,,10.1007/s12595-019-00294-6,,#41135,Zutshi 2020,"",""
Toxicological oral fluid results among Spanish drivers testing positive on on-site drug controls from 2013 to 2015,"Lema-Atán, J.; de Castro, A.; Lendoiro, E.; López-Rivadulla, M.; Cruz, A.",,2019,,Drug and Alcohol Dependence,195,,106-113,,10.1016/j.drugalcdep.2018.12.003,,#41143,Lema-Atán 2019,"",""
Subtle microbiome manipulation using probiotics reduces antibiotic-associated mortality in fish,"Schmidt, V.; Gomez-Chiarri, M.; Roy, C.; Smith, K.; Amaral-Zettler, L.",,2017,,mSystems,2,6,,,10.1128/mSystems.00133-17,,#41154,Schmidt 2017,"",""
Concomitant botanical medicine use among patients participating in commercial prostate cancer trials,"Roydhouse, J.K.; Menapace, L.A.; Xia, H.; Song, P.; Berman, T.; Agarwal, R.; Suzman, D.L.; Wright, K.; Beaver, J.A.; Kluetz, P.G.",,2020,,Complementary Therapies in Medicine,54,,,,10.1016/j.ctim.2020.102549,,#41159,Roydhouse 2020,"",""
Successful use of a novel lux® i-Amylose-1 chiral column for enantioseparation of “legal highs” by HPLC,"Kadkhodaei, K.; Kadisch, M.; Schmid, M.G.",,2020,,Chirality,32,1,42-52,,10.1002/chir.23135,,#41188,Kadkhodaei 2020,"",""
"Identification of new NBOH drugs in seized blotter papers: 25B-NBOH, 25C-NBOH, and 25E-NBOH","Machado, Y.; Coelho Neto, J.; Lordeiro, R.A.; Alves, R.B.; Piccin, E.",,2020,,Forensic Toxicology,38,1,203-215,,10.1007/s11419-019-00509-7,,#41193,Machado 2020,"",""
The impact of donor urine chemical toxicology analysis on outcomes of kidney transplantation,"Soliman, K.M.; Molini, C.; Novick, T.; Menez, S.; Fülöp, T.; Kraus, E.; McMahon, B.A.",,2020,,International Urology and Nephrology,52,6,1173-1178,,10.1007/s11255-020-02450-w,,#41220,Soliman 2020,"",""
Increased use of illicit drugs in a Dutch cluster headache population,"de Coo, I.F.; Naber, W.C.; Wilbrink, L.A.; Haan, J.; Ferrari, M.D.; Fronczek, R.",,2019,,Cephalalgia,39,5,626-634,,10.1177/0333102418804160,,#41223,deCoo 2019,"",""
Usefulness of enzymatic method in the diagnosis of GHB/GBL poisoning,"Soichot, M.; Leclercq, M.; Allard, M.; Mihoubi, A.; Gourlain, H.; Bourgogne, E.; Megarbane, B.; Labat, L.",,2019,,Toxicologie Analytique et Clinique,31,2,106-115,,10.1016/j.toxac.2019.03.137,,#41229,Soichot 2019,"",""
Are ecstasy induced serotonergic alterations overestimated for the majority of users?,"Szigeti, B.; Winstock, A.R.; Erritzoe, D.; Maier, L.J.",,2018,,Journal of Psychopharmacology,32,7,741-748,,10.1177/0269881118767646,,#41241,Szigeti 2018,"",""
Probing the Future of Psychedelics for Mental Health,"Allen, S.",,2021,,IEEE Pulse,12,4,6-10,,10.1109/MPULS.2021.3094251,,#41253,Allen 2021,"",""
"Psychedelic fungus (Psilocybe sp.) authentication in a case of illegal drug traffic: sporological, molecular analysis and identification of the psychoactive substance","Solano, J.; Anabalón, L.; Figueroa, S.; Lizama, C.; Reyes, L.C.; Gangitano, D.",,2019,,Science and Justice,59,1,102-108,,10.1016/j.scijus.2018.08.005,,#41256,Solano 2019,"",""
"The existence of coprophilous macrofungi in Banyumas, Central Java, Indonesia","Mumpuni, A.; Ekowati, N.; Wahyono, D.J.",,2020,,Biodiversitas,21,1,282-289,,10.13057/biodiv/d210135,,#41265,Mumpuni 2020,"",""
Mdma abuse in relation to microrna variation in human brain ventral tegmental area and nucleus accumbens,"Demirel, G.; Guzel, E.; Creighton, C.J.; Ozturk, Y.E.; Kucuk, C.; Asliyuksek, H.; Yurdun, T.",,2019,,Iranian Journal of Pharmaceutical Research,18,4,1989-1999,,10.22037/ijpr.2019.15097.12874,,#41272,Demirel 2019,"",""
Stimulant and designer drug use: Primary care management,"Klega, A.E.; Keehbauch, J.T.",,2018,,American Family Physician,98,2,85-92,,,,#41275,Klega 2018,"",""
Clinical analysis therapy and tomographic parameters of patients diagnosed with keratoconus attended at Fundação Hilton Rocha,"de Moura e Silva, I.S.; Botteon, C.S.",,2018,,Revista Brasileira de Oftalmologia,77,1,30-33,,10.5935/0034-7280.20180006,,#41281,deMouraeSilva 2018,"",""
"Polymer-assisted modification of metal-organic framework MIL-96 (Al): influence of HPAM concentration on particle size, crystal morphology and removal of harmful environmental pollutant PFOA","Mohd Azmi, L.H.; Williams, D.R.; Ladewig, B.P.",,2021,,Chemosphere,262,,,,10.1016/j.chemosphere.2020.128072,,#41283,MohdAzmi 2021,"",""
Psilocybin-assisted therapy for depression: How do we advance the field?,"Meikle, S.E.; Liknaitzky, P.; Rossell, S.L.; Ross, M.; Strauss, N.; Thomas, N.; Murray, G.; Williams, M.; Castle, D.J.",,2020,,Australian and New Zealand Journal of Psychiatry,54,3,225-231,,10.1177/0004867419888575,,#41301,Meikle 2020,"",""
Substance abuse related predictors in soldiers' suicidal attempt,"Mehrazmay, A.; Satkin, M.; Karambakhsh, A.; Salesi, M.; Lotfi, M.; Ahmadi, K.",,2017,,International Journal of High Risk Behaviors and Addiction,6,1,,,10.5812/ijhrba.27979,,#41319,Mehrazmay 2017,"",""
"Predatory Behavior of Pachodynerus brevithomx (Hymenoptera: Vespidae, Eumeninae) on Endophytic Herbivore Beetles in the Brazilian Tropical Savanna","Torezan-Silingardi, H.M.",,2011,,Sociobiology,57,1,181-189,,,,#41330,Torezan-Silingardi 2011,"",""
The role of MDMA (Ecstasy) in coping with negative life situations among urban young adults,"Moonzwe, L.S.; Schensul, J.J.; Kostick, K.M.",,2011,,Journal of Psychoactive Drugs,43,3,199-210,,10.1080/02791072.2011.605671,,#41334,Moonzwe 2011,"",""
Simultaneous analysis of psychotropic phenylalkylamines in oral fluid by GC-MS with automated SPE and its application to legal cases,"Choi, H.; Baeck, S.; Jang, M.; Lee, S.; Chung, H.",,2012,,Forensic Science International,215,1-3,81-87,,10.1016/j.forsciint.2011.02.011,,#41347,Choi 2012,"",""
"Sexual sensation seeking, drug use and risky sex among detained youth","Voisin, D.R.; King, K.; Schneider, J.; DiClemente, R.J.; Tan, K.",,2012,,Journal of AIDS and Clinical Research,3,SPL ISSUE1,,,10.4172/2155-6113.S1-017,,#41349,Voisin 2012,"",""
Estimation of illicit drug use in the main cities of Colombia by means of urban wastewater analysis,"Bijlsma, L.; Botero-Coy, A.M.; Rincón, R.J.; Peñuela, G.A.; Hernández, F.",,2016,,Science of the Total Environment,565,,984-993,,10.1016/j.scitotenv.2016.05.078,,#41362,Bijlsma 2016,"",""
The agricultural antibiotic carbadox induces phage-mediated gene transfer in Salmonella,"Bearson, B.L.; Allen, H.K.; Brunelle, B.W.; Lee, I.S.; Casjens, S.R.; Stanton, T.B.",,2014,,Frontiers in Microbiology,5,FEB,,,10.3389/fmicb.2014.00052,,#41379,Bearson 2014,"",""
Biological and psychological interventions: Trends in substance use disorders intervention research,"Wessell, R.; Edwards, C.",,2010,,Addictive Behaviors,35,12,1083-1088,,10.1016/j.addbeh.2010.07.009,,#41380,Wessell 2010,"",""
Symptomatological features of patients with and without Ecstasy use during their first psychotic episode,"Rugani, F.; Bacciardi, S.; Rovai, L.; Pacini, M.; Maremmani, A.G.I.; Deltito, J.; Dell'Osso, L.; Maremmani, I.",,2012,,International Journal of Environmental Research and Public Health,9,7,2283-2292,,10.3390/ijerph9072283,,#41397,Rugani 2012,"",""
Trends of novel psychoactive substances (NPSs) and their fatal cases,"Chung, H.; Lee, J.; Kim, E.",,2016,,Forensic Toxicology,34,1,1-11,,10.1007/s11419-015-0286-5,,#41400,Chung 2016,"",""
Saturday night fever in ecstasy/MDMA dance clubbers: Heightened body temperature and associated psychobiological changes,"Parrott, A.C.; Young, L.",,2014,,Temperature,1,3,214-219,,10.4161/23328940.2014.977182,,#41417,Parrott 2014,"",""
Do trauma patients with phencyclidine-positive urine drug screens have increased morbidity or mortality?,"Gallagher, R.; Dangers, J.; Thornton, S.L.",,2016,,American Journal of Emergency Medicine,34,6,1066-1068,,10.1016/j.ajem.2016.03.022,,#41419,Gallagher 2016,"",""
Psychoactive controlled substances - Current situation in the world,"Matović, V.; Buha, A.",,2012,,Arhiv za Farmaciju,62,2,136-145,,,,#41425,Matović 2012,"",""
"GC-MS and GC-IRD studies on the ring isomers of N-methyl-2-methoxyphenyl-3- butanamines (MPBA) related to 3,4-MDMA","Awad, T.; Maher, H.M.; DeRuiter, J.; Clark, C.R.",,2011,,Journal of Chromatographic Science,49,5,345-352,,10.1093/chromsci/49.5.345,,#41435,Awad 2011,"",""
The incidence of drugs of impairment in oral fluid from random roadside testing,"Chu, M.; Gerostamoulos, D.; Beyer, J.; Rodda, L.; Boorman, M.; Drummer, O.H.",,2012,,Forensic Science International,215,1-3,28-31,,10.1016/j.forsciint.2011.05.012,,#41436,Chu 2012,"",""
Functional neuroimaging of treatment effects in psychiatry: Methodological challenges and recommendations,"Dichter, G.S.; Sikich, L.; Song, A.; Voyvodic, J.; Bodfish, J.W.",,2012,,International Journal of Neuroscience,122,9,483-493,,10.3109/00207454.2012.678446,,#41443,Dichter 2012,"",""
"Cryopreservation of Mekong catfish, Pangasius bocourti Sauvage, 1880 spermatozoa","Kainin, S.; Ponchunchoovong, S.; Imsilp, U.; Singsee, S.",,2014,,Aquaculture Research,45,5,859-867,,10.1111/are.12028,,#41472,Kainin 2014,"",""
Development of an e-LSD Control Strategy Considering the Evolution of the Friction Torque with the Wear Depth,"Tesi, A.; Vinattieri, F.; Capitani, R.; Annicchiarico, C.",,2016,,SAE International Journal of Engines,9,3,1902-1909,,10.4271/2016-01-1136,,#41501,Tesi 2016,"",""
"Development of a high-speed MALDI-triple quadrupole mass spectrometric method for the determination of 3,4-methylenedioxymethamphetamine (MDMA) in oral fluid","Poetzsch, M.; Steuer, A.E.; Hysek, C.M.; Liechti, M.E.; Kraemer, T.",,2016,,Drug Testing and Analysis,8,2,235-240,,10.1002/dta.1810,,#41507,Poetzsch 2016,"",""
Evaluation of drugs of abuse use and trends in a prison through wastewater analysis,"Postigo, C.; de Alda, M.L.; Barceló, D.",,2011,,Environment International,37,1,49-55,,10.1016/j.envint.2010.06.012,,#41515,Postigo 2011,"",""
Shamans and shams: The discursive effects of ethnotourism in ecuador,"Davidov, V.M.",,2010,,Journal of Latin American and Caribbean Anthropology,15,2,387-410,,10.1111/j.1935-4940.2010.01091.x,,#41519,Davidov 2010,"",""
Security of society: Narcotics and drug adiction in Latvia and Lithuania,"Ivančiks, J.; Tumalavičius, V.; Teivans-Treinovskis, J.",,2015,,Journal of Security and Sustainability Issues,4,4,353-368,,10.9770/jssi.2015.4.4(4),,#41525,Ivančiks 2015,"",""
Polygenic inheritance of background body colour in hybrids of Poecilia latipinna and Poecilia sphenops,"Keong, B.P.; Siraj, S.S.; Daud, S.K.; Panandam, J.M.; Harmin, S.A.",,2011,,Journal of Fisheries and Aquatic Science,6,7,822-827,,10.3923/jfas.2011.822.827,,#41526,Keong 2011,"",""
Identification challenges in examination of commercial plant material of Psychotria viridis,"Kowalczuk, A.P.; Łozak, A.; Bachliński, R.; Duszyńska, A.; Sakowska, J.; Zjawiony, J.K.",,2015,,Acta Poloniae Pharmaceutica - Drug Research,72,4,747-755,,,,#41528,Kowalczuk 2015,"",""
Sampling of illicit drugs for quantitative analysis - Part III: Sampling plans and sample preparations,"Csesztregi, T.; Bovens, M.; Dujourdy, L.; Franc, A.; Nagy, J.",,2014,,Forensic Science International,241,,212-219,,10.1016/j.forsciint.2014.04.023,,#41540,Csesztregi 2014,"",""
The concrete jungle: City stress and substance abuse among young adult African American men,"Seth, P.; Murray, C.C.; Braxton, N.D.; Diclemente, R.J.",,2013,,Journal of Urban Health,90,2,307-313,,10.1007/s11524-012-9716-4,,#41543,Seth 2013,"",""
Drug-Related decrease in neuropsychological functions of abstinent drug users,"van Holst, R.J.; Schilt, T.",,2011,,Current Drug Abuse Reviews,4,1,42-56,,10.2174/1874473711104010042,,#41545,vanHolst 2011,"",""
Lead acetate-induced histopathological changes in the gills and digestive system of silver sailfin molly (Poecilia latipinna),"Mobarak, Y.M.S.; Sharaf, M.M.",,2011,,International Journal of Zoological Research,7,1,1-18,,10.3923/ijzr.2011.1.18,,#41548,Mobarak 2011,"",""
"Determination of psilocin, bufotenine, LSD and its metabolites in serum, plasma and urine by SPE-LC-MS/MS","Martin, R.; Schürenkamp, J.; Gasse, A.; Pfeiffer, H.; Köhler, H.",,2013,,International Journal of Legal Medicine,127,3,593-601,,10.1007/s00414-012-0796-1,,#41555,Martin 2013,"",""
Genetic deletion of trace amine 1 receptors reveals their role in auto-inhibiting the actions of ecstasy (MDMA),"di Cara, B.; Maggio, R.; Aloisi, G.; Rivet, J.-M.; Lundius, E.G.; Yoshitake, T.; Svenningsson, P.; Brocco, M.; Gobert, A.; de Groote, L.; Cistarelli, L.; Veiga, S.; de Montrion, C.D.; Rodriguez, M.; Galizzi, J.-P.; Lockhart, B.P.; Cogé, F.; Boutin, J.A.; Vayer, P.; Verdouw, P.M.; Groenink, L.; Millan, M.J.",,2011,,Journal of Neuroscience,31,47,16928-16940,,10.1523/JNEUROSCI.2502-11.2011,,#41570,diCara 2011,"",""
Self-medication with marijuana among seniors,"Lužný, J.; Skopalová, B.",,2014,,Lekarsky Obzor,63,2,43-45,,,,#41578,Lužný 2014,"",""
High incidence of mild hyponatraemia in females using ecstasy at a rave party,"Van Dijken, G.D.; Blom, R.E.; Hené, R.J.; Boer, W.H.",,2013,,Nephrology Dialysis Transplantation,28,9,2277-2283,,10.1093/ndt/gft023,,#41582,VanDijken 2013,"",""
Bearing capacity determination of sandy soil layer using light weight penetration test,"Kererat, C.",,2016,,Journal of Applied Engineering Science,14,2,290-295,,10.5937/jaes14-10477,,#41592,Kererat 2016,"",""
Environmental enrichment ameliorates phencyclidine-induced cognitive deficits,"Saland, S.K.; Rodefer, J.S.",,2011,,Pharmacology Biochemistry and Behavior,98,3,455-461,,10.1016/j.pbb.2011.02.014,,#41596,Saland 2011,"",""
An exploratory study of the health harms and utilisation of health services of frequent legal high users under the interim regulated legal high market in central Auckland,"Wilkins, C.; Prasad, J.; Wong, K.C.; Graydon-Guy, T.; Rychert, M.",,2016,,New Zealand Medical Journal,129,1431,51-58,,,,#41610,Wilkins 2016,"",""
Pharmacological and toxicological characteristics of novel psychoactive substances,"Vučinić, S.; Srnić, D.",,2012,,Arhiv za Farmaciju,62,2,156-164,,,,#41611,Vučinić 2012,"",""
Stability and change in multi-method measures of impulsivity across residential addictions treatment,"Littlefield, A.K.; Stevens, A.K.; Cunningham, S.; Jones, R.E.; King, K.M.; Schumacher, J.A.; Coffey, S.F.",,2015,,Addictive Behaviors,42,,126-129,,10.1016/j.addbeh.2014.11.002,,#41618,Littlefield 2015,"",""
Identification and Individualization of Lophophora using DNA Analysis of the trnL/trnF Region and rbcL Gene,"Ng, A.E.; Sandoval, E.; Murphy, T.M.",,2016,,Journal of Forensic Sciences,61,,226-229,,10.1111/1556-4029.12936,,#41624,Ng 2016,"",""
Illicit Stimulant Use Is Associated with Abnormal Substantia Nigra Morphology in Humans,"Todd, G.; Noyes, C.; Flavel, S.C.; Della Vedova, C.B.; Spyropoulos, P.; Chatterton, B.; Berg, D.; White, J.M.",,2013,,PLoS ONE,8,2,,,10.1371/journal.pone.0056438,,#41642,Todd 2013,"",""
Immunological effects of ayahuasca in humans,"dos Santos, R.G.",,2014,,Journal of Psychoactive Drugs,46,5,383-388,,10.1080/02791072.2014.960113,,#41644,dosSantos 2014,"",""
"Noncompetitive inhibition of indolethylamine-N-methyltransferase by N, N-dimethyltryptamine and N, N-dimethylaminopropyltryptamine","Chu, U.B.; Vorperian, S.K.; Satyshur, K.; Eickstaedt, K.; Cozzi, N.V.; Mavlyutov, T.; Hajipour, A.R.; Ruoho, A.E.",,2014,,Biochemistry,53,18,2956-2965,,10.1021/bi500175p,,#41649,Chu 2014,"",""
Pimavanserin for the treatment of Parkinson's disease psychosis,"Friedman, J.H.",,2013,,Expert Opinion on Pharmacotherapy,14,14,1969-1975,,10.1517/14656566.2013.819345,,#41653,Friedman 2013,"",""
Ketmine for the treatment of depression,"Howland, R.H.",,2013,,Journal of Psychosocial Nursing and Mental Health Services,51,1,11-14,,10.3928/02793695-20121219-01,,#41676,Howland 2013,"",""
Ecstasy exposure & gender: Examining components of verbal memory functioning,"Price, J.S.; Shear, P.; Lisdahl, K.M.",,2014,,PLoS ONE,9,12,,,10.1371/journal.pone.0115645,,#41689,Price 2014,"",""
New psychoactive substances - A contemporary challenge for forensic toxicologists,"Zuba, D.",,2014,,Z Zagadnien Nauk Sadowych,100,,359-385,,,,#41696,Zuba 2014,"",""
"MDMA, cortisol, and heightened stress in recreational ecstasy users","Parrott, A.C.; Montgomery, C.; Wetherell, M.A.; Downey, L.A.; Stough, C.; Scholey, A.B.",,2014,,Behavioural Pharmacology,25,5-6,458-472,,10.1097/FBP.0000000000000060,,#41708,Parrott 2014,"",""
"Mechanisms of mdma (ecstasy)-induced oxidative stress, mitochondrial dysfunction, and organ damage","Song, B.-J.; Moon, K.-H.; Upreti, V.V.; Eddington, N.D.; Lee, I.J.",,2010,,Current Pharmaceutical Biotechnology,11,5,434-443,,10.2174/138920110791591436,,#41710,Song 2010,"",""
Non-antidepressant long-term treatment in post-traumatic stress disorder (Ptsd),"Kerbage, H.; Richa, S.",,2015,,Current Clinical Pharmacology,10,2,116-125,,10.2174/157488471002150723122127,,#41714,Kerbage 2015,"",""
Can MDMA play a role in the treatment of substance abuse?,"Jerome, L.; Schuster, S.; Yazar-Klosinski, B.B.",,2013,,Current Drug Abuse Reviews,6,1,54-62,,10.2174/18744737112059990005,,#41719,Jerome 2013,"",""
Crystals and tablets in the Spanish ecstasy market 2000-2014: Are they the same or different in terms of purity and adulteration?,"Vidal Giné, C.; Ventura Vilamala, M.; Fornís Espinosa, I.; Gil Lladanosa, C.; Calzada Álvarez, N.; Fitó Fruitós, A.; Rodríguez Rodríguez, J.; Domíngo Salvany, A.; de La Torre Fornell, R.",,2016,,Forensic Science International,263,,164-168,,10.1016/j.forsciint.2016.04.016,,#41733,VidalGiné 2016,"",""
Homological scaffolds of brain functional networks,"Petri, G.; Expert, P.; Turkheimer, F.; Carhart-Harris, R.; Nutt, D.; Hellyer, P.J.; Vaccarino, F.",,2014,,Journal of the Royal Society Interface,11,101,,,10.1098/rsif.2014.0873,,#41740,Petri 2014,"",""
Could MDMA be useful in the treatment of post-traumatic stress disorder?,"Sessa, B.",,2011,,Progress in Neurology and Psychiatry,15,6,4-7,,10.1002/pnp.216,,#41749,Sessa 2011,"",""
Brain serotonin synthesis in MDMA (ecstasy) polydrug users: An alpha-[11C]methyl-L-tryptophan study,"Booij, L.; Soucy, J.P.; Young, S.N.; Regoli, M.; Gravel, P.; Diksic, M.; Leyton, M.; Pihl, R.O.; Benkelfat, C.",,2014,,Journal of Neurochemistry,131,5,634-644,,10.1111/jnc.12826,,#41756,Booij 2014,"",""
Substance Use in Pregnancy,"Wong, S.; Ordean, A.; Kahan, M.; Gagnon, R.; Hudon, L.; Basso, M.; Bos, H.; Crane, J.; Davies, G.; Delisle, M.-F.; Farine, D.; Menticoglou, S.; Mundle, W.; Murphy-Kaulbeck, L.; Ouellet, A.; Pressey, T.; Roggensack, A.; Sanderson, F.; Ehman, W.; Biringer, A.; Gagnon, A.; Graves, L.; Hey, J.; Konkin, J.; Léger, F.; Marshall, C.; Robertson, D.; Bell, D.; Carson, G.; Gilmour, D.; Hughes, O.; Le Jour, C.; Leduc, D.; Leyland, N.; Martyn, P.; Masse, A.; Abrahams, R.; Avdic, S.; Berger, H.; Franklyn, M.; Harper, S.; Hunt, G.; Mousmanis, P.; Murphy, K.; Payne, S.; Midmer, D.; de la Ronde, S.",,2011,,Journal of Obstetrics and Gynaecology Canada,33,4,367-384,,10.1016/S1701-2163(16)34855-1,,#41766,Wong 2011,"",""
What doctors hardly talk about: Trance and ecstasy at the scene of childbirth. Dissident experiences and perceptions of health and welfare in contemporary times,"Carneiro, R.",,2013,,Ciencia e Saude Coletiva,18,8,2369-2378,,10.1590/S1413-81232013000800021,,#41773,Carneiro 2013,"",""
Structure-based drug discovery of ApoE4 inhibitors from the plant compounds,"Singh, Kh.D.; Karthikeyan, M.; Kirubakaran, P.; Sathya, V.; Nagamani, S.",,2012,,Medicinal Chemistry Research,21,6,825-833,,10.1007/s00044-011-9595-3,,#41776,Singh 2012,"",""
Novel modulation method for multidirectional matrix converter,"Toosi, S.; Misron, N.; Hanamoto, T.; Aris, I.B.; Mohd Radzi, M.A.; Yamada, H.",,2014,,Scientific World Journal,2014,,,,10.1155/2014/645734,,#41781,Toosi 2014,"",""
Cortical thinning in amphetamine-type stimulant users,"Koester, P.; Tittgemeyer, M.; Wagner, D.; Becker, B.; Gouzoulis-Mayfrank, E.; Daumann, J.",,2012,,Neuroscience,221,,182-192,,10.1016/j.neuroscience.2012.06.049,,#41790,Koester 2012,"",""
Relationship between leadership types of Taekwondo instructors and immersion on exercise,"Lim, J.-S.; Moon, K.-S.; Kang, M.-Y.; Yang, C.H.",,2016,,Indian Journal of Science and Technology,9,44,,,10.17485/ijst/2016/v9i44/105108,,#41794,Lim 2016,"",""
"GC-MS and GC-IRD studies on brominated dimethoxyamphetamines: regioisomers related to 4-Br-2,5-DMA (DOB).","Maher, H.M.; Awad, T.; DeRuiter, J.; Randall Clark, C.",,2012,,Drug testing and analysis,4,7-8,591-600,,10.1002/dta.409,,#41795,Maher 2012,"",""
Comparison of urine and hair testing for drugs of abuse in the control of abstinence in driver's license re-granting,"Dufaux, B.; Agius, R.; Nadulski, T.; Kahl, H.-G.",,2012,,Drug Testing and Analysis,4,6,415-419,,10.1002/dta.400,,#41798,Dufaux 2012,"",""
The entropic brain: A theory of conscious states informed by neuroimaging research with psychedelic drugs,"Carhart-Harris, R.L.; Leech, R.; Hellyer, P.J.; Shanahan, M.; Feilding, A.; Tagliazucchi, E.; Chialvo, D.R.; Nutt, D.",,2014,,Frontiers in Human Neuroscience,8,1 FEB,,,10.3389/fnhum.2014.00020,,#41799,Carhart-Harris 2014,"",""
"Mephedrone, “Bubble” and unidentified white powders: The contested identities of synthetic “legal highs”","Measham, F.; Moore, K.; Østergaard, J.",,2011,,Drugs and Alcohol Today,11,3,137-146,,10.1108/17459261111186467,,#41805,Measham 2011,"",""
"Neurotoxic thioether adducts of 3,4-methylenedioxymethamphetamine identified in human urine after ecstasy ingestion","Perfetti, X.; O'Mathúna, B.; Pizarro, N.; Cuyàs, E.; Khymenets, O.; Almeida, B.; Pellegrini, M.; Pichini, S.; Lau, S.S.; Monks, T.J.; Farré, M.; Pascual, J.A.; Joglar, J.; De La Torre, R.",,2009,,Drug Metabolism and Disposition,37,7,1448-1455,,10.1124/dmd.108.026393,,#41822,Perfetti 2009,"",""
Crystal methamphetamine and ecstasy differ in relation to unsafe sex among young gay men,"Schilder, A.J.; Lampinen, T.M.; Miller, M.L.; Hogg, R.S.",,2005,,Canadian Journal of Public Health,96,5,340-343,,10.1007/bf03404028,,#41825,Schilder 2005,"",""
Δ9-Tetrahydrocannabivarin testing may not have the sensitivity to detect marijuana use among individuals ingesting dronabinol,"Levin, F.R.; Mariani, J.J.; Brooks, D.J.; Xie, S.; Murray, K.A.",,2010,,Drug and Alcohol Dependence,106,1,65-68,,10.1016/j.drugalcdep.2009.07.021,,#41829,Levin 2010,"",""
"Possible Association Between 3,4-Methylenedioxymethamphetamine Abuse and Valvular Heart Disease","Droogmans, S.; Cosyns, B.; D'haenen, H.; Creeten, E.; Weytjens, C.; Franken, P.R.; Scott, B.; Schoors, D.; Kemdem, A.; Close, L.; Vandenbossche, J.-L.; Bechet, S.; Van Camp, G.",,2007,,American Journal of Cardiology,100,9,1442-1445,,10.1016/j.amjcard.2007.06.045,,#41837,Droogmans 2007,"",""
Reference materials for analytical toxicology including doping control: Freeze-dried urine samples,"Jiménez, C.; Ventura, R.; Williams, J.; Segura, J.; De La Torre, R.",,2004,,Analyst,129,5,449-455,,10.1039/b310111h,,#41838,Jiménez 2004,"",""
Cyproheptadine for intrathecal baclofen withdrawal,"Meythaler, J.M.; Roper, J.F.; Brunner, R.C.",,2003,,Archives of Physical Medicine and Rehabilitation,84,5,638-642,,10.1016/S0003-9993(03)00105-9,,#41839,Meythaler 2003,"",""
Piperazine based substances of abuse: A new party pills on bulgarian drug market,"Nikolova, I.; Danchev, N.",,2008,,Biotechnology and Biotechnological Equipment,22,2,652-655,,10.1080/13102818.2008.10817529,,#41841,Nikolova 2008,"",""
Proton magnetic resonance spectroscopy in ecstasy (MDMA) users,"Daumann, J.; Fischermann, T.; Pilatus, U.; Thron, A.; Moeller-Hartmann, W.; Gouzoulis-Mayfrank, E.",,2004,,Neuroscience Letters,362,2,113-116,,10.1016/j.neulet.2004.03.004,,#41850,Daumann 2004,"",""
The level of illicit drug use is related to symptoms and premorbid functioning in severe mental illness,"Ringen, P.A.; Melle, I.; Birkenaes, A.B.; Engh, J.A.; Faerden, A.; Vaskinn, A.; Friis, S.; Opjordsmoen, S.; Andreassen, O.A.",,2008,,Acta Psychiatrica Scandinavica,118,4,297-304,,10.1111/j.1600-0447.2008.01244.x,,#41858,Ringen 2008,"",""
Parental medication use and risk of childhood acute lymphoblastic leukemia,"Wen, W.; Shu, X.O.; Potter, J.D.; Severson, R.K.; Buckley, J.D.; Reaman, G.H.; Robison, L.L.",,2002,,Cancer,95,8,1786-1794,,10.1002/cncr.10859,,#41869,Wen 2002,"",""
Did a large impact reorient the Moon?,"Wieczorek, M.A.; Le Feuvre, M.",,2009,,Icarus,200,2,358-366,,10.1016/j.icarus.2008.12.017,,#41892,Wieczorek 2009,"",""
Identification study of tablets of unknown composition originating from illicit drug sale,"Kulikowska, J.; Celiński, R.; Soja, A.; Sybirska, H.",,2002,,Problems of Forensic Sciences,49,,99-113,,,,#41897,Kulikowska 2002,"",""
Discrepancy between myocardial ischemia and luminal stenosis in patients with left internal mammary artery grafting to left anterior descending coronary artery,"Zafrir, N.; Madduri, J.; Mats, I.; Ben-Gal, T.; Solodky, A.; Assali, A.; Battler, A.; Kornowski, R.",,2003,,Journal of Nuclear Cardiology,10,6,663-668,,10.1016/j.nuclcard.2003.09.003,,#41903,Zafrir 2003,"",""
Psychoactive drugs and quality of life.,"Ventegodt, S.; Merrick, J.",,2003,,TheScientificWorldJournal,3,,694-706,,10.1100/tsw.2003.57,,#41906,Ventegodt 2003,"",""
The Meixner test in the detection of α-amanitin and false-positive reactions caused by psilocin and 5-substituted tryptamines,"Beuhler, M.; Lee, D.C.; Gerkin, R.",,2004,,Annals of Emergency Medicine,44,2,114-120,,10.1016/j.annemergmed.2004.03.017,,#41921,Beuhler 2004,"",""
GC and mass spectral studies on acylated side chain regioisomers of 3-methoxy-4-methyl-phenethylamine and 4-methoxy-3-methyl-phenethylamine,"Awad, T.; DeRuiter, J.; Belal, T.; Clark, C.R.",,2009,,Journal of Chromatographic Science,47,4,279-286,,10.1093/chromsci/47.4.279,,#41930,Awad 2009,"",""
Quality assurance in road traffic analyses in Switzerland,"Briellmann, T.A.; Sigrist, T.; Augsburger, M.; Favrat, B.; Oestreich, A.; Deom, A.",,2010,,Forensic Science International,198,1-3,7-10,,10.1016/j.forsciint.2009.12.021,,#41936,Briellmann 2010,"",""
Do individuals with ADHD self-medicate with cigarettes and substances of abuse? Results from a controlled family study of ADHD,"Wilens, T.E.; Adamson, J.; Sgambati, S.; Whitley, J.; Santry, A.; Monuteaux, M.C.; Biederman, J.",,2007,,American Journal on Addictions,16,SUPPL. 1,14-23,,10.1080/10550490601082742,,#41939,Wilens 2007,"",""
Design of Cu8 Zr5-based bulk metallic glasses,"Yang, L.; Xia, J.H.; Wang, Q.; Dong, C.; Chen, L.Y.; Ou, X.; Liu, J.F.; Jiang, J.Z.; Klementiev, K.; Saksl, K.; Franz, H.; Schneider, J.R.; Gerward, L.",,2006,,Applied Physics Letters,88,24,,,10.1063/1.2213020,,#41944,Yang 2006,"",""
Rapid drug detection in oral samples by porous silicon assisted laser desorption/ionization mass spectrometry,"Lowe, R.D.; Guild, G.E.; Harpas, P.; Kirkbride, P.; Hoffmann, P.; Voelcker, N.H.; Kobus, H.",,2009,,Rapid Communications in Mass Spectrometry,23,22,3543-3548,,10.1002/rcm.4284,,#41949,Lowe 2009,"",""
Capillary electrophoresis/mass spectrometry: A promising tool for the control of some physiologically hazardous compounds. I- Derivatives of 3-quinuclidinol,"Bednář, P.; Lemr, K.; Bartaák, P.; Ševčik, J.; Hlaváč, J.; Stýskala, J.; Wiedermannová, I.; Stránský, Z.",,2002,,Journal of Mass Spectrometry,37,12,1213-1218,,10.1002/jms.380,,#41959,Bednář 2002,"",""
Cognitive performance in light current users and ex-users of ecstasy (MDMA) and controls,"Golding, J.F.; Groome, D.H.; Rycroft, N.; Denton, Z.",,2007,,American Journal of Drug and Alcohol Abuse,33,2,301-307,,10.1080/00952990601175052,,#41963,Golding 2007,"",""
Executive function in abstinent MDMA ('ecstasy') users,"Zakzanis, K.K.; Young, D.A.",,2001,,Medical Science Monitor,7,6,1292-1298,,,,#41975,Zakzanis 2001,"",""
Mechanisms of action of current and potential pharmacotherapies of obsessive-compulsive disorder,"El Mansari, M.; Blier, P.",,2006,,Progress in Neuro-Psychopharmacology and Biological Psychiatry,30,3,362-373,,10.1016/j.pnpbp.2005.11.005,,#41986,ElMansari 2006,"",""
"Drugs of abuse, driving and traffic safety","Penning, R.; Veldstra, J.L.; Daamen, A.P.; Olivier, B.; Verster, J.C.",,2010,,Current Drug Abuse Reviews,3,1,23-32,,10.2174/1874473711003010023,,#41996,Penning 2010,"",""
EBAG9 is a tumor-promoting and prognostic factor for bladder cancer,"Kumagai, J.; Uramo, T.; Ogushi, T.; Takahashi, S.; Horie-Inoue, K.; Fujimura, T.; Azuma, K.; Muramatsn, M.; Ouchi, Y.; Kitamura, T.; Ineue, S.",,2009,,International Journal of Cancer,124,4,799-805,,10.1002/ijc.23982,,#42006,Kumagai 2009,"",""
"Synthesis of nanoparticles in a flame aerosol reactor with independent and strict control of their size, crystal phase and morphology","Jiang, J.; Chen, D.-R.; Biswas, P.",,2007,,Nanotechnology,18,28,,,10.1088/0957-4484/18/28/285603,,#42007,Jiang 2007,"",""
"Chromatographic and mass spectral studies on methoxy methyl methamphetamines related to 3,4-methylenedioxymethamphetamine","Awad, T.; DeRuiter, J.; Clark, C.R.",,2007,,Journal of Chromatographic Science,45,8,466-476,,10.1093/chromsci/45.8.466,,#42008,Awad 2007,"",""
Platelet Serotonergic Predictors of Clinical Improvement in Obsessive Compulsive Disorder,"Delorme, R.; Chabane, N.; Callebert, J.; Falissard, B.; Mouren-Siméoni, M.-C.; Rouillon, F.; Launay, J.-M.; Leboyer, M.",,2004,,Journal of Clinical Psychopharmacology,24,1,18-23,,10.1097/01.jcp.0000104905.75206.50,,#42009,Delorme 2004,"",""
Street drug use among young patients with Type 1 diabetes in the UK,"Ng, R.S.H.; Darko, D.A.; Hillson, R.M.",,2004,,Diabetic Medicine,21,3,295-296,,10.1046/j.1464-5491.2003.01092.x,,#42031,Ng 2004,"",""
The impact of the intensity of serial automated plasmapheresis and the velocity of deep-freezing on the quality of plasma,"Hellstern J Bach, P.; Haubelt, H.; Hitzler, W.E.; Mathis, S.; Vogt, A.",,2001,,Infusionstherapie und Transfusionsmedizin,28,SUPPL. 1,62-63,,,,#42034,HellsternJBach 2001,"",""
"Characteristics and trends of 3,4-methylenedioxymethamphetamine (MDMA) tablets found in Taiwan from 2002 to February 2005","Teng, S.-F.; Wu, S.-C.; Liu, C.; Li, J.-H.; Chien, C.-S.",,2006,,Forensic Science International,161,2-3,202-208,,10.1016/j.forsciint.2006.03.035,,#42036,Teng 2006,"",""
"Predictors of violence in young tourists: A comparative study of British, German and Spanish holidaymakers","Hughes, K.; Bellis, M.A.; Calafat, A.; Juan, M.; Schnitzer, S.; Anderson, Z.",,2008,,European Journal of Public Health,18,6,569-574,,10.1093/eurpub/ckn080,,#42040,Hughes 2008,"",""
The relationship between co-recorded [H215O]-PET and EEG functional tomography (LORETA) before and during pharmacological activation,"Gamma, A.; Lehmann, D.; Frei, E.; Pascual-Marqui, R.D.; Vollenweider, F.X.",,2002,,International Congress Series,1232,C,247-251,,10.1016/S0531-5131(01)00699-9,,#42046,Gamma 2002,"",""
Childhood physical and sexual abuse and subsequent depressive and anxiety disorders for two American Indian tribes,"Libby, A.M.; Orton, H.D.; Novins, D.K.; Beals, J.; Manson, S.M.; Big Crow, C.; Chambers, B.; Christensen, M.; Dillard, D.; DuBray, K.; Espinoza, P.; Fleming, C.; Frederick, A.; Gone, J.; Gurley, D.; Jervis, L.; Jim, S.; Kaufman, C.; Keane, E.; Klein, S.; Lee, D.; McNulty, M.; Middlebrook, D.; Mitchell, C.; Nez, T.; Norton, I.; O'Nell, T.; Randall, C.; Sam, A.; Shore, J.; Simpson, S.; Yazzie, L.",,2005,,Psychological Medicine,35,3,329-340,,10.1017/S0033291704003599,,#42047,Libby 2005,"",""
"Laboratory and field experiments used to identify Canis lupus var. familiaris active odor signature chemicals from drugs, explosives, and humans","Lorenzo, N.; Wan, T.; Harper, R.J.; Hsu, Y.-L.; Chow, M.; Rose, S.; Furton, K.G.",,2003,,Analytical and Bioanalytical Chemistry,376,8,1212-1224,,10.1007/s00216-003-2018-7,,#42051,Lorenzo 2003,"",""
Specific neurotoxicity of chronic use of ecstasy,"Obrocki, J.; Schmoldt, A.; Buchert, R.; Andresen, B.; Petersen, K.; Thomasius, R.",,2002,,Toxicology Letters,127,1-3,285-297,,10.1016/S0378-4274(01)00511-2,,#42055,Obrocki 2002,"",""
Legally High? Legal Considerations of Salvia divinorum,"Griffin, O.H.; Lee Miller, B.; Khey, D.N.",,2008,,Journal of Psychoactive Drugs,40,2,183-191,,10.1080/02791072.2008.10400629,,#42069,Griffin 2008,"",""
Confirmation by LC-MS of drugs in oral fluid obtained from roadside testing,"Concheiro, M.; de Castro, A.; Quintela, O.; Cruz, A.; López-Rivadulla, M.",,2007,,Forensic Science International,170,2-3,156-162,,10.1016/j.forsciint.2007.03.034,,#42075,Concheiro 2007,"",""
"Evidence for a common biological basis of the absorption trait, hallucinogen effects, and positive symptoms: Epistasis between 5-HT2a and COMT polymorphisms","Ott, U.; Reuter, M.; Hennig, J.; Vaitl, D.",,2005,,American Journal of Medical Genetics - Neuropsychiatric Genetics,137 B,1,29-32,,10.1002/ajmg.b.30197,,#42083,Ott 2005,"",""
"Methylation of 3,4-methylenedioxymethamphetamine in formalin-fixed human liver tissue","Shakleya, D.M.; Kraner, J.C.; Kaplan, J.A.; Callery, P.S.",,2005,,Journal of Analytical Toxicology,29,7,715-717,,10.1093/jat/29.7.715,,#42089,Shakleya 2005,"",""
"Chromatographic and mass spectral studies on methoxymethcathinones related to 3,4-methylenedioxymethamphetamine","Awad, T.; Clark, C.R.; DeRuiter, J.",,2006,,Journal of Chromatographic Science,44,3,155-161,,10.1093/chromsci/44.3.155,,#42107,Awad 2006,"",""
Interactions between recreational drugs and antiretroviral agents,"Antoniou, T.; Tseng, A.L.-I.; Da Camara, C.C.; Demers, D.",,2002,,Annals of Pharmacotherapy,36,10,1598-1613,,10.1345/aph.1A447,,#42127,Antoniou 2002,"",""
Panacea or placebo: The historical quest for medications to treat depression,"Overholser, J.C.",,2006,,Journal of Contemporary Psychotherapy,36,4,183-190,,10.1007/s10879-006-9023-z,,#42131,Overholser 2006,"",""
"Jimsonweed (Datura stramonium) exposures in Texas, 1998-2004","Forrester, M.B.",,2006,,Journal of Toxicology and Environmental Health - Part A: Current Issues,69,19,1757-1762,,10.1080/15287390600631284,,#42142,Forrester 2006,"",""
GC-MS analysis of acylated derivatives of the side chain and ring regioisomers of methylenedioxymethamphetamine,"Awad, T.; DeRuiter, J.; Clark, C.R.",,2005,,Journal of Chromatographic Science,43,6,296-303,,10.1093/chromsci/43.6.296,,#42160,Awad 2005,"",""
Are psychedelic drug treatments seeing a comeback in psychiatry?,"Sessa, B.St.J.",,2008,,Progress in Neurology and Psychiatry,12,8,5-10,,10.1002/pnp.94,,#42161,Sessa 2008,"",""
Event-related potentials (ERPs) in ecstasy (MDMA) users during a visual oddball task,"Mejias, S.; Rossignol, M.; Debatisse, D.; Streel, E.; Servais, L.; Guérit, J.M.; Philippot, P.; Campanella, S.",,2005,,Biological Psychology,69,3,333-352,,10.1016/j.biopsycho.2004.11.010,,#42167,Mejias 2005,"",""
The adrenochrome hypothesis of Schizophrenia revisited,"Smythies, J.",,2002,,Neurotoxicity Research,4,2,147-150,,10.1080/10298420290015827,,#42180,Smythies 2002,"",""
Identification of critical residues in novel drug metabolizing mutants of cytochrome P450 BM3 using random mutagenesis,"Van Vugt-Lussenburg, B.M.A.; Stjernschantz, E.; Lastdrager, J.; Oostenbrink, C.; Vermeulen, N.P.E.; Commandeur, J.N.M.",,2007,,Journal of Medicinal Chemistry,50,3,455-461,,10.1021/jm0609061,,#42181,VanVugt-Lussenburg 2007,"",""
Mechanisms of prescription drug diversion among drug-Involved club- and street-based populations,"Inciardi, J.A.; Surratt, H.L.; Kurtz, S.P.; Cicero, T.J.",,2007,,Pain Medicine,8,2,171-183,,10.1111/j.1526-4637.2006.00255.x,,#42182,Inciardi 2007,"",""
Drugs in oral fluid in randomly selected drivers,"Drummer, O.H.; Gerostamoulos, D.; Chu, M.; Swann, P.; Boorman, M.; Cairns, I.",,2007,,Forensic Science International,170,2-3,105-110,,10.1016/j.forsciint.2007.03.028,,#42183,Drummer 2007,"",""
Understanding recreational ecstasy use in the United States: A qualitative inquiry,"Bahora, M.; Sterk, C.E.; Elifson, K.W.",,2009,,International Journal of Drug Policy,20,1,62-69,,10.1016/j.drugpo.2007.10.003,,#42186,Bahora 2009,"",""
The victorian legislative framework for the random testing drivers at the roadside for the presence of illicit drugs: An evaluation of the characteristics of drivers detected from 2004 to 2006,"Boorman, M.; Owens, K.",,2009,,Traffic Injury Prevention,10,1,16-22,,10.1080/15389580802542365,,#42191,Boorman 2009,"",""
Effects of long-term lithium treatment on monoaminergic functions in major depression,"El Khoury, A.; Johnson, L.; Åberg-Wistedt, A.; Stain-Malmgren, R.",,2001,,Psychiatry Research,105,1-2,33-44,,10.1016/S0165-1781(01)00314-6,,#42206,ElKhoury 2001,"",""
"Long-term effects of ""ecstasy"" use on serotonin transporters of the brain investigated by PET","Buchert, R.; Thomasius, R.; Nebeling, B.; Petersen, K.; Obrocki, J.; Jenicke, L.; Wilke, F.; Wartberg, L.; Zapletalova, P.; Clausen, M.",,2003,,Journal of Nuclear Medicine,44,3,375-384,,,,#42215,Buchert 2003,"",""
"Mood, cognition and serotonin transporter availability in current and former ecstasy (MDMA) users","Thomasius, R.; Petersen, K.; Buchert, R.; Andresen, B.; Zapletalova, P.; Wartberg, L.; Nebeling, B.; Schmoldt, A.",,2003,,Psychopharmacology,167,1,85-96,,10.1007/s00213-002-1383-9,,#42218,Thomasius 2003,"",""
Screening for drugs in oral fluid: Drug driving and illicit drug use in a sample of Queensland motorists,"Jeremy, D.; Freeman, J.",,2009,,Traffic Injury Prevention,10,3,231-236,,10.1080/15389580902826817,,#42240,Jeremy 2009,"",""
"GC-MS studies on acylated derivatives of 3-methoxy-4-methyl- and 4-methoxy-3-methyl-phenethylamines: Regioisomers related to 3,4-MDMA","Belal, T.; Awad, T.; DeRuiter, J.; Clark, C.R.",,2008,,Forensic Science International,178,1,61-82,,10.1016/j.forsciint.2008.02.002,,#42249,Belal 2008,"",""
Identification of targeted analyte clusters for studies of schizophrenia,"Cheng, T.M.K.; Lu, Y.-E.; Guest, P.C.; Rahmoune, H.; Harris, L.W.; Wang, L.; Ma, D.; Stelzhammer, V.; Umrania, Y.; Wayland, M.T.; Lió, P.; Bahn, S.",,2010,,Molecular and Cellular Proteomics,9,3,510-522,,10.1074/mcp.M900372-MCP200,,#42251,Cheng 2010,"",""
Simultaneous and group determination methods for designated substances by HPLC with multi-channel electrochemical detection and their application to real samples,"Min, J.Z.; Yamashita, K.; Toyo'oka, T.; Inagaki, S.; Higashi, T.; Kikura-Hanajiri, R.; Goda, Y.",,2010,,Biomedical Chromatography,24,12,1287-1299,,10.1002/bmc.1439,,#42254,Min 2010,"",""
"Characterization of substance abuse patients presenting for treatment at a university psychiatric hospital in cairo, egypt","Khalil, A.; Okasha, T.; Shawky, M.; Haroon, A.; Elhabiby, M.; Carise, D.; Annon, J.J.; Hasson, A.M.; Rawson, R.A.",,2008,,Addictive Disorders and their Treatment,7,4,199-209,,10.1097/ADT.0b013e318158856d,,#42257,Khalil 2008,"",""
Investigation of direct causes of drug relapse and abstainers' demands in a compulsive detoxification center in Wuhan City of China,"Wang, Z.-Z.; Wang, Q.",,2007,,Biomedical and Environmental Sciences,20,5,404-409,,,,#42267,Wang 2007,"",""
Recent topics on pharmacotherapy for amphetamine-type stimulants abuse and dependence,"Chen, H.; Wu, J.; Zhang, J.; Hashimoto, K.",,2010,,Current Drug Abuse Reviews,3,4,222-238,,10.2174/1874473711003040222,,#42281,Chen 2010,"",""
Large outbreaks of Salmonella Typhimurium infection in Denmark in 2008.,"Ethelberg, S.; Wingstrand, A.; Jensen, T.; Sorensen, G.; Muller, L.; Lisby, M.; Nielsen, E.; Molbak, K.",,2008,,Euro surveillance : bulletin européen sur les maladies transmissibles = European communicable disease bulletin,13,44,pii:19023,,,,#42288,Ethelberg 2008,"",""
Is 1/10 > 10/100? The effect of denominator salience on perceptions of base rates of health risk,"Raghubir, P.",,2008,,International Journal of Research in Marketing,25,4,327-334,,10.1016/j.ijresmar.2008.07.006,,#42289,Raghubir 2008,"",""
"Detection of 1-benzylpiperazine, 1-(3-trifluoromethylphenyl)-piperazine, and 1-(3-chlorophenyl)-piperazine in 3,4-methylenedioxymethamphetamine-positive urine samples","Dickson, A.J.; Vorce, S.P.; Holler, J.M.; Lyons, T.P.",,2010,,Journal of Analytical Toxicology,34,8,464-469,,10.1093/jat/34.8.464,,#42290,Dickson 2010,"",""
"'Weddings, parties, anything...', a qualitative analysis of ecstasy use in Perth, Western Australia","Hansen, D.; Maycock, B.; Lower, T.",,2001,,International Journal of Drug Policy,12,2,181-199,,10.1016/S0955-3959(00)00075-X,,#42304,Hansen 2001,"",""
"Hypothalamic-pituitary-adrenal axis responses to stress in subjects with 3,4-methylenedioxy-methamphetamine ('ecstasy') use history: Correlation with dopamine receptor sensitivity","Gerra, G.; Bassignana, S.; Zaimovic, A.; Moi, G.; Bussandri, M.; Caccavari, R.; Brambilla, F.; Molina, E.",,2003,,Psychiatry Research,120,2,115-124,,10.1016/S0165-1781(03)00175-6,,#42306,Gerra 2003,"",""
The distribution of controlled drugs on banknotes via counting machines,"Carter, J.F.; Sleeman, R.; Parry, J.",,2003,,Forensic Science International,132,2,106-112,,10.1016/S0379-0738(03)00015-X,,#42307,Carter 2003,"",""
Stability studies of amphetamine and ephedrine derivatives in urine,"Jiménez, C.; de la Torre, R.; Ventura, M.; Segura, J.; Ventura, R.",,2006,,Journal of Chromatography B: Analytical Technologies in the Biomedical and Life Sciences,843,1,84-93,,10.1016/j.jchromb.2006.05.036,,#42308,Jiménez 2006,"",""
The dopamine transporter: A vigilant border control for psychostimulant action,"Williams, J.M.; Galli, A.",,2006,,Handbook of Experimental Pharmacology,175,,215-232,,10.1007/3-540-29784-7_11,,#42317,Williams 2006,"",""
Developmental observations on offspring of parents ingesting illicit LSD. Research in sensory integrative development,"Faria, L.J.",,1973,,American Journal of Occupational Therapy,27,4,198-202,,,,#42327,Faria 1973,"",""
Hallucinogenic N-methylated indolealkylamines in the cerebrospinal fluid of psychiatric and control populations,"Corbett, L.; Christian, S.T.; Morin, R.D.; Benington, F.; Smythies, J.R.",,1978,,British Journal of Psychiatry,132,2,139-144,,10.1192/bjp.132.2.139,,#42329,Corbett 1978,"",""
Exploratory Study of Drugs and Social Interaction,"Cheek, F.E.",,1963,,Archives of General Psychiatry,9,6,566-574,,10.1001/archpsyc.1963.01720180038006,,#42331,Cheek 1963,"",""
The Effects of LSD Upon Group Interaction,"Morimoto, K.; Hyde, R.W.; Slater, P.E.",,1963,,Archives of General Psychiatry,8,6,564-571,,10.1001/archpsyc.1963.01720120038006,,#42335,Morimoto 1963,"",""
Lysergic acid diethylamide (lsd 25): xxxx. effect of ph on transport of methysergide and lsd 25 across gill membrane,"Gettner, H.H.; Carone, P.A.; Abramson, H.A.",,1973,,Journal of Psychology: Interdisciplinary and Applied,84,1,111-118,,10.1080/00223980.1973.9915637,,#42336,Gettner 1973,"",""
Observations on the psychotomimetic effects of sernyl,"Bakker, C.B.; Amini, F.B.",,1961,,Comprehensive Psychiatry,2,5,269-280,,10.1016/S0010-440X(61)80033-3,,#42350,Bakker 1961,"",""
Clump spacing in a desert dwarf shrub community,"Prentice, I.C.; Werger, M.J.A.",,1985,,Vegetatio,63,3,133-139,,10.1007/BF00044064,,#42355,Prentice 1985,"",""
Metabolism of 5 hydroxytryptamine in brain and the effect of psychoactive drugs. An experimental study using 3H labelled tryptophan,"Schubert, J.",,1973,,"THESIS,UNIV.STOCKHOLM",,,,,,,#42358,Schubert 1973,"",""
Effects of Parenteral Administration of Haloperidol and Chlorpromazine in Man. I. Normal Subjects: Quantitative EEG and Subjective Response,"PFEIFFER, C.C.; GOLDSTEIN, L.; MURPHREE, H.B.",,1968,,The Journal of Clinical Pharmacology and The Journal of New Drugs,8,2,79-88,,10.1002/j.1552-4604.1968.tb00252.x,,#42365,PFEIFFER 1968,"",""
Psychotherapy with hallucinogenic adjuncts from a learning perspective,"Grieco, A.; Bloom, R.",,1981,,Substance Use and Misuse,16,5,801-827,,10.3109/10826088109038891,,#42367,Grieco 1981,"",""
"A new triazole, voriconazole (UK-109,496), blocks sterol biosynthesis in Candida albicans and Candida krusei","Sanati, H.; Belanger, P.; Fratti, R.; Ghannoum, M.",,1997,,Antimicrobial Agents and Chemotherapy,41,11,2492-2496,,10.1128/aac.41.11.2492,,#42369,Sanati 1997,"",""
Separation and quantitation of mixtures of the most commonly abused drugs,"Choulis, N.H.",,1973,,Journal of Pharmaceutical Sciences,62,1,112-114,,10.1002/jps.2600620122,,#42370,Choulis 1973,"",""
"Human psychopharmacology of N,N-dimethyltryptamine","Strassman, R.J.",,1995,,Behavioural Brain Research,73,1-2,121-124,,10.1016/0166-4328(96)00081-2,,#42372,Strassman 1995,"",""
Study of the role of serotonin in lithium action using shock-elicited fighting,"Marini, J.L.; Sheard, M.H.; Kosten, T.",,1979,,Communications In Psychopharmacology,3,4,225-233,,,,#42382,Marini 1979,"",""
The theory of planned behavior and ecstacy use: Roles for habit and perceived control over taking versus obtaining substances,"Orbell, S.; Blair, C.; Sherlock, K.; Conner, M.",,2001,,Journal of Applied Social Psychology,31,1,31-47,,10.1111/j.1559-1816.2001.tb02480.x,,#42386,Orbell 2001,"",""
Long-term psychological effects of LSD,"McWilliams, S.A.; Tuttle, R.J.",,1973,,Psychological Bulletin,79,6,341-351,,10.1037/h0034411,,#42387,McWilliams 1973,"",""
The Neurophysiological Basis of Hypnosis–Objective Techniques*,"ULETT, G.A.; AKPINAR, S.; ITIL, T.M.; FUKUDA, T.",,1971,,Psychiatry and Clinical Neurosciences,25,3,203-211,,10.1111/j.1440-1819.1971.tb01504.x,,#42388,ULETT 1971,"",""
Quantitative electroencephalographic analysis of naturally occurring (schizophrenic) and drug-induced psychotic states in human males,"Goldstein, L.; Murphree, H.B.; Arthur Sugerman, A.; Pfeiffer, C.C.; Jenney, E.H.",,1963,,Clinical Pharmacology and Therapeutics,4,1,10-21,,10.1002/cpt19634110,,#42390,Goldstein 1963,"",""
The utilization of tyrosine for mescaline and protein biosynthesis in Lophophora williamsii,"Rosenberg, H.; Stohs, S.J.",,1974,,Phytochemistry,13,9,1861-1863,,10.1016/0031-9422(74)85102-2,,#42396,Rosenberg 1974,"",""
Lysergic acid diethylamide and a novel stimulus,"Uyeno, E.T.",,1970,,Psychonomic Science,18,1,52-52,,10.3758/BF03332329,,#42404,Uyeno 1970,"",""
"Simultaneous determination of amphetamine, methamphetamine, methylenedioxyamphetamine (MDA), methylenedioxymethamphetamine (MDMA), and methylenedioxyethylamphetamine (MDEA) enantiomers by GC-MS","Hensley, D.; Cody, J.T.",,1999,,Journal of Analytical Toxicology,23,6,518-523,,10.1093/jat/23.6.518,,#42406,Hensley 1999,"",""
Some initial animal and human pharmacological studies with benapryzine (BRL 1288),"BROWN, D.M.; HUGHES, B.O.; MARSDEN, C.D.; MEADOWS, J.C.; SPICER, B.",,1973,,British Journal of Pharmacology,47,3,476-486,,10.1111/j.1476-5381.1973.tb08179.x,,#42409,BROWN 1973,"",""
"Chromosome Abnormalities in Patients Treated with Chlorpromazine, Perphenazine, and Lysergide","Nielsen, J.; Friedrich, U.; Tsuboi, T.",,1969,,British Medical Journal,3,5671,634-636,,10.1136/bmj.3.5671.634,,#42416,Nielsen 1969,"",""
"Comparing the Subjective, Psychomotor and Physiological Effects of Intravenous Pentazocine and Morphine in Normal Volunteers1","Zacny, J.P.; Hill, J.L.; Black, M.L.; Sadeghi, P.",,1998,,Journal of Pharmacology and Experimental Therapeutics,286,3,1197-1207,,,,#42418,Zacny 1998,"",""
Influence of reach geomorphology on hyporheic communities in a gravel-bed stream,"Olsen, D.A.; Townsend, C.R.; Matthaei, C.D.",,2001,,New Zealand Journal of Marine and Freshwater Research,35,1,181-190,,10.1080/00288330.2001.9516988,,#42421,Olsen 2001,"",""
"Neuroendocrine and Mood Responses to Intravenous L-Tryptophan in 3,4-Methylenedioxymethamphetamine (MDMA) Users: Preliminary Observations","Price, L.H.; Ricaurte, G.A.; Krystal, J.H.; Heninger, G.R.",,1989,,Archives of General Psychiatry,46,1,20-22,,10.1001/archpsyc.1989.01810010022003,,#42422,Price 1989,"",""
Identification of ecstasy in complex matrices using near-infrared spectroscopy,"Sondermann, N.; Kovar, K.-A.",,1999,,Forensic Science International,102,2-3,133-147,,10.1016/S0379-0738(99)00047-X,,#42423,Sondermann 1999,"",""
Cellulose microfibril assembly and orientation: recent developments.,"Brown Jr., R.M.",,1985,,Journal of cell science. Supplement,2,,13-32,,,,#42429,BrownJr 1985,"",""
Self-Regulation of the Sensory Environment: Conceptual Model and Potential Clinical Applications,"Ludwig, A.M.",,1971,,Archives of General Psychiatry,25,5,413-418,,10.1001/archpsyc.1971.01750170029006,,#42430,Ludwig 1971,"",""
Serotonin2 (5-HT2) receptor binding in the frontal cortex of schizophrenic patients,"Arora, R.C.; Meltzer, H.Y.",,1991,,Journal of Neural Transmission,85,1,19-29,,10.1007/BF01244654,,#42434,Arora 1991,"",""
Reduced in vivo binding to the serotonin transporter in the cerebral cortex of MDMA ('ecstasy') users,"Semple, D.M.; Ebmeier, K.P.; Glabus, M.F.; O'Carroll, R.E.; Johnstone, E.C.",,1999,,British Journal of Psychiatry,175,JUL.,63-69,,10.1192/bjp.175.1.63,,#42435,Semple 1999,"",""
An exploration of the history and controversies surrounding mdma and mda,"Pentney, A.R.",,2001,,Journal of Psychoactive Drugs,33,3,213-221,,10.1080/02791072.2001.10400568,,#42438,Pentney 2001,"",""
Hallucinogenic drugs in psychiatric research and treatment: Perspectives and prospects,"Strassman, R.J.",,1995,,Journal of Nervous and Mental Disease,183,3,127-138,,10.1097/00005053-199503000-00002,,#42452,Strassman 1995,"",""
Biochemical studies in early infantile autism,"Narasimhachari, N.; Himwich, H.E.",,1975,,Biological Psychiatry,10,4,425-432,,,,#42463,Narasimhachari 1975,"",""
Female preference for symmetrical vertical bars in male sailfin mollies,"SchlüTer, A.; Parzefall, J.; Schlupp, I.",,1998,,Animal Behaviour,56,1,147-153,,10.1006/anbe.1998.0762,,#42468,SchlüTer 1998,"",""
Effect of administration of lysergic acid diethylamide on serotonin-levels in the body,"Sankar, D.V.S.; Sankar, D.B.; Phipps, E.; Gold, E.",,1961,,Nature,191,4787,499-500,,10.1038/191499a0,,#42473,Sankar 1961,"",""
Exertional heat stroke induced by amphetamine analogues: Does dantrolene have a place?,"WATSON, J.D.; FERGUSON, C.; HINDS, C.J.; SKINNER, R.; COAKLEY, J.H.",,1993,,Anaesthesia,48,12,1057-1060,,10.1111/j.1365-2044.1993.tb07526.x,,#42477,WATSON 1993,"",""
Studies on the mode of action of asulam in bracken (Pteridium aquilinum L. Kuhn). III. Longterm control of field bracken.,"VEERASEKARAN, P.; KIRKWOOD, R.C.; FLETCHER, W.W.",,1978,,Weed Research,18,5,315-319,,10.1111/j.1365-3180.1978.tb01166.x,,#42480,VEERASEKARAN 1978,"",""
"Serotonin binding sites I. structures of sites on myelin basic protein, LHRH, MSH, ACTH, interferon, serum albumin, ovalbumin and red pigment concentrating hormone","Root-Bernstein, R.S.; Westall, F.C.",,1984,,Brain Research Bulletin,12,4,425-436,,10.1016/0361-9230(84)90115-1,,#42485,Root-Bernstein 1984,"",""
The relationship of solvent use to other substance use,"Dinwiddie, S.H.; Reich, T.; Cloninger, C.R.",,1991,,American Journal of Drug and Alcohol Abuse,17,2,173-186,,10.3109/00952999108992820,,#42491,Dinwiddie 1991,"",""
"Electrochemical study of the hallucinogen (±)-1-(2,5-Dimethoxy-4- nitrophenyl)-2-aminopropane","Richter, P.; Morales, A.; Sebastian Gomez-Jeria, J.; Morales-Lagos, D.",,1988,,The Analyst,113,6,859-863,,10.1039/AN9881300859,,#42492,Richter 1988,"",""
Drugs and eros: Reflections on aphrodisiacs,"Gawin, F.H.",,1978,,Journal of Psychoactive Drugs,10,3,227-236,,10.1080/02791072.1978.10471879,,#42498,Gawin 1978,"",""
Drug use and driving risk among high school students,"Smartau]Dianne Fejer, R.G.",,1976,,Accident Analysis and Prevention,8,1,33-38,,10.1016/0001-4575(76)90031-2,,#42500,Smartau]DianneFejer 1976,"",""
The standardized psychometric assessment of altered states of consciousness (ASCs) in humans,"Dittrich, A.",,1998,,Pharmacopsychiatry,31,SUPPL. 2,80-84,,10.1055/s-2007-979351,,#42503,Dittrich 1998,"",""
"Modulation of semantic priming effects by psilocybin, MDE (ecstasy), and d-methamphetamine principles and applications of the model psychosis strategy","Gouzoulis-Mayfrank, E.; Thelen, B.; Maier, S.; Habermeyer, E.; Spitzer, M.; Sass, H.",,1998,,Neurology Psychiatry and Brain Research,6,1,19-28,,,,#42506,Gouzoulis-Mayfrank 1998,"",""
MDA-MDMA concentrations in urine specimens,"Kunsman, G.W.; Levine, B.; Kuhlman, J.J.; Jones, R.L.; Hughes, R.O.; Fujiyama, C.I.; Smith, M.L.",,1996,,Journal of Analytical Toxicology,20,7,517-521,,10.1093/jat/20.7.517,,#42508,Kunsman 1996,"",""
Measurement of handwriting area to pressure ratios during psilocybin-induced hallucinations,"Fischer, R.; Kappeler, T.; Wisecup, P.; Thatcher, K.",,1969,,Agents and Actions,1,1,42-52,,10.1007/BF01990020,,#42510,Fischer 1969,"",""
Neurotransmitter Receptors in Frontal Cortex of Schizophrenics,"Bennett, J.P.; Enna, S.J.; Bylund, D.B.; Gillin, J.C.; Wyatt, R.J.; Snyder, S.H.",,1979,,Archives of General Psychiatry,36,9,927-934,,10.1001/archpsyc.1979.01780090013001,,#42512,Bennett 1979,"",""
Personality and value differences related to use of LSD-25,"Jones, A.P.",,1973,,Substance Use and Misuse,8,3,549-557,,10.3109/10826087309062054,,#42515,Jones 1973,"",""
Lagrangian Stochastic‐Deterministic (LSD) Predictions of Particle Dispersion in Turbulence,"Milojevié, D.",,1990,,Particle & Particle Systems Characterization,7,1-4,181-190,,10.1002/ppsc.19900070132,,#42517,Milojevié 1990,"",""
Nicotiana an hallucinogen?,"Janiger, O.; de Rios, M.D.",,1976,,Economic Botany,30,3,295-297,,10.1007/BF02909739,,#42519,Janiger 1976,"",""
Monoamines and schizophrenia,"Sedvall, G.",,1990,,Acta Psychiatrica Scandinavica,82,358 S,7-13,,10.1111/j.1600-0447.1990.tb05279.x,,#42520,Sedvall 1990,"",""
Serine and folate metabolism in fibroblasts from episodic psychotic patients with psychedelic symptoms,"Fekkes, D.; Bruinvels, J.",,1986,,Biological Psychiatry,21,10,951-959,,10.1016/0006-3223(86)90269-6,,#42524,Fekkes 1986,"",""
In vivo assessment of the teratogenic potential of drugs in humans,"Stern, L.",,1981,,Obstetrics and Gynecology,58,5,3s-8s,,,,#42525,Stern 1981,"",""
Cytogenetic Effects of LSD 25 Therapy in Man,"Hungerford, D.A.; Taylor, K.M.; Shagass, C.; Labadie, G.U.; Balaban, G.B.; Paton, G.R.",,1968,,JAMA: The Journal of the American Medical Association,206,10,2287-2291,,10.1001/jama.1968.03150100037008,,#42528,Hungerford 1968,"",""
Diffuse Systems of the Brain: Physiological and Pharmacological Mechanisms,"Bradley, P.B.",,1962,,Developmental Medicine & Child Neurology,4,1,49-54,,10.1111/j.1469-8749.1962.tb03097.x,,#42529,Bradley 1962,"",""
Chromosomal Analyses of Bone Marrow and Peripheral Blood in Subjects With a History of Illicit Drug Use,"Amarose, A.P.; Schuster, C.R.",,1971,,Archives of General Psychiatry,25,2,181-186,,10.1001/archpsyc.1971.01750140085014,,#42531,Amarose 1971,"",""
PCP and hallucinogens,"Carroll, M.E.",,1990,,Advances in Alcohol and Substance Abuse,9,1-2,167-185,,10.1300/j251v09n01_10,,#42536,Carroll 1990,"",""
Effects of LSD on auditory generalization,"Dykstra, L.A.; Appel, J.B.",,1970,,Psychonomic Science,21,5,272-274,,10.3758/BF03330711,,#42541,Dykstra 1970,"",""
Job satisfaction of health workers,"Tennakoon, S.",,1990,,The International Journal of Health Planning and Management,5,2,147-158,,10.1002/hpm.4740050207,,#42543,Tennakoon 1990,"",""
The hallucinogens and the inhalants,"Cohen, S.",,1984,,Psychiatric Clinics of North America,7,4,681-688,,10.1016/s0193-953x(18)30722-6,,#42546,Cohen 1984,"",""
Synthesis of Optically Active Isoquinuclidines Utilizing a Diastereoselectivity Control Element,"Trost, B.M.; Romero, A.G.",,1986,,Journal of Organic Chemistry,51,12,2332-2342,,10.1021/jo00362a030,,#42548,Trost 1986,"",""
LSD hallucinations: From ergot to electric kool-aid,"Siegel, R.K.",,1985,,Journal of Psychoactive Drugs,17,4,247-256,,10.1080/02791072.1985.10524329,,#42550,Siegel 1985,"",""
Further studies on hexadimethrine bromide (polybrene)-an antiheparin agent,"Kimura, E.T.; Young, P.R.; Ebert, D.M.",,1959,,Toxicology and Applied Pharmacology,1,6,560-575,,10.1016/0041-008X(59)90059-6,,#42563,Kimura 1959,"",""
"Size and morphological variation in males of the sailfin molly, Poecilia latipinna","Snelson Jr., F.F.",,1985,,Environmental Biology of Fishes,13,1,35-47,,10.1007/BF00004854,,#42566,SnelsonJr 1985,"",""
Recreational drug use and the risk of primary infertility,"Mueller, B.A.; Daling, J.R.; Weiss, N.S.; Moore, D.E.",,1990,,Epidemiology,1,3,195-200,,10.1097/00001648-199005000-00003,,#42568,Mueller 1990,"",""
Serotonergic neuronal systems: What their anatomic organization tells us about function,"Molliver, M.E.",,1987,,Journal of Clinical Psychopharmacology,7,6,3S-23S,,,,#42588,Molliver 1987,"",""
"Human research on MDMA (3,4-methylenedioxymethamphetamine) neurotoxicity: Cognitive and behavioural indices of change","Parrott, A.C.",,2000,,Neuropsychobiology,42,1,17-24,,10.1159/000026666,,#42593,Parrott 2000,"",""
The evolution of non medical opiate use in Canada. II. 1930-1970,"Solomon, R.",,1977,,Drug Forum,6,1,1-25,,,,#42594,Solomon 1977,"",""
"EFFECTS OF ACUTE AND CHRONIC INHALATION OF HASHISH, MARIJUANA, AND Δ9TETRAHYDROCANNABINOL ON BRAIN ELECTRICAL ACTIVITY IN MAN: EVIDENCE FOR TISSUE TOLERANCE","Fink, M.",,1976,,Annals of the New York Academy of Sciences,282,1,387-398,,10.1111/j.1749-6632.1976.tb49911.x,,#42597,Fink 1976,"",""
Further observations on primary modes of perception: The Use of a Masking Technique for Subliminal Visual Stimulation,"Friedman, S.M.; Fisher, C.",,1960,,Journal of the American Psychoanalytic Association,8,1,100-129,,10.1177/000306516000800105,,#42605,Friedman 1960,"",""
Psychophysiological studies in altered sensory environments,"Cohen, S.I.; Silverman, A.J.; Shmavonian, B.M.",,1962,,Journal of Psychosomatic Research,6,4,259-281,,10.1016/0022-3999(62)90037-5,,#42633,Cohen 1962,"",""
Interference with testing for lysergic acid diethylamide,"Ritter, D.; Cortese, C.M.; Edwards, L.C.; Barr, J.L.; Chung, H.D.; Long, C.",,1997,,Clinical Chemistry,43,4,635-637,,10.1093/clinchem/43.4.635,,#42636,Ritter 1997,"",""
Studies on the effects of drugs on performance of a delayed discrimination,"Roberts, M.H.T.; Bradley, P.B.",,1967,,Physiology and Behavior,2,4,389-397,,10.1016/0031-9384(67)90057-1,,#42637,Roberts 1967,"",""
"Level of use of 3,4-methylenedioxymethamphetamine (MDMA or Ecstasy) in humans correlates with EEG power and coherence","Dafters, R.I.; Duffy, F.; O'Donnell, P.J.; Bouquet, C.",,1999,,Psychopharmacology,145,1,82-90,,10.1007/s002130051035,,#42649,Dafters 1999,"",""
Legal Controls on Mind‐ and Mood‐Altering Drugs,"Rosenthal, M.P.",,1971,,Journal of Social Issues,27,3,53-72,,10.1111/j.1540-4560.1971.tb00669.x,,#42673,Rosenthal 1971,"",""
Stability study of LSD under various storage conditions,"Li, Z.; McNally, A.J.; Wang, H.; Salamone, S.J.",,1998,,Journal of Analytical Toxicology,22,6,520-525,,10.1093/jat/22.6.520,,#42674,Li 1998,"",""
"Methods for the analysis of 1-(3,4-methylenedioxy-phenyl)-2-butanamine and N-methyl-1 -(3,4-methyl-enedioxyphenyl)-2-propanamine (MDMA)","Noggle, F.T.; Clark, C.R.; Andurkar, S.; Deruiter, J.",,1991,,Journal of Chromatographic Science,29,3,103-106,,10.1093/chromsci/29.3.103,,#42675,Noggle 1991,"",""
Effects of LSD on human chromosomes,"Muneer, R.S.",,1978,,Mutation Research - Fundamental and Molecular Mechanisms of Mutagenesis,51,3,403-410,,10.1016/0027-5107(78)90128-8,,#42677,Muneer 1978,"",""
Relationship of phencyclidine and pregnancy outcome,"Mvula, M.M.; Miller Jr., J.M.; Ragan, F.A.",,1999,,Journal of Reproductive Medicine for the Obstetrician and Gynecologist,44,12,1021-1024,,,,#42679,Mvula 1999,"",""
A university system drug profile,"Strimbu, J.L.; Sims, O.S.",,1974,,Substance Use and Misuse,9,4,569-583,,10.3109/10826087409057373,,#42681,Strimbu 1974,"",""
Post-LSD hallucinosis is associated with decrease in flicker-fusion sensitivities,"Van Toi, V.; Abraham, H.; Bursac, N.",,1996,,Investigative Ophthalmology and Visual Science,37,3,S723,,,,#42682,VanToi 1996,"",""
"Hallucinogens, serotonin and obsessive-compulsive disorder","Delgado, P.L.; Moreno, F.A.",,1998,,Journal of Psychoactive Drugs,30,4,359-366,,10.1080/02791072.1998.10399711,,#42683,Delgado 1998,"",""
Heatsink attach - the agony and the ecstasy II,"Langston, Kent F.; Maloney, J.J.",,1996,,National Electronic Packaging and Production Conference-Proceedings of the Technical Program (West and East),3,,1237-1265,,,,#42686,Langston 1996,"",""
Δ9-Tetrahydrocannabivarin as a marker for the ingestion of marijuana versus Marinol®: Results of a clinical study,"Elsohly, M.A.; DeWit, H.; Wachtel, S.R.; Feng, S.; Murphy, T.P.",,2001,,Journal of Analytical Toxicology,25,7,565-571,,10.1093/jat/25.7.565,,#42689,Elsohly 2001,"",""
Subnucleus-specific loss of neurons in medial thalamus of schizophrenics,"Popken, G.J.; Bunney Jr., W.E.; Potkin, S.G.; Jones, E.G.",,2000,,Proceedings of the National Academy of Sciences of the United States of America,97,16,9276-9280,,10.1073/pnas.150243397,,#42691,Popken 2000,"",""
"Shamans, sacraments, and psychiatrists","Bravo, G.; Grob, C.",,1989,,Journal of Psychoactive Drugs,21,1,123-128,,10.1080/02791072.1989.10472149,,#42692,Bravo 1989,"",""
Therapeutic implications of the drug lag,"Wardell, W.M.",,1974,,Clinical Pharmacology and Therapeutics,15,1,73-96,,10.1002/cpt197415173,,#42698,Wardell 1974,"",""
Modifications in the technique of LSD therapy,"Spencer, A.M.",,1964,,Comprehensive Psychiatry,5,4,232-252,,10.1016/S0010-440X(64)80003-1,,#42701,Spencer 1964,"",""
Interaction between some anticholinergic agents and phenothiazines Potentiation of phenothiazine sedation and its antagonism,"Gershon, S.; Neubauer, H.; Sundland, D.M.",,1965,,Clinical Pharmacology and Therapeutics,6,6,749-756,,10.1002/cpt196566749,,#42703,Gershon 1965,"",""
Characterisation of [3H]lysergic acid diethylamide binding to a 5-hydroxytryptamine receptor on human platelet membranes,"Geaney, D.P.; Schächter, M.; Elliot, J.M.; Grahame-Smith, D.G.",,1984,,European Journal of Pharmacology,97,1-2,87-93,,10.1016/0014-2999(84)90515-6,,#42705,Geaney 1984,"",""
Non-invasive studies in documented apical hypertrophic cardiomyopathy,"Wu, C.-M.; Lin, S.-L.; Chen, C.-Y.",,1994,,Acta Cardiologica Sinica,10,2,70-77,,,,#42712,Wu 1994,"",""
Lymphocyte phospholipid methylation is altered in schizophrenia,"Deth, R.C.; Dur, C.J.; Sharma, A.; Liu, D.",,1996,,FASEB Journal,10,3,A283,,,,#42724,Deth 1996,"",""
"Some aspects of drug use among students in Benin City, Nigeria","Ebie, J.C.; Pela, O.A.",,1981,,Drug and Alcohol Dependence,8,4,265-270,,10.1016/0376-8716(81)90035-1,,#42726,Ebie 1981,"",""
'Is MDMA a human neurotoxin?': Diverse views from the discussants,"Turner, J.J.D.; Parrott, A.C.",,2000,,Neuropsychobiology,42,1,42-48,,10.1159/000026669,,#42727,Turner 2000,"",""
RNA editing of the human serotonin 5-HT2C receptor: Alterations in suicide and implications for serotonergic pharmacotherapy,"Niswender, C.M.; Herrick-Davis, K.; Dilley, G.E.; Meltzer, H.Y.; Overholser, J.C.; Stockmeier, C.A.; Emeson, R.B.; Sanders-Bush, E.",,2001,,Neuropsychopharmacology,24,5,478-491,,10.1016/S0893-133X(00)00223-2,,#42734,Niswender 2001,"",""
Bromolysergide and methysergide protection against ECS-induced retrograde amnesia1,"Montanaro, N.; Dall’Olio, R.; Gandolfi, O.",,1979,,Neuropsychobiology,5,3,174-180,,10.1159/000117680,,#42741,Montanaro 1979,"",""
Parasitism of the cone moth eucosma rescissoriana (Lepidoptera: Olethreutidae) in northern idaho,"Goyer, R.A.; Schenk, J.A.",,1969,,The Canadian Entomologist,101,10,1063-1069,,10.4039/Ent1011063-10,,#42743,Goyer 1969,"",""
Serotonin uptake sites and serotonin receptors are altered in the limbic system of schizophrenics,"Joyce, J.N.; Shane, A.; Lexow, N.; Winokur, A.; Casanova, M.F.; Kleinman, J.E.",,1993,,Neuropsychopharmacology,8,4,315-336,,10.1038/npp.1993.32,,#42752,Joyce 1993,"",""
Physiological ligands of putative LSD serotonin receptors: Heterogeneity of LSD displacing factors in human body fluids and nervous tissue,"Mehl, E.; Guiard, L.",,1978,,Hoppe-Seyler's Zeitschrift fur Physiologische Chemie,359,4,539-542,,,,#42757,Mehl 1978,"",""
A study of reported hallucinations in a southeastern county,"Schwab, M.E.",,1977,,Mental Health and Society,4,5-6,344-354,,,,#42758,Schwab 1977,"",""
Clinical prediction of insightful response to a single large dose of LSD,"Eggert, D.C.; Shagass, C.",,1966,,Psychopharmacologia,9,4,340-346,,10.1007/BF00408333,,#42760,Eggert 1966,"",""
In Vivo Effects of Illicit Hallucinogens on Human Lymphocyte Chromosomes,"Dorrance, D.; Janiger, O.; Teplitz, R.L.",,1970,,JAMA: The Journal of the American Medical Association,212,9,1488-1491,,10.1001/jama.1970.03170220044006,,#42761,Dorrance 1970,"",""
Urinary catecholamine excretion following lysergic acid diethylamide in man,"Hollister, L.E.; Moore, F.",,1967,,Psychopharmacologia,11,3,270-275,,10.1007/BF00405233,,#42762,Hollister 1967,"",""
The influence of attitudes and current friends on drug use intentions,"Lacy, W.B.",,1981,,Journal of Social Psychology,113,1,65-76,,10.1080/00224545.1981.9924350,,#42763,Lacy 1981,"",""
Positron emission tomographic evidence of toxic effect of MDMA ('Ecstasy') on brain serotonin neurons in human beings,"McCann, U.D.; Szabo, Z.; Scheffel, U.; Dannals, R.F.; Ricaurte, G.A.",,1998,,Lancet,352,9138,1433-1437,,10.1016/S0140-6736(98)04329-3,,#42770,McCann 1998,"",""
Serotonin 5-HT(2A) receptor binding in platelets from healthy subjects as studied by [3H]-lysergic acid diethylamide ([3H]-LSD): Intra- and interindividual variability,"Spigset, O.; Mjörndal, T.",,1997,,Neuropsychopharmacology,16,4,285-293,,10.1016/S0893-133X(96)00249-7,,#42771,Spigset 1997,"",""
