Title,Authors,Abstract,Published Year,Published Month,Journal,Volume,Issue,Pages,Accession Number,DOI,Ref,Covidence #,Study,Notes,Tags
Trial of Psilocybin versus Escitalopram for Depression.,Carhart-Harris R; Giribaldi B; Watts R; Baker-Jones M; Murphy-Beiner A; Murphy R; Martell J; Blemings A; Erritzoe D; Nutt DJ,"BACKGROUND: Psilocybin may have antidepressant properties, but direct comparisons between psilocybin and established treatments for depression are lacking. METHODS: In a phase 2, double-blind, randomized, controlled trial involving patients with long-standing, moderate-to-severe major depressive disorder, we compared psilocybin with escitalopram, a selective serotonin-reuptake inhibitor, over a 6-week period. Patients were assigned in a 1:1 ratio to receive two separate doses of 25 mg of psilocybin 3 weeks apart plus 6 weeks of daily placebo (psilocybin group) or two separate doses of 1 mg of psilocybin 3 weeks apart plus 6 weeks of daily oral escitalopram (escitalopram group); all the patients received psychological support. The primary outcome was the change from baseline in the score on the 16-item Quick Inventory of Depressive Symptomatology-Self-Report (QIDS-SR-16; scores range from 0 to 27, with higher scores indicating greater depression) at week 6. There were 16 secondary outcomes, including QIDS-SR-16 response (defined as a reduction in score of >50%) and QIDS-SR-16 remission (defined as a score of ≤5) at week 6. RESULTS: A total of 59 patients were enrolled; 30 were assigned to the psilocybin group and 29 to the escitalopram group. The mean scores on the QIDS-SR-16 at baseline were 14.5 in the psilocybin group and 16.4 in the escitalopram group. The mean (±SE) changes in the scores from baseline to week 6 were -8.0±1.0 points in the psilocybin group and -6.0±1.0 in the escitalopram group, for a between-group difference of 2.0 points (95% confidence interval [CI], -5.0 to 0.9) (P = 0.17). A QIDS-SR-16 response occurred in 70% of the patients in the psilocybin group and in 48% of those in the escitalopram group, for a between-group difference of 22 percentage points (95% CI, -3 to 48); QIDS-SR-16 remission occurred in 57% and 28%, respectively, for a between-group difference of 28 percentage points (95% CI, 2 to 54). Other secondary outcomes generally favored psilocybin over escitalopram, but the analyses were not corrected for multiple comparisons. The incidence of adverse events was similar in the trial groups. CONCLUSIONS: On the basis of the change in depression scores on the QIDS-SR-16 at week 6, this trial did not show a significant difference in antidepressant effects between psilocybin and escitalopram in a selected group of patients. Secondary outcomes generally favored psilocybin over escitalopram, but the analyses of these outcomes lacked correction for multiple comparisons. Larger and longer trials are required to compare psilocybin with established antidepressants. (Funded by the Alexander Mosley Charitable Trust and Imperial College London's Centre for Psychedelic Research; ClinicalTrials.gov number, NCT03429075.).",2021,Apr,N Engl J Med,384,15,1402-1411,ClinicalTrials.gov/NCT03429075,10.1056/NEJMoa2032994,33852780,#28272,Carhart-Harris 2021,"",Possible RCT
Increased global integration in the brain after psilocybin therapy for depression.,Daws RE; Timmermann C; Giribaldi B; Sexton JD; Wall MB; Erritzoe D; Roseman L; Nutt D; Carhart-Harris R,"Psilocybin therapy shows antidepressant potential, but its therapeutic actions are not well understood. We assessed the subacute impact of psilocybin on brain function in two clinical trials of depression. The first was an open-label trial of orally administered psilocybin (10 mg and 25 mg, 7 d apart) in patients with treatment-resistant depression. Functional magnetic resonance imaging (fMRI) was recorded at baseline and 1 d after the 25-mg dose. Beck's depression inventory was the primary outcome measure ( MR/J00460X/1 ). The second trial was a double-blind phase II randomized controlled trial comparing psilocybin therapy with escitalopram. Patients with major depressive disorder received either 2 × 25 mg oral psilocybin, 3 weeks apart, plus 6 weeks of daily placebo ('psilocybin arm') or 2 × 1 mg oral psilocybin, 3 weeks apart, plus 6 weeks of daily escitalopram (10-20 mg) ('escitalopram arm'). fMRI was recorded at baseline and 3 weeks after the second psilocybin dose ( NCT03429075 ). In both trials, the antidepressant response to psilocybin was rapid, sustained and correlated with decreases in fMRI brain network modularity, implying that psilocybin's antidepressant action may depend on a global increase in brain network integration. Network cartography analyses indicated that 5-HT2A receptor-rich higher-order functional networks became more functionally interconnected and flexible after psilocybin treatment. The antidepressant response to escitalopram was milder and no changes in brain network organization were observed. Consistent efficacy-related brain changes, correlating with robust antidepressant effects across two studies, suggest an antidepressant mechanism for psilocybin therapy: global increases in brain network integration.",2022,Apr,Nat Med,28,4,844-851,ClinicalTrials.gov/NCT03429075,10.1038/s41591-022-01744-z,35411074,#28276,Daws 2022,"",Possible RCT
Microdosing with psilocybin mushrooms: a double-blind placebo-controlled study.,Cavanna F; Muller S; de la Fuente LA; Zamberlan F; Palmucci M; Janeckova L; Kuchar M; Pallavicini C; Tagliazucchi E,"The use of low sub-perceptual doses of psychedelics (""microdosing"") has gained popularity in recent years. Although anecdotal reports claim multiple benefits associated with this practice, the lack of placebo-controlled studies severely limits our knowledge of microdosing and its effects. Moreover, research conducted in standard laboratory settings could fail to capture the motivation of individuals engaged or planning to engage in microdosing protocols, thus underestimating the likelihood of positive effects on creativity and cognitive function. We recruited 34 individuals starting to microdose with psilocybin mushrooms (Psilocybe cubensis), one of the materials most frequently used for this purpose. Following a double-blind placebo-controlled experimental design, we investigated the acute and short-term effects of 0.5 g of dried mushrooms on subjective experience, behavior, creativity (divergent and convergent thinking), perception, cognition, and brain activity. The reported acute effects were significantly more intense for the active dose compared to the placebo, but only for participants who correctly identified their experimental condition. These changes were accompanied by reduced EEG power in the theta band, together with preserved levels of Lempel-Ziv broadband signal complexity. For all other measurements there was no effect of microdosing except for few small changes towards cognitive impairment. According to our findings, low doses of psilocybin mushrooms can result in noticeable subjective effects and altered EEG rhythms, but without evidence to support enhanced well-being, creativity and cognitive function. We conclude that expectation underlies at least some of the anecdotal benefits attributed to microdosing with psilocybin mushrooms.",2022,Aug,Transl Psychiatry,12,1,307,,10.1038/s41398-022-02039-0,35918311,#28278,Cavanna 2022,"",Possible RCT
Psilocybin Therapy for Clinicians With Symptoms of Depression From Frontline Care During the COVID-19 Pandemic: A Randomized Clinical Trial.,Back AL; Freeman-Young TK; Morgan L; Sethi T; Baker KK; Myers S; McGregor BA; Harvey K; Tai M; Kollefrath A; Thomas BJ; Sorta D; Kaelen M; Kelmendi B; Gooley TA,"IMPORTANCE: The psychological morbidity experienced by physicians, advanced practice practitioners (APPs), and nurses from working during the COVID-19 pandemic includes burnout, depression, and posttraumatic stress disorder (PTSD). OBJECTIVE: To investigate whether psilocybin therapy could improve symptoms of depression, burnout, and PTSD in US clinicians who developed these symptoms from frontline clinical work during the pandemic. DESIGN, SETTING, AND PARTICIPANTS: This double-blind randomized clinical trial enrolled participants from February to December 2022. Participants included physicians, APPs, and nurses who provided frontline care for more than 1 month during the pandemic and had no prepandemic mental health diagnoses but had moderate or severe symptoms of depression at enrollment. Participants were randomly assigned to either the psilocybin or niacin arm. Data analysis was conducted between December 2023 and May 2024 and was based on the intention-to-treat principle. INTERVENTION: One intervention episode consisted of 2 preparation visits, 1 medication session, and 3 integration visits. At the medication session, participants received psilocybin, 25 mg, or niacin, 100 mg, orally. MAIN OUTCOME AND MEASURES: The primary outcome was a change from baseline (preparation 1 session) to day 28 (after medication administration) in symptoms of depression as measured by the clinician-administered Montgomery-Asberg Depression Rating Scale (MADRS) used by blinded raters. The secondary outcomes were a change in symptoms of burnout (measured with the Stanford Professional Fulfillment Index [SPFI]) and symptoms of PTSD (measured with the Posttraumatic Stress Disorder Checklist for Diagnostic and Statistical Manual of Mental Disorders, Fifth Edition [PCL-5]). RESULTS: A total of 30 clinicians (15 females [50%]; mean [range] age, 38 [29-60] years) participated, of whom 15 were randomly assigned to receive psilocybin and 15 to receive niacin. The mean change in symptoms of depression (MADRS scores) from preparation 1 session to day 28 was -21.33 (7.84) in the psilocybin arm compared with -9.33 (7.32) in the niacin arm, with a mean difference between arms of -12.00 (95% CI, -17.67 to -6.33; P < .001), a decrease in MADRS scores indicating improvement. The mean change in SPFI scores from preparation 1 session to day 28 showed a numerically larger improvement in symptoms of burnout in the psilocybin compared with the niacin arm (-6.40 [5.00] vs -2.33 [5.97]; P = .05) but was not statistically significant. Since the SPFI score change did not reach statistical significance, the PCL-5 score change was evaluated descriptively. The mean change in PCL-5 scores showed a numerically larger decrease in symptoms of PTSD from preparation 1 session to day 28 in the psilocybin vs the niacin arm (-16.67 [15.04] vs -6.73 [10.69]), but this difference was not statistically tested. CONCLUSIONS AND RELEVANCE: This randomized clinical trial found that psilocybin therapy resulted in a significant, sustained reduction in symptoms of depression experienced by clinicians after frontline work during the COVID-19 pandemic. The findings establish psilocybin therapy as a new paradigm of treatment for this postpandemic condition. TRIAL REGISTRATION: ClinicalTrials.gov Identifier: NCT05163496.",2024,Dec,JAMA Netw Open,7,12,e2449026,ClinicalTrials.gov/NCT05163496,10.1001/jamanetworkopen.2024.49026,39636638,#28284,Back 2024,"",Possible RCT
"Large-scale brain connectivity changes following the administration of lysergic acid diethylamide, d-amphetamine, and 3,4-methylenedioxyamphetamine.",Avram M; Fortea L; Wollner L; Coenen R; Korda A; Rogg H; Holze F; Vizeli P; Ley L; Radua J; Müller F; Liechti ME; Borgwardt S,"Psychedelics have recently attracted significant attention for their potential to mitigate symptoms associated with various psychiatric disorders. However, the precise neurobiological mechanisms responsible for these effects remain incompletely understood. A valuable approach to gaining insights into the specific mechanisms of action involves comparing psychedelics with substances that have partially overlapping neurophysiological effects, i.e., modulating the same neurotransmitter systems. Imaging data were obtained from the clinical trial NCT03019822, which explored the acute effects of lysergic acid diethylamide (LSD), d-amphetamine, and 3,4-methylenedioxymethamphetamine (MDMA) in 28 healthy volunteers. The clinical trial employed a double-blind, placebo-controlled, crossover design. Herein, various resting-state connectivity measures were examined, including within-network connectivity (integrity), between-network connectivity (segregation), seed-based connectivity of resting-state networks, and global connectivity. Differences between placebo and the active conditions were assessed using repeated-measures ANOVA, followed by post-hoc pairwise t-tests. Changes in voxel-wise seed-based connectivity were correlated with serotonin 2 A receptor density maps. Compared to placebo, all substances reduced integrity in several networks, indicating both common and unique effects. While LSD uniquely reduced integrity in the default-mode network (DMN), the amphetamines, in contrast to our expectations, reduced integrity in more networks than LSD. However, LSD exhibited more pronounced segregation effects, characterized solely by decreases, in contrast to the amphetamines, which also induced increases. Across all substances, seed-based connectivity mostly increased between networks, with LSD demonstrating more pronounced effects than both amphetamines. Finally, while all substances decreased global connectivity in visual areas, compared to placebo, LSD specifically increased global connectivity in the basal ganglia and thalamus. These findings advance our understanding of the distinctive neurobiological effects of psychedelics, prompting further exploration of their therapeutic potential.",2025,Apr,Mol Psychiatry,30,4,1297-1307,,10.1038/s41380-024-02734-y,39261671,#28300,Avram 2025,"",Possible RCT; Secondary analysis
"Effects of the Psychedelic Amphetamine MDA (3,4-Methylenedioxyamphetamine) in Healthy Volunteers.",Baggott MJ; Garrison KJ; Coyle JR; Galloway GP; Barnes AJ; Huestis MA; Mendelson JE,"Entactogens such as 3,4-Methylenedioxymethamphetamine (MDMA, ""molly"", ""ecstasy"") appear to have unusual, potentially therapeutic, emotional effects. Understanding their mechanisms can benefit from clinical experiments with related drugs. Yet the first known drug with such properties, 3,4-Methylenedioxyamphetamine (MDA), remains poorly studied and its pharmacokinetics in humans are unknown. We conducted a within-subjects, double-blind, placebo-controlled study of 1.4 mg/kg oral racemic MDA and compared results to those from our prior similar studies with 1.5 mg/kg oral racemic MDMA. MDA was well-tolerated by participants. MDA induced robust increases in heart rate and blood pressure and increased cortisol and prolactin to a similar degree as MDMA. MDA self-report effects shared features with MDMA as well as with classical psychedelics. MDA self-report effects lasted longer than those of MDMA, with MDA effects remaining elevated at 8 h while MDMA effects resolved by 6 h. Cmax and AUC(0-∞) for MDA were 229 ± 39 (mean ± SD) and 3636 ± 958 µg/L for MDA and 92 ± 61 and 1544 ± 741 µg/L for the metabolite 4-hydroxy-3-methoxyamphetamine (HMA). There was considerable between-subject variation in MDA/HMA ratios. The similarity of MDA and MDMA pharmacokinetics suggests that the greater duration of MDA effects is due to pharmacodynamics rather than pharmacokinetics.",2019,Apr-Jun,J Psychoactive Drugs,51,2,108-117,,10.1080/02791072.2019.1593560,30967099,#28308,Baggott 2019,"",Possible RCT
"Population pharmacokinetic-pharmacodynamic modeling of co-administered N,N-dimethyltryptamine and harmine in healthy subjects.",Äbelö A; Smallridge JW; von Rotz R; Dornbierer DA; Egger K; Ashton M; Scheidegger M,"N,N-dimethyltryptamine (DMT) is a psychedelic compound commonly co-administered with the monoamine oxidase inhibitor harmine in ayahuasca-inspired formulations. However, the impact of harmine on DMT pharmacokinetics (PK) and pharmacodynamics (PD) remains insufficiently characterized. In this single-blind, randomized, two-arm, factorial, dose-finding study, 16 healthy participants (9 males, 7 females) received six combinations of buccal DMT (0-120 mg) and harmine (0-180 mg) via a microcarrier-based transmucosal delivery system. Plasma concentrations and subjective intensity ratings of psychedelic effects were collected and analyzed using nonlinear mixed-effects modeling in NONMEM. A one-compartment model with delayed absorption, incorporating three transit compartments, best described the PK of DMT. Allometric scaling based on body weight improved the model fit, revealing significant interindividual variability in clearance and bioavailability. Harmine markedly enhanced DMT bioavailability and prolonged its absorption, resulting in higher and more sustained plasma concentrations. The relationship between DMT plasma concentrations and subjective drug effect intensity was captured by a sigmoidal maximum effect model, which demonstrated considerable variability in individual sensitivity to psychedelic effects. Model-based simulations showed a clear dose-dependent increase in subjective intensity for both DMT and harmine, with a potentiating effect observed at higher DMT doses when combined with escalating harmine doses. These findings provide a comprehensive population PK/PD framework that elucidates how harmine influences DMT exposure and subjective effects. By quantifying key sources of variability, this work provides a proof-of-concept approach applied to a specific population and dosing regimen, which lays the foundation for more precise, personalized dosing strategies in psychedelic-assisted therapy.",2025,Aug,Biomed Pharmacother,189,,118329,,10.1016/j.biopha.2025.118329,40639043,#28312,Äbelö 2025,"",Possible RCT; Secondary analysis
Altered Insula Connectivity under MDMA.,Walpola IC; Nest T; Roseman L; Erritzoe D; Feilding A; Nutt DJ; Carhart-Harris RL,"Recent work with noninvasive human brain imaging has started to investigate the effects of 3,4-methylenedioxymethamphetamine (MDMA) on large-scale patterns of brain activity. MDMA, a potent monoamine-releaser with particularly pronounced serotonin- releasing properties, has unique subjective effects that include: marked positive mood, pleasant/unusual bodily sensations and pro-social, empathic feelings. However, the neurobiological basis for these effects is not properly understood, and the present analysis sought to address this knowledge gap. To do this, we administered MDMA-HCl (100 mg p.o.) and, separately, placebo (ascorbic acid) in a randomized, double-blind, repeated-measures design with twenty-five healthy volunteers undergoing fMRI scanning. We then employed a measure of global resting-state functional brain connectivity and follow-up seed-to-voxel analysis to the fMRI data we acquired. Results revealed decreased right insula/salience network functional connectivity under MDMA. Furthermore, these decreases in right insula/salience network connectivity correlated with baseline trait anxiety and acute experiences of altered bodily sensations under MDMA. The present findings highlight insular disintegration (ie, compromised salience network membership) as a neurobiological signature of the MDMA experience, and relate this brain effect to trait anxiety and acutely altered bodily sensations-both of which are known to be associated with insular functioning.",2017,Oct,Neuropsychopharmacology,42,11,2152-2162,,10.1038/npp.2017.35,28195139,#28318,Walpola 2017,"",Possible RCT; Secondary analysis
"Characterizing Thalamocortical (Dys)connectivity Following D-Amphetamine, LSD, and MDMA Administration.",Avram M; Müller F; Rogg H; Korda A; Andreou C; Holze F; Vizeli P; Ley L; Liechti ME; Borgwardt S,"BACKGROUND: Patients with psychotic disorders present alterations in thalamocortical intrinsic functional connectivity as measured by resting-state functional magnetic resonance imaging. Specifically, thalamic intrinsic functional connectivity is increased with sensorimotor cortices (hyperconnectivity) and decreased with prefrontal limbic cortices (hypoconnectivity). Psychedelics such as lysergic acid diethlyamide (LSD) elicit similar thalamocortical hyperconnectivity with sensorimotor areas in healthy volunteers. It is unclear whether LSD also induces thalamocortical hypoconnectivity with prefrontal limbic cortices, because current findings are equivocal. Thalamocortical hyperconnectivity was associated with psychotic symptoms in patients and substance-induced altered states of consciousness in healthy volunteers. Thalamocortical dysconnectivity is likely evoked by altered neurotransmission, e.g., via dopaminergic excess in psychotic disorders and serotonergic agonism in psychedelic-induced states. It is unclear whether thalamocortical dysconnectivity is also elicited by amphetamine-type substances, broadly releasing monoamines (i.e., dopamine, norepinephrine) but producing fewer perceptual effects than psychedelics. METHODS: We administrated LSD, d-amphetamine, and 3,4-methylenedioxymethamphetamine (MDMA) in 28 healthy volunteers and investigated their effects on thalamic intrinsic functional connectivity with 2 brain networks (auditory-sensorimotor and salience networks, corresponding to sensorimotor and prefrontal limbic cortices, respectively), using a double-blind, placebo-controlled, crossover design. RESULTS: All active substances elicited auditory-sensorimotor-thalamic hyperconnectivity compared with placebo, despite predominantly distinct pharmacological actions and subjective effects. LSD-induced effects correlated with subjective changes in perception, indicating a link between hyperconnectivity and psychedelic-type perceptual alterations. Unlike d-amphetamine and MDMA, which induced hypoconnectivity with the salience network, LSD elicited hyperconnectivity. D-amphetamine and MDMA evoked similar thalamocortical dysconnectivity patterns. CONCLUSIONS: Psychedelics, empathogens, and psychostimulants evoke thalamocortical hyperconnectivity with sensorimotor areas, akin to findings in patients with psychotic disorders.",2022,Sep,Biol Psychiatry Cogn Neurosci Neuroimaging,7,9,885-894,,10.1016/j.bpsc.2022.04.003,35500840,#28319,Avram 2022,"",Possible RCT
Effect of LSD and music on the time-varying brain dynamics.,Adamska I; Finc K,"RATIONALE: Psychedelics are getting closer to being widely used in clinical treatment. Music is known as a key element of psychedelic-assisted therapy due to its psychological effects, specifically on the emotion, meaning-making, and sensory processing. However, there is still a lack of understanding in how psychedelics influence brain activity in experimental settings involving music listening. OBJECTIVES: The main goal of our research was to investigate the effect of music, as a part of ""setting,"" on the brain states dynamics after lysergic acid diethylamide (LSD) intake. METHODS: We used an open dataset, where a group of 15 participants underwent two functional MRI scanning sessions under LSD and placebo influence. Every scanning session contained three runs: two resting-state runs separated by one run with music listening. We applied K-Means clustering to identify the repetitive patterns of brain activity, so-called brain states. For further analysis, we calculated states' dwell time, fractional occupancy and transition probability. RESULTS: The interaction effect of music and psychedelics led to change in the time-varying brain activity of the task-positive state. LSD, regardless of the music, affected the dynamics of the state of combined activity of DMN, SOM, and VIS networks. Crucially, we observed that the music itself could potentially have a long-term influence on the resting-state, in particular on states involving task-positive networks. CONCLUSIONS: This study indicates that music, as a crucial element of ""setting,"" can potentially have an influence on the subject's resting-state during psychedelic experience. Further studies should replicate these results on a larger sample size.",2023,Jul,Psychopharmacology (Berl),240,7,1601-1614,,10.1007/s00213-023-06394-8,37291360,#28321,Adamska 2023,"",Possible RCT; Secondary analysis
"Effective Connectivity of Thalamocortical Interactions Following d-Amphetamine, LSD, and MDMA Administration.",Avram M; Müller F; Preller KH; Razi A; Rogg H; Korda A; Holze F; Vizeli P; Ley L; Liechti ME; Borgwardt S,"BACKGROUND: While the exploration of serotonergic psychedelics as psychiatric medicines deepens, so does the pressure to better understand how these compounds act on the brain. METHODS: We used a double-blind, placebo-controlled, crossover design and administered lysergic acid diethylamide (LSD), 3,4-methylenedioxymethamphetamine (MDMA), and d-amphetamine in 25 healthy participants. By using spectral dynamic causal modeling, we mapped substance-induced changes in effective connectivity between the thalamus and different cortex types (unimodal vs. transmodal) derived from a previous study with resting-state functional magnetic resonance imaging data. Due to the distinct pharmacological modes of action of the 3 substances, we were able to investigate specific effects mainly driven by different neurotransmitter systems on thalamocortical and corticothalamic interactions. RESULTS: Compared with placebo, all 3 substances increased the effective connectivity from the thalamus to specific unimodal cortices, whereas the influence of these cortices on the thalamus was reduced. These results indicate increased bottom-up and decreased top-down information flow between the thalamus and some unimodal cortices. However, for the amphetamines, we found the opposite effects when examining the effective connectivity with transmodal cortices, including parts of the salience network. Intriguingly, LSD increased the effective connectivity from the thalamus to both unimodal and transmodal cortices, indicating a breach in the hierarchical organization of ongoing brain activity. CONCLUSIONS: The results advance our knowledge about the action of psychedelics on the brain and refine current models aiming to explain the underlying neurobiological processes.",2024,May,Biol Psychiatry Cogn Neurosci Neuroimaging,9,5,522-532,,10.1016/j.bpsc.2023.07.010,37532129,#28338,Avram 2024,"",Possible RCT
Pharmacology of MDMA in humans.,de la Torre R; Farré M; Roset PN; Lopez CH; Mas M; Ortuño J; Menoyo E; Pizarro N; Segura J; Cami J,"MDMA given at recreational doses (range tested 50 to 150 mg) to healthy volunteers, produced mydriasis and marked increases in systolic and diastolic blood pressure, heart rate, and pupillary diameter. MDMA induced changes on oral temperature. The time course of this observation was biphasic, as a slight decrease at 1 h and a slight increase at 2 and 4 h were observed. MDMA induced a slight dose-dependent impairment on psychomotor performance. MDMA produced a marked rise in plasma cortisol and prolactin concentrations. The elimination half-life of MDMA was about 8-9 h. Drug concentrations increased, and a parallel increase in physiologic and hormonal measures was observed. Both peak concentrations and peak effects were obtained between 1 and 2 h and decreased to baseline values 4-6 h after drug administration.",2000,Sep,Ann N Y Acad Sci,914,,225-37,,10.1111/j.1749-6632.2000.tb05199.x,11085324,#28349,delaTorre 2000,"Parker Singleton (2026-06-18 01:29:10)(Select): Pooled analysis, but not sure if the original reports are clearly cited.; ",Possible RCT
LSD increases sleep duration the night after microdosing.,Allen N; Jeremiah A; Murphy R; Sumner R; Forsyth A; Hoeh N; Menkes DB; Evans W; Muthukumaraswamy S; Sundram F; Roop P,"Microdosing psychedelic drugs at a level below the threshold to induce hallucinations is an increasingly common lifestyle practice. However, the effects of microdosing on sleep have not been previously reported. Here, we report results from a Phase 1 randomized controlled trial in which 80 healthy adult male volunteers received a 6-week course of either LSD (10 µg) or placebo with doses self-administered every third day. Participants used a commercially available sleep/activity tracker for the duration of the trial. Data from 3231 nights of sleep showed that on the night after microdosing, participants in the LSD group slept an extra 24.3 min per night (95% Confidence Interval 10.3-38.3 min) compared to placebo-with no reductions of sleep observed on the dosing day itself. There were no changes in the proportion of time spent in various sleep stages or in participant physical activity. These results show a clear modification of the physiological sleep requirements in healthy male volunteers who microdose LSD. The clear, clinically significant changes in objective measurements of sleep observed are difficult to explain as a placebo effect. Trial registration: Australian New Zealand Clinical Trials Registry: A randomized, double-blind, placebo-controlled trial of repeated microdoses of lysergic acid diethylamide (LSD) in healthy volunteers; https://www.anzctr.org.au/Trial/Registration/TrialReview.aspx?id=381476 ; ACTRN12621000436875.",2024,Apr,Transl Psychiatry,14,1,191,,10.1038/s41398-024-02900-4,38622150,#28350,Allen 2024,"",Possible RCT
"Repeated low doses of LSD in healthy adults: A placebo-controlled, dose-response study.",de Wit H; Molla HM; Bershad A; Bremmer M; Lee R,"The resurgence of interest in using psychedelic drugs, including lysergic acid diethylamide (LSD), in psychiatry has drawn attention to the medically unsupervised practice of 'microdosing'. Thousands of users claim that very low doses of LSD, taken at 3-4-day intervals, improve mood and cognitive function., However, few controlled studies have described the effects of the drug when taken in this way. Here, in a double-blind controlled study, we studied the effects of four repeated doses of LSD tartrate (13 or 26 μg) or placebo, administered to healthy adults at 3-4 day intervals, on mood, cognitive performance and responses to emotional tasks. Participants were randomly assigned to one of three drug conditions: placebo (N = 18), 13 μg LSD (N = 19), or 26 μg LSD (N = 19). They attended four 5-hour drug-administration sessions separated by 3-4 days, followed by a drug-free follow-up session 3-4 days after the last session. LSD (26 μg) produced modest subjective effects including increased ratings of 'feeling a drug effect' and both stimulant-like and LSD-like effects, but the drug did not improve mood or affect performance on psychomotor or most emotional tasks. No residual effects were detected on mood or task performance on the drug-free follow-up session. We conclude that within the context of a controlled setting and a limited number of administrations, repeated low doses of LSD are safe, but produce negligible changes in mood or cognition in healthy volunteers.",2022,Mar,Addict Biol,27,2,e13143,,10.1111/adb.13143,35106880,#28354,deWit 2022,"",Possible RCT
The paradoxical psychological effects of lysergic acid diethylamide (LSD).,Carhart-Harris RL; Kaelen M; Bolstridge M; Williams TM; Williams LT; Underwood R; Feilding A; Nutt DJ,"BACKGROUND: Lysergic acid diethylamide (LSD) is a potent serotonergic hallucinogen or psychedelic that modulates consciousness in a marked and novel way. This study sought to examine the acute and mid-term psychological effects of LSD in a controlled study. METHOD: A total of 20 healthy volunteers participated in this within-subjects study. Participants received LSD (75 µg, intravenously) on one occasion and placebo (saline, intravenously) on another, in a balanced order, with at least 2 weeks separating sessions. Acute subjective effects were measured using the Altered States of Consciousness questionnaire and the Psychotomimetic States Inventory (PSI). A measure of optimism (the Revised Life Orientation Test), the Revised NEO Personality Inventory, and the Peter's Delusions Inventory were issued at baseline and 2 weeks after each session. RESULTS: LSD produced robust psychological effects; including heightened mood but also high scores on the PSI, an index of psychosis-like symptoms. Increased optimism and trait openness were observed 2 weeks after LSD (and not placebo) and there were no changes in delusional thinking. CONCLUSIONS: The present findings reinforce the view that psychedelics elicit psychosis-like symptoms acutely yet improve psychological wellbeing in the mid to long term. It is proposed that acute alterations in mood are secondary to a more fundamental modulation in the quality of cognition, and that increased cognitive flexibility subsequent to serotonin 2A receptor (5-HT2AR) stimulation promotes emotional lability during intoxication and leaves a residue of 'loosened cognition' in the mid to long term that is conducive to improved psychological wellbeing.",2016,May,Psychol Med,46,7,1379-90,,10.1017/S0033291715002901,26847689,#28358,Carhart-Harris 2016,"",Possible RCT
Patient perspectives and experiences with psilocybin treatment for treatment-resistant depression: a qualitative study.,Breeksema JJ; Niemeijer A; Krediet E; Karsten T; Kamphuis J; Vermetten E; van den Brink W; Schoevers R,"Psilocybin is the most researched classic psychedelic for Treatment-Resistant Depression (TRD). While optimizing set and setting are considered essential for efficacy and safety, patient perspectives on these aspects have rarely been investigated. To address this knowledge gap, the current paper explored the experiences of 11 TRD patients (8 women, 3 men) participating in a double-blind randomized clinical trial with a single session of oral (1, 10 or 25 mg) psilocybin treatment. After qualitative analysis, three major themes were identified: (1) challenges with trust-building and expectation management; (2) navigating the experience; and (3) the need for a more comprehensive treatment. Subthemes of the first theme include a general distrust in mental healthcare, trust in study therapists, limited time for preparation, and managing expectations. The second theme included the following subthemes: trusting to surrender, profound and overwhelming experiences, and music as a guide. The third theme addressed a desire for multiple psilocybin sessions, and challenges with sensemaking. Patients' perspectives provided important insights into potential optimization of psilocybin treatment of TRD, including individualized preparation, investment in trust-building, offering additional psilocybin sessions, providing access to sustained (psycho)therapy with trusted therapists, and personalizing treatment approaches, which may also enhance real-world adaption of these treatments.",2024,Feb,Sci Rep,14,1,2929,,10.1038/s41598-024-53188-9,38316896,#28360,Breeksema 2024,"",Possible RCT; qualitative study
"Absolute Oral Bioavailability and Bioequivalence of LSD Base and Tartrate in a Double-Blind, Placebo-Controlled, Crossover Study.",Arikci D; Holze F; Mueller L; Vizeli P; Rudin D; Luethi D; Hysek CM; Liechti ME,"Lysergic acid diethylamide (LSD) is currently being investigated as a potential treatment for psychiatric and neurological disorders. Different LSD formulations (base or tartrate, oral or intravenous) are being used. Unclear is whether LSD base and tartrate pharmacokinetics are equivalent. Additionally, LSD's absolute oral bioavailability is unknown. Therefore, we tested the bioequivalence of different oral LSD base and tartrate formulations and defined LSD's absolute oral bioavailability at a dose of ~80 μg freebase equivalent. We used a randomized, double-blind, placebo-controlled, five-period crossover design in 20 healthy participants to investigate an ethanolic drinking solution of LSD base, a watery drinking solution of LSD tartrate, a rapid dissolvable tablet of LSD base, an intravenous formulation of LSD tartrate, and corresponding placebos. We assessed pharmacokinetic parameters and acute subjective, autonomic, and adverse effects up to 24 hours. All oral formulations were bioequivalent, with the ethanolic base solution as a reference. The area under the concentration-time curve from zero to infinity and maximum plasma concentration were within a 90% confidence interval of 80-125%. The absolute bioavailability of oral LSD was 80% and similar for all tested formulations. Overall, the oral formulations showed comparable pharmacokinetic and pharmacodynamic parameters. Intravenous LSD administration produced higher ""any drug effect,"" ""good drug effect,"" and ""ego dissolution"" compared with oral LSD tartrate, more ""anxiety"" compared with all oral formulations, and more ""nausea"" and ""bad drug effect"" compared with oral LSD base and tartrate. In conclusion, dosing with LSD base and tartrate can be considered bioequivalent with high and similar oral bioavailability.",2025,Sep,Clin Pharmacol Ther,118,3,735-743,,10.1002/cpt.3726,40418105,#28373,Arikci 2025,"",Possible RCT
Double-blind comparison of the two hallucinogens psilocybin and dextromethorphan: effects on cognition.,Barrett FS; Carbonaro TM; Hurwitz E; Johnson MW; Griffiths RR,"OBJECTIVES: Classic psychedelics (serotonin 2A receptor agonists) and dissociative hallucinogens (NMDA receptor antagonists), though differing in pharmacology, may share neuropsychological effects. These drugs, however, have undergone limited direct comparison. This report presents data from a double-blind, placebo-controlled within-subjects study comparing the neuropsychological effects of multiple doses of the classic psychedelic psilocybin with the effects of a single high dose of the dissociative hallucinogen dextromethorphan (DXM). METHODS: Twenty hallucinogen users (11 females) completed neurocognitive assessments during five blinded drug administration sessions (10, 20, and 30 mg/70 kg psilocybin; 400 mg/70 kg DXM; and placebo) in which participants and study staff were informed that a large range of possible drug conditions may have been administered. RESULTS: Global cognitive impairment, assessed using the Mini-Mental State Examination during peak drug effects, was not observed with psilocybin or DXM. Orderly and dose-dependent effects of psilocybin were observed on psychomotor performance, working memory, episodic memory, associative learning, and visual perception. Effects of DXM on psychomotor performance, visual perception, and associative learning were in the range of effects of a moderate to high dose (20 to 30 mg/70 kg) of psilocybin. CONCLUSIONS: This was the first study of the dose effects of psilocybin on a large battery of neurocognitive assessments. Evidence of delirium or global cognitive impairment was not observed with either psilocybin or DXM. Psilocybin had greater effects than DXM on working memory. DXM had greater effects than all psilocybin doses on balance, episodic memory, response inhibition, and executive control.",2018,Oct,Psychopharmacology (Berl),235,10,2915-2927,,10.1007/s00213-018-4981-x,30062577,#28377,Barrett 2018,"",Possible RCT
"Acute Effects and Pharmacokinetics of LSD after Paroxetine or Placebo Pre-Administration in a Randomized, Double-Blind, Cross-Over Phase I Trial.",Becker AM; Humbert-Droz M; Mueller L; Jelušić A; Tolev A; Straumann I; Avedisian I; Erne L; Thomann J; Luethi D; Grünblatt E; Meyer Zu Schwabedissen H; Liechti ME,"Psychedelics, such as psilocybin and lysergic acid diethylamide (LSD), are being investigated for the treatment of depressive and anxiety disorders, for which concomitant treatment with selective serotonin reuptake inhibitors (SSRIs) is prevalent. The present study investigated the acute response to single doses of LSD (100 μg) after daily administration of paroxetine (10 mg for 7 days, followed by 20 mg for 35 days) or placebo (42 days) using a randomized, double-blind, cross-over design in 23 healthy participants. Paroxetine did not alter pleasant subjective effects of LSD but significantly reduced ""bad drug effect,"" ""anxiety,"" and ""nausea."" No differences in autonomic effects or QTc interval after LSD administration were found between both conditions. The strong cytochrome P450 2D6 (CYP2D6) inhibitor paroxetine led to higher maximal concentrations and total exposures of LSD (geometric mean ratios of 1.4 and 1.5, respectively) indicating relevant involvement of CYP2D6 in its metabolism. The extent of this inhibition was nominally highest in genetic CYP2D6 normal metabolizers and lowest in poor metabolizers. The present findings suggest that add-on treatment with LSD to an SSRI is well-tolerated. The pharmacokinetic and pharmacodynamic interactions indicate that no dose adjustment of LSD seems necessary in the presence of an SSRI that inhibits CYP2D6. For SSRIs that do not relevantly inhibit CYP2D6, a dose increase of LSD might be appropriate, but due to lacking data and potential other pharmacokinetic interactions with these compounds, no definitive dose recommendation can be made.",2025,Jun,Clin Pharmacol Ther,117,6,1784-1792,,10.1002/cpt.3618,40022427,#28383,Becker 2025,"",Possible RCT
LSD-induced changes in the functional connectivity of distinct thalamic nuclei.,Delli Pizzi S; Chiacchiaretta P; Sestieri C; Ferretti A; Tullo MG; Della Penna S; Martinotti G; Onofrj M; Roseman L; Timmermann C; Nutt DJ; Carhart-Harris RL; Sensi SL,"The role of the thalamus in mediating the effects of lysergic acid diethylamide (LSD) was recently proposed in a model of communication and corroborated by imaging studies. However, a detailed analysis of LSD effects on nuclei-resolved thalamocortical connectivity is still missing. Here, in a group of healthy volunteers, we evaluated whether LSD intake alters the thalamocortical coupling in a nucleus-specific manner. Structural and resting-state functional Magnetic Resonance Imaging (MRI) data were acquired in a placebo-controlled study on subjects exposed to acute LSD administration. Structural MRI was used to parcel the thalamus into its constituent nuclei based on individual anatomy. Nucleus-specific changes of resting-state functional MRI (rs-fMRI) connectivity were mapped using a seed-based approach. LSD intake selectively increased the thalamocortical functional connectivity (FC) of the ventral complex, pulvinar, and non-specific nuclei. Functional coupling was increased between these nuclei and sensory cortices that include the somatosensory and auditory networks. The ventral and pulvinar nuclei also exhibited increased FC with parts of the associative cortex that are dense in serotonin type 2A receptors. These areas are hyperactive and hyper-connected upon LSD intake. At subcortical levels, LSD increased the functional coupling among the thalamus's ventral, pulvinar, and non-specific nuclei, but decreased the striatal-thalamic connectivity. These findings unravel some LSD effects on the modulation of subcortical-cortical circuits and associated behavioral outputs.",2023,Dec,Neuroimage,283,,120414,,10.1016/j.neuroimage.2023.120414,37858906,#28384,DelliPizzi 2023,"",Possible RCT
Non-linear pharmacokinetics of MDMA ('ecstasy') in humans.,de la Torre R; Farré M; Ortuño J; Mas M; Brenneisen R; Roset PN; Segura J; Camí J,"AIMS: 3,4-Methylenedioxymethamphetamine (MDMA, commonly called ecstasy) is a synthetic compound increasingly popular as a recreational drug. Little is known about its pharmacology, including its metabolism and pharmacokinetics, in humans in controlled settings. A clinical trial was designed for the evaluation of MDMA pharmacological effects and pharmacokinetics in healthy volunteers. METHODS: A total of 14 subjects were included. In the pilot phase six received MDMA at 50 (n=2), 100 (n=2), and 150 mg (n=2). In the second phase eight received MDMA at both 75 and 125 mg (n=8). Subjects were phenotyped for CYP2D6 activity and were classified as extensive metabolizers for substrates, such as MDMA, whose hepatic metabolism is regulated by this enzyme. Plasma and urine samples were collected throughout the study for the evaluation of MDMA pharmacokinetics. Body fluids were analysed for the determination of MDMA and its main metabolites 3,4-methylenedioxyamphetamine (MDA), 4-hydroxy-3-methoxy-methamphetamine (HMMA) and 4-hydroxy-3-methoxy-amphetamine (HMA). RESULTS: As the dose of MDMA administered was increased, volunteers showed rises in MDMA concentrations that did not follow the same proportionality which could be indicative of nonlinearity. In the full range of doses tested the constant recovery of HMMA in the urine combined with the increasing MDMA recovery seems to point towards a saturation or an inhibition of MDMA metabolism (the demethylenation step). These observations are further supported by the fact that urinary clearance was rather constant while nonrenal clearance was dose dependent. CONCLUSIONS: It has previously been postulated that individuals genetically deficient for the hepatic enzyme CYP2D6 (about 10% of the Caucasian people) were at risk of developing acute toxicity at moderate doses of MDMA because the drug would accumulate in the body instead of being metabolized and inactivated. The lack of linearity of MDMA pharmacokinetics (in a window of doses compatible with its recreational use) is a more general phenomenon as it concerns the whole population independent of their CYP2D6 genotype. It implies that relatively small increases in the dose of MDMA ingested are translated to disproportionate rises in MDMA plasma concentrations and hence subjects are more prone to develop acute toxicity.",2000,Feb,Br J Clin Pharmacol,49,2,104-9,,10.1046/j.1365-2125.2000.00121.x,10671903,#28403,delaTorre 2000,"",Possible RCT
"Human pharmacology of 3,4-methylenedioxymethamphetamine (""ecstasy""): psychomotor performance and subjective effects.",Cami J; Farré M; Mas M; Roset PN; Poudevida S; Mas A; San L; de la Torre R,"3,4-Methylenedioxymethamphetamine (MDMA, ""ecstasy"") is a recreational drug of increasing use among youth because of its apparent entactogenic properties, such as euphoria, friendliness, closeness, and empathy. However, experimental studies have shown MDMA to be neurotoxic. Data on pharmacologic actions of MDMA in humans are limited. The authors conducted a randomized, double-blind, crossover, controlled trial to assess psychomotor performance and subjective effects in eight healthy male volunteers. MDMA was given in the same range of doses used for recreational purposes (75 and 125 mg). Amphetamine (40 mg) and placebo were used as reference compounds. For the digit-symbol substitution test (DSST), MDMA-125 produced a mild decrease in responses, and amphetamine produced a mild improvement. For the Maddox wing device, MDMA-125 induced esophoria compared with the other drug conditions. MDMA-125 and MDMA-75 produced increases in feelings of euphoria and well-being, as noted by increases in scores on the Addiction Research Center Inventory (ARCI) MBG and A scales, as well as scores of ""stimulated,"" ""good effects,"" ""liking,"" and ""high"" on the visual analog scales. Amphetamine administration induced similar effects. At the same time, MDMA-125 enhanced sedation- and dysphoria-related effects (ARCI-PCAG and LSD, ""confusion,"" ""drunken,"" and Profile of Mood States Confusion scale). Mild changes in some body perception-related feelings were also reported after MDMA use, but hallucinations or psychoses were not present. In summary, the short-term administration of MDMA produced marked euphoria, a slight impairment in the performance of psychomotor tasks, and mild changes in body perceptions without hallucinations. These data support the abuse liability of MDMA.",2000,Aug,J Clin Psychopharmacol,20,4,455-66,,10.1097/00004714-200008000-00010,10917407,#28416,Cami 2000,"",Possible RCT
Naturalistic psychedelic therapy: The role of relaxation and subjective drug effects in antidepressant response.,Calder AE; Rausch B; Liechti ME; Holze F; Hasler G,"BACKGROUND: Psychedelic-assisted therapy (PAT) is permitted in Switzerland under its limited medical use program. Data from patients in this program represent a unique opportunity to analyze the real-world practice of PAT. AIMS: This study compared the subjective effects of lysergic acid diethylamide (LSD) and psilocybin between patients undergoing PAT and healthy volunteers. For the patients, it also investigated the relationship between antidepressant effects and six measures of acute drug effects. METHODS: We compared data on acute psychedelic drug effects between 28 PAT patients with data from 28 healthy participants who participated in a randomized, double-blind crossover trial. All participants received varying doses of psilocybin and LSD. Subjective effects were assessed on an hourly basis during the acute drug effects, and the Mystical Experience Questionnaire (MEQ) was completed retrospectively. For patients, depressive symptoms were assessed using the Montgomery-Åsberg Depression Rating Scale (MADRS). RESULTS: Ratings of overall drug effect and mystical experience were similar across groups. Compared with healthy controls, patients reported lower ratings of ego dissolution. Patients showed a significant decrease in MADRS scores, and the greatest predictor of antidepressant outcome was relaxation during the PAT session. We did not observe a relationship between mystical-type experiences and antidepressant effects. Most patients experienced mild adverse effects which resolved within 48 h. CONCLUSION: PAT reduced depressive symptoms in this heterogeneous patient group. Patients may experience more challenging psychedelic effects and reduced ego dissolution. Hourly assessment of drug effects may predict clinical outcomes better than retrospectively assessed mystical experiences, and the impact of relaxation during PAT should be investigated further.",2024,Oct,J Psychopharmacol,38,10,873-886,,10.1177/02698811241278873,39302087,#28421,Calder 2024,"",Possible RCT
Altered network hub connectivity after acute LSD administration.,Müller F; Dolder PC; Schmidt A; Liechti ME; Borgwardt S,"LSD is an ambiguous substance, said to mimic psychosis and to improve mental health in people suffering from anxiety and depression. Little is known about the neuronal correlates of altered states of consciousness induced by this substance. Limited previous studies indicated profound changes in functional connectivity of resting state networks after the administration of LSD. The current investigation attempts to replicate and extend those findings in an independent sample. In a double-blind, randomized, cross-over study, 100 μg LSD and placebo were orally administered to 20 healthy participants. Resting state brain activity was assessed by functional magnetic resonance imaging. Within-network and between-network connectivity measures of ten established resting state networks were compared between drug conditions. Complementary analysis were conducted using resting state networks as sources in seed-to-voxel analyses. Acute LSD administration significantly decreased functional connectivity within visual, sensorimotor and auditory networks and the default mode network. While between-network connectivity was widely increased and all investigated networks were affected to some extent, seed-to-voxel analyses consistently indicated increased connectivity between networks and subcortical (thalamus, striatum) and cortical (precuneus, anterior cingulate cortex) hub structures. These latter observations are consistent with findings on the importance of hubs in psychopathological states, especially in psychosis, and could underlay therapeutic effects of hallucinogens as proposed by a recent model.",2018,,Neuroimage Clin,18,,694-701,,10.1016/j.nicl.2018.03.005,29560311,#28435,Müller 2018,"",Possible RCT
Double-blind comparison of the two hallucinogens psilocybin and dextromethorphan: similarities and differences in subjective experiences.,Carbonaro TM; Johnson MW; Hurwitz E; Griffiths RR,"RATIONALE: Although psilocybin and dextromethorphan (DXM) are hallucinogens, they have different receptor mechanisms of action and have not been directly compared. OBJECTIVE: This study compared subjective, behavioral, and physiological effects of psilocybin and dextromethorphan under conditions that minimized expectancy effects. METHODS: Single, acute oral doses of psilocybin (10, 20, 30 mg/70 kg), DXM (400 mg/70 kg), and placebo were administered under double-blind conditions to 20 healthy participants with histories of hallucinogen use. Instructions to participants and staff minimized expectancy effects. Various subjective, behavioral, and physiological effects were assessed after drug administration. RESULTS: High doses of both drugs produced similar increases in participant ratings of peak overall drug effect strength, with similar times to maximal effect and time-course. Psilocybin produced orderly dose-related increases on most participant-rated subjective measures previously shown sensitive to hallucinogens. DXM produced increases on most of these same measures. However, the high dose of psilocybin produced significantly greater and more diverse visual effects than DXM including greater movement and more frequent, brighter, distinctive, and complex (including textured and kaleidoscopic) images and visions. Compared to DXM, psilocybin also produced significantly greater mystical-type and psychologically insightful experiences and greater absorption in music. In contrast, DXM produced larger effects than psilocybin on measures of disembodiment, nausea/emesis, and light-headedness. Both drugs increased systolic blood pressure, heart rate, and pupil dilation and decreased psychomotor performance and balance. CONCLUSIONS: Psilocybin and DXM produced similar profiles of subjective experiences, with psilocybin producing relatively greater visual, mystical-type, insightful, and musical experiences, and DXM producing greater disembodiment.",2018,Feb,Psychopharmacology (Berl),235,2,521-534,,10.1007/s00213-017-4769-4,29116367,#28442,Carbonaro 2018,"",Possible RCT
"3,4-Methylenedioxymethamphetamine (ecstasy) and alcohol interactions in humans: psychomotor performance, subjective effects, and pharmacokinetics.",Hernández-López C; Farré M; Roset PN; Menoyo E; Pizarro N; Ortuño J; Torrens M; Camí J; de La Torre R,"3,4-Methylenedioxymethamphetamine (MDMA) is frequently consumed in association with alcohol. The effect of this combination in humans has not been previously investigated. Nine male healthy volunteers received single oral doses of 100 mg of MDMA plus 0.8 g/kg ethanol, 100 mg of MDMA, 0.8 g/kg of ethanol, and placebo in a double blind, double dummy, randomized crossover trial. Measurements included psychomotor performance, subjective effects, and pharmacokinetics. Plasma concentrations of MDMA showed a 13% increase after the use of alcohol, whereas plasma concentrations of alcohol showed a 9 to 15% decrease after MDMA administration. The MDMA-alcohol combination induced longer lasting euphoria and well being than MDMA or alcohol alone. MDMA reversed the subjective sedation induced by alcohol but did not reduce drunkenness feelings. MDMA did not reverse the actions of alcohol on psychomotor abilities. Combined use of MDMA and alcohol causes dissociation between subjective and objective sedation. Subjects may feel euphoric and less sedated and might have the feeling of doing better, but actual performance ability continues to be impaired by the effect of alcohol. Confirmation of these findings in further studies will be highly relevant in terms of road safety.",2002,Jan,J Pharmacol Exp Ther,300,1,236-44,,10.1124/jpet.300.1.236,11752122,#28443,Hernández-López 2002,"",Possible RCT
"Ketanserin Reverses the Acute Response to LSD in a Randomized, Double-Blind, Placebo-Controlled, Crossover Study in Healthy Participants.",Becker AM; Klaiber A; Holze F; Istampoulouoglou I; Duthaler U; Varghese N; Eckert A; Liechti ME,"BACKGROUND: Lysergic acid diethylamide (LSD) is currently being investigated in psychedelic-assisted therapy. LSD has a long duration of acute action of 8-11 hours. It produces its acute psychedelic effects via stimulation of the serotonin 5-hydroxytryptamine-2A (HT2A) receptor. Administration of the 5-HT2A antagonist ketanserin before LSD almost fully blocks the acute subjective response to LSD. However, unclear is whether ketanserin can also reverse the effects of LSD when administered after LSD. METHODS: We used a double-blind, randomized, placebo-controlled, crossover design in 24 healthy participants who underwent two 14-hour sessions and received ketanserin (40 mg p.o.) or placebo 1 hour after LSD (100 µg p.o.). Outcome measures included subjective effects, autonomic effects, acute adverse effects, plasma brain-derived neurotrophic factor levels, and pharmacokinetics up to 12 hours. RESULTS: Ketanserin reversed the acute response to LSD, thereby significantly reducing the duration of subjective effects from 8.5 hours with placebo to 3.5 hours. Ketanserin also reversed LSD-induced alterations of mind, including visual and acoustic alterations and ego dissolution. Ketanserin reduced adverse cardiovascular effects and mydriasis that were associated with LSD but had no effects on elevations of brain-derived neurotrophic factor levels. Ketanserin did not alter the pharmacokinetics of LSD. CONCLUSIONS: These findings are consistent with an interaction between ketanserin and LSD and the view that LSD produces its psychedelic effects only when occupying 5-HT2A receptors. Ketanserin can effectively be used as a planned or rescue option to shorten and attenuate the LSD experience in humans in research and LSD-assisted therapy. TRIAL REGISTRY: ClinicalTrials.gov (NCT04558294).",2023,Feb,Int J Neuropsychopharmacol,26,2,97-106,ClinicalTrials.gov/NCT04558294,10.1093/ijnp/pyac075,36342343,#28444,Becker 2023,"",Possible RCT
"Acute effects of MDMA on trust, cooperative behaviour and empathy: A double-blind, placebo-controlled experiment.",Borissova A; Ferguson B; Wall MB; Morgan CJ; Carhart-Harris RL; Bolstridge M; Bloomfield MA; Williams TM; Feilding A; Murphy K; Tyacke RJ; Erritzoe D; Stewart L; Wolff K; Nutt D; Curran HV; Lawn W,"BACKGROUND: 3,4-Methylenedioxymethamphetamine (MDMA) is being actively researched as an adjunct to psychotherapy. It may be beneficial to trust, empathy and cooperative behaviour due to its acute prosocial effects. AIM: To test (a) the acute effects of MDMA on measures of empathy, trust and cooperative behaviour, and (b) subacute changes in mood three days after MDMA administration. METHODS: Twenty-five participants (n=7 female), participated in this double-blind, repeated-measures, placebo-controlled experiment. Participants attended two acute sessions, one week apart. Each acute session was followed by a subacute session three days later. Participants received placebo (100 mg ascorbic acid) during one acute session, and MDMA (100 mg MDMA-HCl) at the other, with order counterbalanced. Participants completed the following tasks assessing prosocial behaviour: a trust investment task, a trustworthy face rating task, an empathic stories task, a public project game, a dictator game and an ultimatum game. Participants reported subjective effects. Blood was taken pre-drug, 2 and 4 hours post-drug, and tested for plasma MDMA levels. RESULTS: MDMA acutely increased self-reported 'closeness to others' and 'euphoria' and increased plasma concentrations of MDMA. MDMA did not significantly change task-based empathy, trust or cooperative behaviour. Using Bayesian analyses, we found evidence that MDMA and placebo did not differ in their effects on empathy and cooperative behaviour. MDMA did not significantly change subacute mood and this was supported by our Bayesian analyses. CONCLUSION: Despite augmentation in plasma MDMA levels and subjective drug effects, we found no increase in prosocial behaviour in a laboratory setting.",2021,May,J Psychopharmacol,35,5,547-555,,10.1177/0269881120926673,32538252,#28446,Borissova 2021,"",Possible RCT
Acute Subjective and Behavioral Effects of Microdoses of Lysergic Acid Diethylamide in Healthy Human Volunteers.,Bershad AK; Schepers ST; Bremmer MP; Lee R; de Wit H,"BACKGROUND: Numerous anecdotal reports suggest that repeated use of very low doses of lysergic acid diethylamide (LSD), known as microdosing, improves mood and cognitive function. These effects are consistent both with the known actions of LSD on serotonin receptors and with limited evidence that higher doses of LSD (100-200 μg) positively bias emotion processing. Yet, the effects of such subthreshold doses of LSD have not been tested in a controlled laboratory setting. As a first step, we examined the effects of single very low doses of LSD (0-26 μg) on mood and behavior in healthy volunteers under double-blind conditions. METHODS: Healthy young adults (N = 20) attended 4 laboratory sessions during which they received 0 (placebo), 6.5, 13, or 26 μg of LSD in randomized order at 1-week intervals. During expected peak drug effect, they completed mood questionnaires and behavioral tasks assessing emotion processing and cognition. Cardiovascular measures and body temperature were also assessed. RESULTS: LSD produced dose-related subjective effects across the 3 doses (6.5, 13, and 26 μg). At the highest dose, the drug also increased ratings of vigor and slightly decreased positivity ratings of images with positive emotional content. Other mood measures, cognition, and physiological measures were unaffected. CONCLUSIONS: Single microdoses of LSD produced orderly dose-related subjective effects in healthy volunteers. These findings indicate that a threshold dose of 13 μg of LSD might be used safely in an investigation of repeated administrations. It remains to be determined whether the drug improves mood or cognition in individuals with symptoms of depression.",2019,Nov,Biol Psychiatry,86,10,792-800,ClinicalTrials.gov/NCT03790358,10.1016/j.biopsych.2019.05.019,31331617,#28451,Bershad 2019,"",Possible RCT
Acute dose-dependent effects of lysergic acid diethylamide in a double-blind placebo-controlled study in healthy subjects.,Holze F; Vizeli P; Ley L; Müller F; Dolder P; Stocker M; Duthaler U; Varghese N; Eckert A; Borgwardt S; Liechti ME,"Growing interest has been seen in using lysergic acid diethylamide (LSD) in psychiatric research and therapy. However, no modern studies have evaluated subjective and autonomic effects of different and pharmaceutically well-defined doses of LSD. We used a double-blind, randomized, placebo-controlled, crossover design in 16 healthy subjects (eight women, eight men) who underwent six 25 h sessions and received placebo, LSD (25, 50, 100, and 200 µg), and 200 µg LSD 1 h after administration of the serotonin 5-hydroxytryptamine-2A (5-HT(2A)) receptor antagonist ketanserin (40 mg). Test days were separated by at least 10 days. Outcome measures included self-rating scales that evaluated subjective effects, autonomic effects, adverse effects, plasma brain-derived neurotrophic factor levels, and pharmacokinetics up to 24 h. The pharmacokinetic-subjective response relationship was evaluated. LSD showed dose-proportional pharmacokinetics and first-order elimination and dose-dependently induced subjective responses starting at the 25 µg dose. A ceiling effect was observed for good drug effects at 100 µg. The 200 µg dose of LSD induced greater ego dissolution than the 100 µg dose and induced significant anxiety. The average duration of subjective effects increased from 6.7 to 11 h with increasing doses of 25-200 µg. LSD moderately increased blood pressure and heart rate. Ketanserin effectively prevented the response to 200 µg LSD. The LSD dose-response curve showed a ceiling effect for subjective good effects, and ego dissolution and anxiety increased further at a dose above 100 µg. These results may assist with dose finding for future LSD research. The full psychedelic effects of LSD are primarily mediated by serotonin 5-HT(2A) receptor activation.",2021,Feb,Neuropsychopharmacology,46,3,537-544,,10.1038/s41386-020-00883-6,33059356,#28457,Holze 2021,"",Possible RCT
The effects of LSD-25 and dextroamphetamine on the use of defensive language.,Dahlberg CC; Jaffe J,"Verified that psychotomimetics attenuate verbal defense mechanisms. This was accomplished by reanalyzing the 5-minute monologues of 7 neurotic depressives who participated in a project (Mechaneck, Feldstein, Dahlberg, & Jaffe, 1968) that examined the effects of LSD and dextroamphetamine on timing aspects of speech. Dosages were subhallucinatory: 15-25 mg dextroamphetamine, 50-100 mg LSD, and a matching placebo. Volunteers received each drug (double-blind) seven or eight times on a random schedule over a 1 1/2-year period; there was a 3-week intertrial interval. The patient provided 5-minute monologues both before and after drug effects. The monologues were transcribed and scored for formal measures of defensive language. Results indicated that LSD caused individuals to make more personal statements and to use explanation and evaluations less often. Dextroamphetamine was found to decrease the use of nonpersonal references.",1979,Apr,J Clin Psychol,35,2,250-4,,10.1002/1097-4679(197904)35:2<250::aid-jclp2270350205>3.0.co;2-g,457881,#28461,Dahlberg 1979,"",Possible RCT
Intimate insight: MDMA changes how people talk about significant others.,Baggott MJ; Kirkpatrick MG; Bedi G; de Wit H,"RATIONALE: ±3,4-methylenedioxymethamphetamine (MDMA) is widely believed to increase sociability. The drug alters speech production and fluency, and may influence speech content. Here, we investigated the effect of MDMA on speech content, which may reveal how this drug affects social interactions. METHOD: Thirty-five healthy volunteers with prior MDMA experience completed this two-session, within-subjects, double-blind study during which they received 1.5 mg/kg oral MDMA and placebo. Participants completed a five-minute standardized talking task during which they discussed a close personal relationship (e.g. a friend or family member) with a research assistant. The conversations were analyzed for selected content categories (e.g. words pertaining to affect, social interaction, and cognition), using both a standard dictionary method (Pennebaker's Linguistic Inquiry and Word Count: LIWC) and a machine learning method using random forest classifiers. RESULTS: Both analytic methods revealed that MDMA altered speech content relative to placebo. Using LIWC scores, the drug increased use of social and sexual words, consistent with reports that MDMA increases willingness to disclose. Using the machine learning algorithm, we found that MDMA increased use of social words and words relating to both positive and negative emotions. CONCLUSIONS: These findings are consistent with reports that MDMA acutely alters speech content, specifically increasing emotional and social content during a brief semistructured dyadic interaction. Studying effects of psychoactive drugs on speech content may offer new insights into drug effects on mental states, and on emotional and psychosocial interaction.",2015,Jun,J Psychopharmacol,29,6,669-77,,10.1177/0269881115581962,25922420,#28514,Baggott 2015,"",Possible RCT
Implications for psychedelic-assisted psychotherapy: functional magnetic resonance imaging study with psilocybin.,Carhart-Harris RL; Leech R; Williams TM; Erritzoe D; Abbasi N; Bargiotas T; Hobden P; Sharp DJ; Evans J; Feilding A; Wise RG; Nutt DJ,"BACKGROUND: Psilocybin is a classic psychedelic drug that has a history of use in psychotherapy. One of the rationales for its use was that it aids emotional insight by lowering psychological defences. AIMS: To test the hypothesis that psilocybin facilitates access to personal memories and emotions by comparing subjective and neural responses to positive autobiographical memories under psilocybin and placebo. METHOD: Ten healthy participants received two functional magnetic resonance imaging scans (2 mg intravenous psilocybin v. intravenous saline), separated by approximately 7 days, during which they viewed two different sets of 15 positive autobiographical memory cues. Participants viewed each cue for 6 s and then closed their eyes for 16 s and imagined re-experiencing the event. Activations during this recollection period were compared with an equivalent period of eyes-closed rest. We split the recollection period into an early phase (first 8 s) and a late phase (last 8 s) for analysis. RESULTS: Robust activations to the memories were seen in limbic and striatal regions in the early phase and the medial prefrontal cortex in the late phase in both conditions (P<0.001, whole brain cluster correction), but there were additional visual and other sensory cortical activations in the late phase under psilocybin that were absent under placebo. Ratings of memory vividness and visual imagery were significantly higher after psilocybin (P<0.05) and there was a significant positive correlation between vividness and subjective well-being at follow-up (P<0.01). CONCLUSIONS: Evidence that psilocybin enhances autobiographical recollection implies that it may be useful in psychotherapy either as a tool to facilitate the recall of salient memories or to reverse negative cognitive biases.",2012,Mar,Br J Psychiatry,200,3,238-44,,10.1192/bjp.bp.111.103309,22282432,#28531,Carhart-Harris 2012,"",Possible RCT
"3,4-Methylenedioxymethamphetamine-assisted psychotherapy for treatment of chronic posttraumatic stress disorder: A randomized phase 2 controlled trial.",Ot'alora G M; Grigsby J; Poulter B; Van Derveer JW 3rd; Giron SG; Jerome L; Feduccia AA; Hamilton S; Yazar-Klosinski B; Emerson A; Mithoefer MC; Doblin R,"BACKGROUND: Posttraumatic stress disorder often does not resolve after conventional psychotherapies or pharmacotherapies. Pilot studies have reported that 3,4-methylenedioxymethamphetamine (MDMA) combined with psychotherapy reduces posttraumatic stress disorder symptoms. AIMS: This pilot dose response trial assessed efficacy and safety of MDMA-assisted psychotherapy across multiple therapy teams. METHODS: Twenty-eight people with chronic posttraumatic stress disorder were randomized in a double-blind dose response comparison of two active doses (100 and 125 mg) with a low dose (40 mg) of MDMA administered during eight-hour psychotherapy sessions. Change in the Clinician-Administered PTSD Scale total scores one month after two sessions of MDMA served as the primary outcome. Active dose groups had one additional open-label session; the low dose group crossed over for three open-label active dose sessions. A 12-month follow-up assessment occurred after the final MDMA session. RESULTS: In the intent-to-treat set, the active groups had the largest reduction in Clinician-Administered PTSD Scale total scores at the primary endpoint, with mean (standard deviation) changes of -26.3 (29.5) for 125 mg, -24.4 (24.2) for 100 mg, and -11.5 (21.2) for 40 mg, though statistical significance was reached only in the per protocol set ( p=0.03). Posttraumatic stress disorder symptoms remained lower than baseline at 12-month follow-up ( p<0.001) with 76% ( n=25) not meeting posttraumatic stress disorder criteria. There were no drug-related serious adverse events, and the treatment was well-tolerated. CONCLUSIONS: Our findings support previous investigations of MDMA-assisted psychotherapy as an innovative, efficacious treatment for posttraumatic stress disorder.",2018,Dec,J Psychopharmacol,32,12,1295-1307,,10.1177/0269881118806297,30371148,#28543,Ot'aloraG 2018,"",Possible RCT
"Effects of 3,4-methylenedioxymethamphetamine on socioemotional feelings, authenticity, and autobiographical disclosure in healthy volunteers in a controlled setting.",Baggott MJ; Coyle JR; Siegrist JD; Garrison KJ; Galloway GP; Mendelson JE,"The drug 3,4-methylenedioxymethamphetamine (MDMA, ""ecstasy"", ""molly"") is a widely used illicit drug and experimental adjunct to psychotherapy. MDMA has unusual, poorly understood socioemotional effects, including feelings of interpersonal closeness and sociability. To better understand these effects, we conducted a small (n=12) within-subjects double-blind placebo controlled study of the effects of 1.5 mg/kg oral MDMA on social emotions and autobiographical disclosure in a controlled setting. MDMA displayed both sedative- and stimulant-like effects, including increased self-report anxiety. At the same time, MDMA positively altered evaluation of the self (i.e. increasing feelings of authenticity) while decreasing concerns about negative evaluation by others (i.e. decreasing social anxiety). Consistent with these feelings, MDMA increased how comfortable participants felt describing emotional memories. Overall, MDMA produced a prosocial syndrome that seemed to facilitate emotional disclosure and that appears consistent with the suggestion that it represents a novel pharmacological class.",2016,Apr,J Psychopharmacol,30,4,378-87,,10.1177/0269881115626348,26880224,#28551,Baggott 2016,"",Possible RCT
Psilocybin links binocular rivalry switch rate to attention and subjective arousal levels in humans.,Carter OL; Hasler F; Pettigrew JD; Wallis GM; Liu GB; Vollenweider FX,"RATIONALE: Binocular rivalry occurs when different images are simultaneously presented to each eye. During continual viewing of this stimulus, the observer will experience repeated switches between visual awareness of the two images. Previous studies have suggested that a slow rate of perceptual switching may be associated with clinical and drug-induced psychosis. OBJECTIVES: The objective of the study was to explore the proposed relationship between binocular rivalry switch rate and subjective changes in psychological state associated with 5-HT2A receptor activation. MATERIALS AND METHODS: This study used psilocybin, the hallucinogen found naturally in Psilocybe mushrooms that had previously been found to induce psychosis-like symptoms via the 5-HT2A receptor. The effects of psilocybin (215 microg/kg) were considered alone and after pretreatment with the selective 5-HT2A antagonist ketanserin (50 mg) in ten healthy human subjects. RESULTS: Psilocybin significantly reduced the rate of binocular rivalry switching and increased the proportion of transitional/mixed percept experience. Pretreatment with ketanserin blocked the majority of psilocybin's ""positive"" psychosis-like hallucinogenic symptoms. However, ketanserin had no influence on either the psilocybin-induced slowing of binocular rivalry or the drug's ""negative-type symptoms"" associated with reduced arousal and vigilance. CONCLUSIONS: Together, these findings link changes in binocular rivalry switching rate to subjective levels of arousal and attention. In addition, it suggests that psilocybin's effect on binocular rivalry is unlikely to be mediated by the 5-HT2A receptor.",2007,Dec,Psychopharmacology (Berl),195,3,415-24,,10.1007/s00213-007-0930-9,17874073,#28564,Carter 2007,"",Possible RCT
Daytime Ayahuasca administration modulates REM and slow-wave sleep in healthy volunteers.,Barbanoj MJ; Riba J; Clos S; Giménez S; Grasa E; Romero S,"OBJECTIVES: Ayahuasca is a traditional South American psychoactive beverage and the central sacrament of Brazilian-based religious groups, with followers in Europe and the United States. The tea contains the psychedelic indole N,N-dimethyltryptamine (DMT) and beta-carboline alkaloids with monoamine oxidase-inhibiting properties that render DMT orally active. DMT interacts with serotonergic neurotransmission acting as a partial agonist at 5-HT(1A) and 5-HT(2A/2C) receptor sites. Given the role played by serotonin in the regulation of the sleep/wake cycle, we investigated the effects of daytime ayahuasca consumption in sleep parameters. MEASUREMENTS AND RESULTS: Subjective sleep quality, polysomnography (PSG), and spectral analysis were assessed in a group of 22 healthy male volunteers after the administration of a placebo, an ayahuasca dose equivalent to 1 mg DMT kg(-1) body weight, and 20 mg d-amphetamine, a proaminergic drug, as a positive control. Results show that ayahuasca did not induce any subjectively perceived deterioration of sleep quality or PSG-measured disruptions of sleep initiation or maintenance, in contrast with d-amphetamine, which delayed sleep initiation, disrupted sleep maintenance, induced a predominance of 'light' vs 'deep' sleep and significantly impaired subjective sleep quality. PSG analysis also showed that similarly to d-amphetamine, ayahuasca inhibits rapid eye movement (REM) sleep, decreasing its duration, both in absolute values and as a percentage of total sleep time, and shows a trend increase in its onset latency. Spectral analysis showed that d-amphetamine and ayahuasca increased power in the high frequency range, mainly during stage 2. Remarkably, whereas slow-wave sleep (SWS) power in the first night cycle, an indicator of sleep pressure, was decreased by d-amphetamine, ayahuasca enhanced power in this frequency band. CONCLUSIONS: Results show that daytime serotonergic psychedelic drug administration leads to measurable changes in PSG and sleep power spectrum and suggest an interaction between these drugs and brain circuits modulating REM and SWS.",2008,Feb,Psychopharmacology (Berl),196,2,315-26,,10.1007/s00213-007-0963-0,18030450,#28571,Barbanoj 2008,"",Possible RCT
Serotonergic psychedelics temporarily modify information transfer in humans.,Alonso JF; Romero S; Mañanas MÀ; Riba J,"BACKGROUND: Psychedelics induce intense modifications in the sensorium, the sense of ""self,"" and the experience of reality. Despite advances in our understanding of the molecular and cellular level mechanisms of these drugs, knowledge of their actions on global brain dynamics is still incomplete. Recent imaging studies have found changes in functional coupling between frontal and parietal brain structures, suggesting a modification in information flow between brain regions during acute effects. METHODS: Here we assessed the psychedelic-induced changes in directionality of information flow during the acute effects of a psychedelic in humans. We measured modifications in connectivity of brain oscillations using transfer entropy, a nonlinear measure of directed functional connectivity based on information theory. Ten healthy male volunteers with prior experience with psychedelics participated in 2 experimental sessions. They received a placebo or a dose of ayahuasca, a psychedelic preparation containing the serotonergic 5-HT2A agonist N,N-dimethyltryptamine. RESULTS: The analysis showed significant changes in the coupling of brain oscillations between anterior and posterior recording sites. Transfer entropy analysis showed that frontal sources decreased their influence over central, parietal, and occipital sites. Conversely, sources in posterior locations increased their influence over signals measured at anterior locations. Exploratory correlations found that anterior-to-posterior transfer entropy decreases were correlated with the intensity of subjective effects, while the imbalance between anterior-to-posterior and posterior-to-anterior transfer entropy correlated with the degree of incapacitation experienced. CONCLUSIONS: These results suggest that psychedelics induce a temporary disruption of neural hierarchies by reducing top-down control and increasing bottom-up information transfer in the human brain.",2015,Mar,Int J Neuropsychopharmacol,18,8,,,10.1093/ijnp/pyv039,25820842,#28574,Alonso 2015,"",Possible RCT
Subjective features of the psilocybin experience that may account for its self-administration by humans: a double-blind comparison of psilocybin and dextromethorphan.,Carbonaro TM; Johnson MW; Griffiths RR,"RATIONALE: Although both psilocybin and dextromethorphan (DXM) produce psychedelic-like subjective effects, rates of non-medical use of psilocybin are consistently greater than DXM. OBJECTIVE: New data are presented from a study of psilocybin and DXM relevant to understanding the features of psilocybin subjective effects that may account for its higher rates of non-medical use. METHODS: Single, acute oral doses of psilocybin (10, 20, 30 mg/70 kg), DXM (400 mg/70 kg), and placebo were administered under double-blind conditions to 20 healthy participants with histories of hallucinogen use. RESULTS: High doses of both drugs produced similar time courses and increases in participant ratings of peak overall drug effect strength. Nine subjective effect domains are proposed to be related to the reinforcing effects of psilocybin: liking, visual effects, positive mood, insight, positive social effects, increased awareness of beauty (both visual and music), awe/amazement, meaningfulness, and mystical experience. For most ratings, (1) psilocybin and DXM both produced effects significantly greater than placebo; (2) psilocybin showed dose-related increases; 3, DXM was never significantly higher than psilocybin; (4) the two highest psilocybin doses were significantly greater than DXM. These differences were consistent with two measures of desire to take the drug condition again. CONCLUSIONS: This analysis provides new information about domains of psilocybin subjective effects proposed to be related to its reinforcing effects (alternatively described as the ""motivation"" to use). Observed differences on these domains between psilocybin and DXM are consistent with the relative rates of non-medical use of psilocybin and DXM.",2020,Aug,Psychopharmacology (Berl),237,8,2293-2304,,10.1007/s00213-020-05533-9,32500212,#28584,Carbonaro 2020,"",Possible RCT
"Using psilocybin to investigate the relationship between attention, working memory, and the serotonin 1A and 2A receptors.",Carter OL; Burr DC; Pettigrew JD; Wallis GM; Hasler F; Vollenweider FX,"Increasing evidence suggests a link between attention, working memory, serotonin (5-HT), and prefrontal cortex activity. In an attempt to tease out the relationship between these elements, this study tested the effects of the hallucinogenic mixed 5-HT1A/2A receptor agonist psilocybin alone and after pretreatment with the 5-HT2A antagonist ketanserin. Eight healthy human volunteers were tested on a multiple-object tracking task and spatial working memory task under the four conditions: placebo, psilocybin (215 microg/kg), ketanserin (50 mg), and psilocybin and ketanserin. Psilocybin significantly reduced attentional tracking ability, but had no significant effect on spatial working memory, suggesting a functional dissociation between the two tasks. Pretreatment with ketanserin did not attenuate the effect of psilocybin on attentional performance, suggesting a primary involvement of the 5-HT1A receptor in the observed deficit. Based on physiological and pharmacological data, we speculate that this impaired attentional performance may reflect a reduced ability to suppress or ignore distracting stimuli rather than reduced attentional capacity. The clinical relevance of these results is also discussed.",2005,Oct,J Cogn Neurosci,17,10,1497-508,,10.1162/089892905774597191,16269092,#28612,Carter 2005,"",Possible RCT
Psilocybin disrupts sensory and higher order cognitive processing but not pre-attentive cognitive processing-study on P300 and mismatch negativity in healthy volunteers.,Bravermanová A; Viktorinová M; Tylš F; Novák T; Androvičová R; Korčák J; Horáček J; Balíková M; Griškova-Bulanova I; Danielová D; Vlček P; Mohr P; Brunovský M; Koudelka V; Páleníček T,"RATIONALE: Disruption of auditory event-related evoked potentials (ERPs) P300 and mismatch negativity (MMN), electrophysiological markers of attentive and pre-attentive cognitive processing, is repeatedly described in psychosis and schizophrenia. Similar findings were observed in a glutamatergic model of psychosis, but the role of serotonergic 5-HT(2A) receptors in information processing is less clear. OBJECTIVES: We studied ERPs in a serotonergic model of psychosis, induced by psilocybin, a psychedelic with 5-HT(2A/C) agonistic properties, in healthy volunteers. METHODS: Twenty subjects (10M/10F) were given 0.26 mg/kg of psilocybin orally in a placebo-controlled, double-blind, cross-over design. ERPs (P300, MMN) were registered during the peak of intoxication. Correlations between measured electrophysiological variables and psilocin serum levels and neuropsychological effects were also analyzed. RESULTS: Psilocybin induced robust psychedelic effects and psychotic-like symptoms, decreased P300 amplitude (p = 0.009) but did not affect the MMN. Psilocybin's disruptive effect on P300 correlated with the intensity of the psychedelic state, which was dependent on the psilocin serum levels. We also observed a decrease in N100 amplitude (p = 0.039) in the P300 paradigm and a negative correlation between P300 and MMN amplitude (p = 0.014). CONCLUSIONS: Even though pre-attentive cognition (MMN) was not affected, processing at the early perceptual level (N100) and in higher-order cognition (P300) was significantly disrupted by psilocybin. Our results have implications for the role of 5-HT(2A) receptors in altered information processing in psychosis and schizophrenia.",2018,Feb,Psychopharmacology (Berl),235,2,491-503,,10.1007/s00213-017-4807-2,29302713,#28630,Bravermanová 2018,"",Possible RCT
Serotonin 2A Receptor Signaling Underlies LSD-induced Alteration of the Neural Response to Dynamic Changes in Music.,Barrett FS; Preller KH; Herdener M; Janata P; Vollenweider FX,"Classic psychedelic drugs (serotonin 2A, or 5HT2A, receptor agonists) have notable effects on music listening. In the current report, blood oxygen level-dependent (BOLD) signal was collected during music listening in 25 healthy adults after administration of placebo, lysergic acid diethylamide (LSD), and LSD pretreated with the 5HT2A antagonist ketanserin, to investigate the role of 5HT2A receptor signaling in the neural response to the time-varying tonal structure of music. Tonality-tracking analysis of BOLD data revealed that 5HT2A receptor signaling alters the neural response to music in brain regions supporting basic and higher-level musical and auditory processing, and areas involved in memory, emotion, and self-referential processing. This suggests a critical role of 5HT2A receptor signaling in supporting the neural tracking of dynamic tonal structure in music, as well as in supporting the associated increases in emotionality, connectedness, and meaningfulness in response to music that are commonly observed after the administration of LSD and other psychedelics. Together, these findings inform the neuropsychopharmacology of music perception and cognition, meaningful music listening experiences, and altered perception of music during psychedelic experiences.",2018,Nov,Cereb Cortex,28,11,3939-3950,,10.1093/cercor/bhx257,29028939,#28631,Barrett 2018,"",Possible RCT
"Direct comparison of the acute subjective, emotional, autonomic, and endocrine effects of MDMA, methylphenidate, and modafinil in healthy subjects.",Dolder PC; Müller F; Schmid Y; Borgwardt SJ; Liechti ME,"RATIONALE: 3,4-Methylenedioxymethamphetamine (MDMA) is used recreationally and investigated as an adjunct to psychotherapy. Methylphenidate and modafinil are psychostimulants that are used to treat attention-deficit/hyperactivity disorder and narcolepsy, respectively, but they are also misused as cognitive enhancers. Little is known about differences in the acute effects of equally cardiostimulant doses of these stimulant-type substances compared directly within the same subjects. METHODS: We investigated the acute autonomic, subjective, endocrine, and emotional effects of single doses of MDMA (125 mg), methylphenidate (60 mg), modafinil (600 mg), and placebo in a double-blind, cross-over study in 24 healthy participants. Acute drug effects were tested using psychometric scales, the Facial Emotion Recognition Task (FERT), and the Sexual Arousal and Desire Inventory (SADI). RESULTS: All active drugs produced comparable hemodynamic and adverse effects. MDMA produced greater increases in pupil dilation, subjective good drug effects, drug liking, happiness, trust, well-being, and alterations in consciousness than methylphenidate or modafinil. Only MDMA reduced subjective anxiety and impaired fear recognition and led to misclassifications of emotions as happy on the FERT. On the SADI, only MDMA produced sexual arousal-like effects. Only MDMA produced marked increases in cortisol, prolactin, and oxytocin. In contrast to MDMA, methylphenidate increased subjective anxiety, and methylphenidate and modafinil increased misclassifications of emotions as angry on the FERT. Modafinil had no significant subjective drug effects but significant sympathomimetic and adverse effects. CONCLUSIONS: MDMA induced subjective, emotional, sexual, and endocrine effects that were clearly distinct from those of methylphenidate and modafinil at the doses used.",2018,Feb,Psychopharmacology (Berl),235,2,467-479,ClinicalTrials.gov/NCT01951508,10.1007/s00213-017-4650-5,28551715,#28636,Dolder 2018,"",Possible RCT
The effect of acutely administered MDMA on subjective and BOLD-fMRI responses to favourite and worst autobiographical memories.,Carhart-Harris RL; Wall MB; Erritzoe D; Kaelen M; Ferguson B; De Meer I; Tanner M; Bloomfield M; Williams TM; Bolstridge M; Stewart L; Morgan CJ; Newbould RD; Feilding A; Curran HV; Nutt DJ,"3,4-methylenedioxymethamphetamine (MDMA) is a potent monoamine-releaser that is widely used as a recreational drug. Preliminary work has supported the potential of MDMA in psychotherapy for post-traumatic stress disorder (PTSD). The neurobiological mechanisms underlying its putative efficacy are, however, poorly understood. Psychotherapy for PTSD usually requires that patients revisit traumatic memories, and it has been argued that this is easier to do under MDMA. Functional magnetic resonance imaging (fMRI) was used to investigate the effect of MDMA on recollection of favourite and worst autobiographical memories (AMs). Nineteen participants (five females) with previous experience with MDMA performed a blocked AM recollection (AMR) paradigm after ingestion of 100 mg of MDMA-HCl or ascorbic acid (placebo) in a double-blind, repeated-measures design. Memory cues describing participants' AMs were read by them in the scanner. Favourite memories were rated as significantly more vivid, emotionally intense and positive after MDMA than placebo and worst memories were rated as less negative. Functional MRI data from 17 participants showed robust activations to AMs in regions known to be involved in AMR. There was also a significant effect of memory valence: hippocampal regions showed preferential activations to favourite memories and executive regions to worst memories. MDMA augmented activations to favourite memories in the bilateral fusiform gyrus and somatosensory cortex and attenuated activations to worst memories in the left anterior temporal cortex. These findings are consistent with a positive emotional-bias likely mediated by MDMA's pro-monoaminergic pharmacology.",2014,Apr,Int J Neuropsychopharmacol,17,4,527-40,,10.1017/S1461145713001405,24345398,#28641,Carhart-Harris 2014,"",Possible RCT
Preliminary Report on the Effects of a Low Dose of LSD on Resting-State Amygdala Functional Connectivity.,Bershad AK; Preller KH; Lee R; Keedy S; Wren-Jarvis J; Bremmer MP; de Wit H,"BACKGROUND: The practice of ""microdosing,"" or the use of repeated, very low doses of lysergic acid diethylamide (LSD) to improve mood or cognition, has received considerable public attention, but empirical studies are lacking. Controlled studies are needed to investigate both the therapeutic potential and the neurobiological underpinnings of this pharmacologic treatment. METHODS: The present study was designed to examine the effects of a single low dose of LSD (13 μg) versus placebo on resting-state functional connectivity and cerebral blood flow in healthy young adults. Twenty men and women, 18 to 35 years old, participated in 2 functional magnetic resonance imaging scanning sessions in which they received placebo or LSD under double-blind conditions. During each session, the participants completed drug effect and mood questionnaires, and physiological measures were recorded. During expected peak drug effect, they underwent resting-state blood oxygen level-dependent and arterial spin labeling scans. Cerebral blood flow as well as amygdala and thalamic connectivity were analyzed. RESULTS: LSD increased amygdala seed-based connectivity with the right angular gyrus, right middle frontal gyrus, and the cerebellum, and decreased amygdala connectivity with the left and right postcentral gyrus and the superior temporal gyrus. This low dose of LSD had weak and variable effects on mood, but its effects on positive mood were positively correlated with the increase in amygdala-middle frontal gyrus connectivity strength. CONCLUSIONS: These preliminary findings show that a very low dose of LSD, which produces negligible subjective changes, alters brain connectivity in limbic circuits. Additional studies, especially with repeated dosing, will reveal whether these neural changes are related to the drug's purported antidepressant effect.",2020,Apr,Biol Psychiatry Cogn Neurosci Neuroimaging,5,4,461-467,ClinicalTrials.gov/NCT03790358,10.1016/j.bpsc.2019.12.007,32033922,#28697,Bershad 2020,"",Possible RCT
MDMA-assisted psychotherapy using low doses in a small sample of women with chronic posttraumatic stress disorder.,Bouso JC; Doblin R; Farré M; Alcázar MA; Gómez-Jarabo G,"The purpose of this study was to investigate the safety of different doses of MDMA-assisted psychotherapy administered in a psychotherapeutic setting to women with chronic PTSD secondary to a sexual assault, and also to obtain preliminary data regarding efficacy. Although this study was originally planned to include 29 subjects, political pressures led to the closing of the study before it could be finished, at which time only six subjects had been treated. Preliminary results from those six subjects are presented here. We found that low doses of MDMA (between 50 and 75 mg) were both psychologically and physiologically safe for all the subjects. Future studies in larger samples and using larger doses are needed in order to further clarify the safety and efficacy of MDMA in the clinical setting in subjects with PTSD.",2008,Sep,J Psychoactive Drugs,40,3,225-36,,10.1080/02791072.2008.10400637,19004414,#28717,Bouso 2008,"",Possible RCT
"A comparison of 2,3-dihydro-lysergic acid diethylamide with LSD-25.",Gorodetzky CW; Isbell H,,1964,Sep,Psychopharmacologia,6,3,229-33,,10.1007/BF00404013,5319153,#28728,Gorodetzky 1964,"",""
MDMA does not alter responses to the Trier Social Stress Test in humans.,Bershad AK; Miller MA; de Wit H,"RATIONALE: ±3,4-Methylenedioxymethamphetamine (MDMA, ""ecstasy"") is a stimulant-psychedelic drug with unique social effects. It may dampen reactivity to negative social stimuli such as social threat and rejection. Perhaps because of these effects, MDMA has shown promise as a treatment for post-traumatic stress disorder (PTSD). However, the effect of single doses of MDMA on responses to an acute psychosocial stressor has not been tested. OBJECTIVES: In this study, we sought to test the effects of MDMA on responses to stress in healthy adults using a public speaking task. We hypothesized that the drug would reduce responses to the stressful task. METHODS: Volunteers (N = 39) were randomly assigned to receive placebo (N = 13), 0.5 mg/kg MDMA (N = 13), or 1.0 mg/kg MDMA (N = 13) during a stress and a no-stress session. Dependent measures included subjective reports of drug effects and emotional responses to the task, as well as salivary cortisol, heart rate, and blood pressure. RESULTS: The stress task produced its expected increase in physiological responses (cortisol, heart rate) and subjective ratings of stress in all three groups, and MDMA produced its expected subjective and physiological effects. MDMA alone increased ratings of subjective stress, heart rate, and saliva cortisol concentrations, but contrary to our hypothesis, it did not moderate responses to the Trier Social Stress Test. CONCLUSIONS: Despite its efficacy in PTSD and anxiety, MDMA did not reduce either the subjective or objective responses to stress in this controlled study. The conditions under which MDMA relieves responses to negative events or memories remain to be determined.",2017,Jul,Psychopharmacology (Berl),234,14,2159-2166,,10.1007/s00213-017-4621-x,28432376,#28776,Bershad 2017,"",Possible RCT
Effects of Psilocybin-Assisted Therapy on Major Depressive Disorder: A Randomized Clinical Trial.,Davis AK; Barrett FS; May DG; Cosimano MP; Sepeda ND; Johnson MW; Finan PH; Griffiths RR,"IMPORTANCE: Major depressive disorder (MDD) is a substantial public health burden, but current treatments have limited effectiveness and adherence. Recent evidence suggests that 1 or 2 administrations of psilocybin with psychological support produces antidepressant effects in patients with cancer and in those with treatment-resistant depression. OBJECTIVE: To investigate the effect of psilocybin therapy in patients with MDD. DESIGN, SETTING, AND PARTICIPANTS: This randomized, waiting list-controlled clinical trial was conducted at the Center for Psychedelic and Consciousness Research at Johns Hopkins Bayview Medical Center in Baltimore, Maryland. Adults aged 21 to 75 years with an MDD diagnosis, not currently using antidepressant medications, and without histories of psychotic disorder, serious suicide attempt, or hospitalization were eligible to participate. Enrollment occurred between August 2017 and April 2019, and the 4-week primary outcome assessments were completed in July 2019. A total of 27 participants were randomized to an immediate treatment condition group (n = 15) or delayed treatment condition group (waiting list control condition; n = 12). Data analysis was conducted from July 1, 2019, to July 31, 2020, and included participants who completed the intervention (evaluable population). INTERVENTIONS: Two psilocybin sessions (session 1: 20 mg/70 kg; session 2: 30 mg/70 kg) were given (administered in opaque gelatin capsules with approximately 100 mL of water) in the context of supportive psychotherapy (approximately 11 hours). Participants were randomized to begin treatment immediately or after an 8-week delay. MAIN OUTCOMES AND MEASURES: The primary outcome, depression severity was assessed with the GRID-Hamilton Depression Rating Scale (GRID-HAMD) scores at baseline (score of ≥17 required for enrollment) and weeks 5 and 8 after enrollment for the delayed treatment group, which corresponded to weeks 1 and 4 after the intervention for the immediate treatment group. Secondary outcomes included the Quick Inventory of Depressive Symptomatology-Self Rated (QIDS-SR). RESULTS: Of the randomized participants, 24 of 27 (89%) completed the intervention and the week 1 and week 4 postsession assessments. This population had a mean (SD) age of 39.8 (12.2) years, was composed of 16 women (67%), and had a mean (SD) baseline GRID-HAMD score of 22.8 (3.9). The mean (SD) GRID-HAMD scores at weeks 1 and 4 (8.0 [7.1] and 8.5 [5.7]) in the immediate treatment group were statistically significantly lower than the scores at the comparable time points of weeks 5 and 8 (23.8 [5.4] and 23.5 [6.0]) in the delayed treatment group. The effect sizes were large at week 5 (Cohen d = 2.5; 95% CI, 1.4-3.5; P < .001) and week 8 (Cohen d = 2.6; 95% CI, 1.5-3.7; P < .001). The QIDS-SR documented a rapid decrease in mean (SD) depression score from baseline to day 1 after session 1 (16.7 [3.5] vs 6.3 [4.4]; Cohen d = 2.6; 95% CI, 1.8-3.5; P < .001), which remained statistically significantly reduced through the week 4 follow-up (6.0 [5.7]; Cohen d = 2.3; 95% CI, 1.5-3.0; P < .001). In the overall sample, 17 participants (71%) at week 1 and 17 (71%) at week 4 had a clinically significant response to the intervention (≥50% reduction in GRID-HAMD score), and 14 participants (58%) at week 1 and 13 participants (54%) at week 4 were in remission (≤7 GRID-HAMD score). CONCLUSIONS AND RELEVANCE: Findings suggest that psilocybin with therapy is efficacious in treating MDD, thus extending the results of previous studies of this intervention in patients with cancer and depression and of a nonrandomized study in patients with treatment-resistant depression. TRIAL REGISTRATION: ClinicalTrials.gov Identifier: NCT03181529.",2021,May,JAMA Psychiatry,78,5,481-489,ClinicalTrials.gov/NCT03181529,10.1001/jamapsychiatry.2020.3285,33146667,#28809,Davis 2021,"",Possible RCT
"Urinary MDMA, MDA, HMMA, and HMA excretion following controlled MDMA administration to humans.",Abraham TT; Barnes AJ; Lowe RH; Kolbrich Spargo EA; Milman G; Pirnay SO; Gorelick DA; Goodwin RS; Huestis MA,"3,4-Methylenedioxymethamphetamine (MDMA), or ecstasy, is excreted as unchanged drug, 3,4-methylenedioxyamphetamine (MDA), and free and glucuronidated/sulfated 4-hydroxy-3-methoxymethamphetamine (HMMA), and 4-hydroxy-3-methoxyamphetamine (HMA) metabolites. The aim of this paper is to describe the pattern and timeframe of excretion of MDMA and its metabolites in urine. Placebo, 1.0 mg/kg, and 1.6 mg/kg oral MDMA doses were administered double-blind to healthy adult MDMA users on a monitored research unit. All urine was collected, aliquots were hydrolyzed, and analytes quantified by gas chromatography-mass spectrometry. Median C(max), T(max), ratios, first and last detection times, and detection rates were determined. Sixteen participants provided 916 urine specimens. After 1.6 mg/kg, median C(max) were 21,470 (MDMA), 2229 (MDA), 20,793 (HMMA), and 876 ng/mL (HMA) at median T(max) of 13.9, 23.0, 9.2 and 23.3 h. In the first 24 h, 30.2-34.3% total urinary excretion occurred. HMMA last detection exceeded MDMA's by more than 33 h after both doses. Identification of HMMA as well as MDMA increased the ability to identify positive specimens but required hydrolysis. These MDMA, MDA, HMMA, and HMA pharmacokinetic data may be useful for interpreting workplace, drug treatment, criminal justice, and military urine drug tests. Measurement of urinary HMMA provides the longest detection of MDMA exposure yet is not included in routine monitoring procedures.",2009,Oct,J Anal Toxicol,33,8,439-46,,10.1093/jat/33.8.439,19874650,#28826,Abraham 2009,"",Possible RCT
Subjective time under altered states of consciousness in ayahuasca users in shamanistic rituals involving music.,Campagnoli APS; Pereira LAS; Bueno JLO,"Ayahuasca is described as a hallucinogenic substance whose property is to alter the subjective experience of time and impair the perception of the passage of time during stimuli of more than two to three seconds. The dose-dependent effects of two concentrations of ayahuasca in the ritualistic context were investigated employing temporal reproduction tasks in participants experienced in shamanistic ayahuasca rituals. The study was conducted on nine healthy volunteers who ingested two doses of ayahuasca at two times during a ritual session. The doses of each session, consumed in amounts ranging from 20 to 60 mL, were either of low concentration or of experimental ayahuasca according to a double-blind procedure. Participants performed the task of immediately listening and reproducing, with a laptop, 20-s musical stimuli during the session. The results showed that significant temporal distortion was triggered by the musical stimulus presented without the ingestion of ayahuasca, with means of 16.33 to 16.52 s. There were minor temporal distortions after ingestion of ayahuasca: a mean of 17.91 s for control ayahuasca and of 18.38 s for experimental ayahuasca. These results with less temporal distortion among participants with ayahuasca intake disagree with other studies of hallucinogens involving temporal reproduction.",2020,,Braz J Med Biol Res,53,8,e9278,,10.1590/1414-431X20209278,32578718,#28859,CampagnoliAPS 2020,"",Possible RCT
"Oxytocin in response to MDMA provocation test in patients with arginine vasopressin deficiency (central diabetes insipidus): a single-centre, case-control study with nested, randomised, double-blind, placebo-controlled crossover trial.",Atila C; Holze F; Murugesu R; Rommers N; Hutter N; Varghese N; Sailer CO; Eckert A; Heinrichs M; Liechti ME; Christ-Crain M,"BACKGROUND: Disruptions of the hypothalamic-pituitary axis can cause an arginine vasopressin deficiency, also known as central diabetes insipidus. Patients with this condition are at high risk of additional oxytocin deficiency owing to the close anatomical proximity of oxytocin-producing neurons; however, no conclusive evidence for such a deficiency has been reported. We aimed to use 3,4-methylenedioxymethamphetamine (MDMA, also known as ecstasy), a strong activator of the central oxytocinergic system, as a biochemical and psychoactive provocation test to investigate oxytocin deficiency in patients with arginine vasopressin deficiency (central diabetes insipidus). METHODS: This single-centre, case-control study with nested, randomised, double-blind, placebo-controlled crossover trial included patients with arginine vasopressin deficiency (central diabetes insipidus) and healthy controls (matched 1:1 by age, sex, and BMI) and was conducted at the University Hospital Basel, Basel, Switzerland. We used block randomisation to assign participants to receive either a single oral dose of MDMA (100 mg) or placebo in the first experimental session; patients received the opposite treatment at the next session, with a wash-out period of at least 2 weeks between the two sessions. Participants and investigators assessing the outcomes were masked to assignment. Oxytocin concentrations were measured at 0, 90, 120, 150, 180, and 300 min after MDMA or placebo. The primary outcome was the area under the plasma oxytocin concentration curve (AUC) after drug intake. The AUC was compared between groups and conditions using a linear mixed-effects model. Subjective drug effects were assessed throughout the study using ten-point visual analogue scales. Acute adverse effects were assessed before and 360 min after drug intake using a 66-item list of complaints. This trial is registered with ClinicalTrials.gov, NCT04648137. FINDINGS: Between Feb 1, 2021, and May 1, 2022, we recruited 15 patients with arginine vasopressin deficiency (central diabetes insipidus) and 15 healthy controls. All participants completed the study and were included in the analyses. In healthy controls, median plasma oxytocin concentration was 77 pg/mL (IQR 59-94) at baseline and increased by 659 pg/mL (355-914) in response to MDMA, resulting in an AUC of 102 095 pg/mL (41 782-129 565); in patients, baseline oxytocin concentration was 60 pg/mL (51-74) and only slightly increased by 66 pg/mL (16-94) in response to MDMA, resulting in an AUC of 6446 pg/mL (1291-11 577). The effect of MDMA on oxytocin was significantly different between groups: the AUC for oxytocin was 82% (95% CI 70-186) higher in healthy controls than in patients (difference 85 678 pg/mL [95% CI 63 356-108 000], p<0·0001). The increase in oxytocin in healthy controls was associated with typical strong subjective prosocial, empathic, and anxiolytic effects, whereas only minimal subjective effects were observed in patients, in agreement with the lack of increase in oxytocin concentrations. The most frequently reported adverse effects were fatigue (eight [53%] healthy controls and eight [53%] patients), lack of appetite (ten [67%] healthy controls and eight [53%] patients), lack of concentration (eight [53%] healthy controls and seven [47%] patients), and dry mouth (eight [53%] healthy controls and eight [53%] patients). In addition, two (13%) healthy controls and four (27%) patients developed transient mild hypokalaemia. INTERPRETATION: These findings are highly suggestive of clinically meaningful oxytocin deficiency in patients with arginine vasopressin deficiency (central diabetes insipidus), laying the groundwork for a new hypothalamic-pituitary disease entity. FUNDING: Swiss National Science Foundation, Swiss Academy of Medical Sciences, and the G&J Bangerter-Rhyner Foundation.",2023,Jul,Lancet Diabetes Endocrinol,11,7,454-464,ClinicalTrials.gov/NCT04648137,10.1016/S2213-8587(23)00120-1,37192642,#28868,Atila 2023,"",Possible RCT
Self-compassion mediates treatment effects in MDMA-assisted therapy for posttraumatic stress disorder.,Agin-Liebes G; Zeifman RJ; Mitchell JM,"Background: Posttraumatic stress disorder (PTSD) is a severe condition often complicated by co-occurring disorders, such as major depression, alcohol use disorder, and substance use disorders. A well-powered phase 3 randomized, placebo-controlled trial has shown that MDMA-assisted therapy (MDMA-AT) may be an effective treatment for severe PTSD. However, the psychological mechanisms driving the therapeutic effects of MDMA-AT remain unclear. One potential mechanism is self-compassion, which is commonly conceptualized as a balance between compassionate self-responding (CS) - encompassing self-kindness, common humanity, and mindfulness - and uncompassionate self-responding (UCS) - encompassing self-judgment, isolation, and over-identification.Objective: This secondary analysis aimed to explore whether MDMA-AT enhances aspects of self-compassion and if changes in self-compassion mediate the therapy's effectiveness in reducing PTSD severity, depressive, and alcohol and substance use symptoms.Method: Eighty-two adults diagnosed with severe PTSD participated in a double-blind trial comparing three sessions of either MDMA-AT or placebo combined with therapy. Measures of PTSD severity, depressive symptoms, alcohol and substance use, and self-compassion were collected at baseline and 18 weeks later.Results: MDMA-AT led to statistically significant improvements in both UCS and CS. Significant improvements were also observed across all six subscales of the Self-Compassion Scale, including self-kindness, self-judgment, common humanity, isolation, mindfulness, and over-identification, most with large effect sizes. Changes in UCS and CS significantly and fully mediated the effects of MDMA-AT compared to placebo plus therapy in reducing PTSD severity and depressive symptoms. Findings were not significant for alcohol and substance use outcomes.Conclusions: These findings suggest that self-compassion may play a critical role in the therapeutic effects of MDMA-AT. Further research is needed to investigate the role of self-compassion in MDMA-AT to refine and develop more targeted, effective interventions for individuals with PTSD and co-occurring depression.",2025,Dec,Eur J Psychotraumatol,16,1,2485513,,10.1080/20008066.2025.2485513,40331914,#28889,Agin-Liebes 2025,"",Possible RCT; Secondary analysis
"Reduction in social anxiety after MDMA-assisted psychotherapy with autistic adults: a randomized, double-blind, placebo-controlled pilot study.",Danforth AL; Grob CS; Struble C; Feduccia AA; Walker N; Jerome L; Yazar-Klosinski B; Emerson A,"RATIONALE: Standard therapeutic approaches to reduce social anxiety in autistic adults have limited effectiveness. Since 3,4-methylenedioxymethamphetamine (MDMA)-assisted psychotherapy shows promise as a treatment for other anxiety disorders, a blinded, placebo-controlled pilot study was conducted. OBJECTIVES: To explore feasibility and safety of MDMA-assisted psychotherapy for reduction of social fear and avoidance that are common in the autistic population. METHODS: Autistic adults with marked to very severe social anxiety were randomized to receive MDMA (75 to 125 mg, n = 8) or inactive placebo (0 mg, n = 4) during two 8-h psychotherapy sessions (experimental sessions) in a controlled clinical setting. Double-blinded experimental sessions were spaced approximately 1 month apart with 3 non-drug psychotherapy sessions following each. The primary outcome was change in Leibowitz Social Anxiety Scale (LSAS) Total scores from Baseline to one month after the second experimental session. Outcomes were measured again six months after the last experimental session. RESULTS: Improvement in LSAS scores from baseline to the primary endpoint was significantly greater for MDMA group compared to the placebo group (P = 0.037), and placebo-subtracted Cohen's d effect size was very large (d = 1.4, CI - 0.074, 2.874). Change in LSAS scores from baseline to 6-month follow-up showed similar positive results (P = 0.036), with a Cohen's d effect size of 1.1 (CI - 0.307, 2.527). Social anxiety remained the same or continued to improve slightly for most participants in the MDMA group after completing the active treatment phase. CONCLUSIONS: This pilot trial demonstrated rapid and durable improvement in social anxiety symptoms in autistic adults following MDMA-assisted psychotherapy. Initial safety and efficacy outcomes support expansion of research into larger samples to further investigate this novel treatment for social anxiety. TRIAL REGISTRATION: clinicaltrials.gov identifier, NCT02008396.",2018,Nov,Psychopharmacology (Berl),235,11,3137-3148,ClinicalTrials.gov/NCT02008396,10.1007/s00213-018-5010-9,30196397,#28934,Danforth 2018,"",Possible RCT
"3,4-methylenedioxymethamphetamine (MDMA)-assisted psychotherapy for post-traumatic stress disorder in military veterans, firefighters, and police officers: a randomised, double-blind, dose-response, phase 2 clinical trial.",Mithoefer MC; Mithoefer AT; Feduccia AA; Jerome L; Wagner M; Wymer J; Holland J; Hamilton S; Yazar-Klosinski B; Emerson A; Doblin R,"BACKGROUND: Post-traumatic stress disorder (PTSD) is prevalent in military personnel and first responders, many of whom do not respond to currently available treatments. This study aimed to assess the efficacy and safety of 3,4-methylenedioxymethamphetamine (MDMA)-assisted psychotherapy for treating chronic PTSD in this population. METHODS: We did a randomised, double-blind, dose-response, phase 2 trial at an outpatient psychiatric clinic in the USA. We included service personnel who were 18 years or older, with chronic PTSD duration of 6 months or more, and who had a Clinician-Administered PTSD Scale (CAPS-IV) total score of 50 or greater. Using a web-based randomisation system, we randomly assigned participants (1:1:2) to three different dose groups of MDMA plus psychotherapy: 30 mg (active control), 75 mg, or 125 mg. We masked investigators, independent outcome raters, and participants until after the primary endpoint. MDMA was administered orally in two 8-h sessions with concomitant manualised psychotherapy. The primary outcome was mean change in CAPS-IV total score from baseline to 1 month after the second experimental session. Participants in the 30 mg and 75 mg groups subsequently underwent three 100-125 mg MDMA-assisted psychotherapy sessions in an open-label crossover, and all participants were assessed 12 months after the last MDMA session. Safety was monitored through adverse events, spontaneously reported expected reactions, vital signs, and suicidal ideation and behaviour. This study is registered with ClinicalTrials.gov, number NCT01211405. FINDINGS: Between Nov 10, 2010, and Jan 29, 2015, 26 veterans and first responders met eligibility criteria and were randomly assigned to receive 30 mg (n=7), 75 mg (n=7), or 125 mg (n=12) of MDMA plus psychotherapy. At the primary endpoint, the 75 mg and 125 mg groups had significantly greater decreases in PTSD symptom severity (mean change CAPS-IV total scores of -58·3 [SD 9·8] and -44·3 [28·7]; p=0·001) than the 30 mg group (-11·4 [12·7]). Compared with the 30 mg group, Cohen's d effect sizes were large: 2·8 (95% CI 1·19-4·39) for the 75 mg group and 1·1 (0·04-2·08) for the 125 mg group. In the open-label crossover with full-dose MDMA (100-125 mg), PTSD symptom severity significantly decreased in the group that had previously received 30 mg (p=0·01), whereas no further significant decreases were observed in the group that previously achieved a large response after 75 mg doses in the blinded segment (p=0·81). PTSD symptoms were significantly reduced at the 12-month follow-up compared with baseline after all groups had full-dose MDMA (mean CAPS-IV total score of 38·8 [SD 28·1] vs 87·1 [16·1]; p<0·0001). 85 adverse events were reported by 20 participants. Of these adverse events, four (5%) were serious: three were deemed unrelated and one possibly related to study drug treatment. INTERPRETATION: Active doses (75 mg and 125 mg) of MDMA with adjunctive psychotherapy in a controlled setting were effective and well tolerated in reducing PTSD symptoms in veterans and first responders. FUNDING: Multidisciplinary Association for Psychedelic Studies.",2018,Jun,Lancet Psychiatry,5,6,486-497,ClinicalTrials.gov/NCT01211405,10.1016/S2215-0366(18)30135-4,29728331,#28937,Mithoefer 2018,"",Possible RCT
Modulating the rate and rhythmicity of perceptual rivalry alternations with the mixed 5-HT2A and 5-HT1A agonist psilocybin.,Carter OL; Pettigrew JD; Hasler F; Wallis GM; Liu GB; Hell D; Vollenweider FX,"Binocular rivalry occurs when different images are presented simultaneously to corresponding points within the left and right eyes. Under these conditions, the observer's perception will alternate between the two perceptual alternatives. Motivated by the reported link between the rate of perceptual alternations, symptoms of psychosis and an incidental observation that the rhythmicity of perceptual alternations during binocular rivalry was greatly increased 10 h after the consumption of LSD, this study aimed to investigate the pharmacology underlying binocular rivalry and to explore the connection between the timing of perceptual switching and psychosis. Psilocybin (4-phosphoryloxy-N,N-dimethyltryptamine, PY) was chosen for the study because, like LSD, it is known to act as an agonist at serotonin (5-HT)1A and 5-HT2A receptors and to produce an altered state sometimes marked by psychosis-like symptoms. A total of 12 healthy human volunteers were tested under placebo, low-dose (115 microg/kg) and high-dose (250 microg/kg) PY conditions. In line with predictions, under both low- and high-dose conditions, the results show that at 90 min postadministration (the peak of drug action), rate and rhythmicity of perceptual alternations were significantly reduced from placebo levels. Following the 90 min testing period, the perceptual switch rate successively increased, with some individuals showing increases well beyond pretest levels at the final testing, 360 min postadministration. However, as some subjects had still not returned to pretest levels by this time, the mean phase duration at 360 min was not found to differ significantly from placebo. Reflecting the drug-induced changes in rivalry phase durations, subjects showed clear changes in psychological state as indexed by the 5D-ASC (altered states of consciousness) rating scales. This study suggests the involvement of serotonergic pathways in binocular rivalry and supports the previously proposed role of a brainstem oscillator in perceptual rivalry alternations and symptoms of psychosis.",2005,Jun,Neuropsychopharmacology,30,6,1154-62,,10.1038/sj.npp.1300621,15688092,#28975,Carter 2005,"",Possible RCT
MDMA-assisted therapy significantly reduces eating disorder symptoms in a randomized placebo-controlled trial of adults with severe PTSD.,Brewerton TD; Wang JB; Lafrance A; Pamplin C; Mithoefer M; Yazar-Klosinki B; Emerson A; Doblin R,"INTRODUCTION: Eating disorders (EDs) and posttraumatic stress disorder (PTSD) are highly comorbid, yet there are no proven integrative treatment modalities for ED-PTSD. In clinical trials, MDMA-assisted therapy (MDMA-AT) has shown marked success in the treatment of PTSD and may be promising for ED-PTSD. METHODS: Ninety individuals with severe PTSD received treatment in a double-blind, placebo-controlled pivotal trial of MDMA-AT. In addition to the primary (Clinician-Administered PTSD Scale) and secondary (Sheehan Disability Scale) outcome measures, the Eating Attitudes Test 26 (EAT-26) was administered for pre-specified exploratory purposes at baseline and at study termination. RESULTS: The study sample consisted of 58 females (placebo = 31, MDMA = 27) and 31 males (placebo = 12, MDMA = 19) (n = 89). Seven participants discontinued prior to study termination. At baseline, 13 (15%) of the 89 individuals with PTSD had total EAT-26 scores in the clinical range (≥20), and 28 (31.5%) had total EAT-26 scores in the high-risk range (≥11) despite the absence of active purging or low weight. In completers (n = 82), there was a significant reduction in total EAT-26 scores in the total group of PTSD participants following MDMA-AT versus placebo (p = .03). There were also significant reductions in total EAT-26 scores in women with high EAT-26 scores ≥11 and ≥ 20 following MDMA-AT versus placebo (p = .0012 and p = .0478, respectively). CONCLUSIONS: ED psychopathology is common in individuals with PTSD even in the absence of EDs with active purging and low weight. MDMA-AT significantly reduced ED symptoms compared to therapy with placebo among participants with severe PTSD. MDMA-AT for ED-PTSD appears promising and requires further study.",2022,May,J Psychiatr Res,149,,128-135,,10.1016/j.jpsychires.2022.03.008,35272210,#28977,Brewerton 2022,"",Possible RCT
"A randomized, controlled pilot study of MDMA (± 3,4-Methylenedioxymethamphetamine)-assisted psychotherapy for treatment of resistant, chronic Post-Traumatic Stress Disorder (PTSD).",Oehen P; Traber R; Widmer V; Schnyder U,"Psychiatrists and psychotherapists in the US (1970s to 1985) and Switzerland (1988-1993) used MDMA legally as a prescription drug, to enhance the effectiveness of psychotherapy. Early reports suggest that it is useful in treating trauma-related disorders. Recently, the first completed pilot study of MDMA-assisted psychotherapy for PTSD yielded encouraging results. Designed to test the safety and efficacy of MDMA-assisted psychotherapy in patients with treatment-resistant PTSD; our randomized, double-blind, active-placebo controlled trial enrolled 12 patients for treatment with either low-dose (25 mg, plus 12.5 mg supplemental dose) or full-dose MDMA (125 mg, plus 62.5 mg supplemental dose). MDMA was administered during three experimental sessions, interspersed with weekly non-drug-based psychotherapy sessions. Outcome measures used were the Clinician-Administered PTSD Scale (CAPS) and the Posttraumatic Diagnostic Scale (PDS). Patients were assessed at baseline, three weeks after the second and third MDMA session (end of treatment), and at the 2-month and 1-year follow-ups. We found that MDMA-assisted psychotherapy can be safely administered in a clinical setting. No drug-related serious adverse events occurred. We did not see statistically significant reductions in CAPS scores (p = 0.066), although there was clinically and statistically significant self-reported (PDS) improvement (p = 0.014). CAPS scores improved further at the 1-year follow-up. In addition, three MDMA sessions were more effective than two (p = 0.016).",2013,Jan,J Psychopharmacol,27,1,40-52,,10.1177/0269881112464827,23118021,#28994,Oehen 2013,"",Possible RCT
"A proof-of-principle study of the short-term effects of 3,4-methylenedioxymethamphetamine (MDMA) on tinnitus and neural connectivity.",Searchfield GD; Poppe TNER; Durai M; Jensen M; Kennedy MA; Maggo S; Miller AL; Park J; Russell BR; Shekhawat GS; Spiegel D; Sundram F; Wise K,"Background: This study was conducted to investigate the short-term behavioural and neurophysiological effects of 3,4-methylenedioxymethamphetamine (MDMA) on tinnitus perception.Methods: A double-blind randomized controlled cross-over design. Part 1. Behavioural measures of tinnitus following 30 mg MDMA or placebo administration (N = 5 participants) and Part 2. Behavioural measures of tinnitus and correlations between pairs of apriori regions of interest (ROI) using resting-state functional magnetic resonance imaging (rs-fMRI) before and after 70 mg of MDMA or placebo (N = 8 participants).Results: The results to MDMA were similar to placebo. For the 70 mg dose, there was a significant reduction after 4 h in annoyance and ignore ratings. RsMRI showed decreased connectivity compared with placebo administration between the left hippocampal, right hippocampal, left amygdala and right amygdala regions, and between the right posterior parahippocampal cortex and the left amygdala after two hours of 70 mg MDMA administration. Increased connectivity compared to placebo administration was found post MDMA between the right post-central gyrus and right posterior and superior temporal gyrus, and between the thalamus and frontoparietal network.Conclusions: Following 70 mg of MDMA two tinnitus rating scales significantly improved. There was, however, a placebo effect. Compared with placebo the rsMRI following the MDMA showed reductions in connectivity between the amygdala, hippocampus and parahippocampal gyrus. There is sufficient proof of concept to support future investigation of MDMA as a treatment for tinnitus.",2020,Jul,Int J Neurosci,130,7,671-682,,10.1080/00207454.2019.1702544,31814488,#28999,Searchfield 2020,"",Possible RCT
"Detection of acute 3,4-methylenedioxymethamphetamine (MDMA) effects across protocols using automated natural language processing.",Agurto C; Cecchi GA; Norel R; Ostrand R; Kirkpatrick M; Baggott MJ; Wardle MC; Wit H; Bedi G,"The detection of changes in mental states such as those caused by psychoactive drugs relies on clinical assessments that are inherently subjective. Automated speech analysis may represent a novel method to detect objective markers, which could help improve the characterization of these mental states. In this study, we employed computer-extracted speech features from multiple domains (acoustic, semantic, and psycholinguistic) to assess mental states after controlled administration of 3,4-methylenedioxymethamphetamine (MDMA) and intranasal oxytocin. The training/validation set comprised within-participants data from 31 healthy adults who, over four sessions, were administered MDMA (0.75, 1.5 mg/kg), oxytocin (20 IU), and placebo in randomized, double-blind fashion. Participants completed two 5-min speech tasks during peak drug effects. Analyses included group-level comparisons of drug conditions and estimation of classification at the individual level within this dataset and on two independent datasets. Promising classification results were obtained to detect drug conditions, achieving cross-validated accuracies of up to 87% in training/validation and 92% in the independent datasets, suggesting that the detected patterns of speech variability are associated with drug consumption. Specifically, we found that oxytocin seems to be mostly driven by changes in emotion and prosody, which are mainly captured by acoustic features. In contrast, mental states driven by MDMA consumption appear to manifest in multiple domains of speech. Furthermore, we find that the experimental task has an effect on the speech response within these mental states, which can be attributed to presence or absence of an interaction with another individual. These results represent a proof-of-concept application of the potential of speech to provide an objective measurement of mental states elicited during intoxication.",2020,Apr,Neuropsychopharmacology,45,5,823-832,,10.1038/s41386-020-0620-4,31978933,#29010,Agurto 2020,"",Possible RCT
"The Effects of Acutely Administered 3,4-Methylenedioxymethamphetamine on Spontaneous Brain Function in Healthy Volunteers Measured with Arterial Spin Labeling and Blood Oxygen Level-Dependent Resting State Functional Connectivity.",Carhart-Harris RL; Murphy K; Leech R; Erritzoe D; Wall MB; Ferguson B; Williams LT; Roseman L; Brugger S; De Meer I; Tanner M; Tyacke R; Wolff K; Sethi A; Bloomfield MA; Williams TM; Bolstridge M; Stewart L; Morgan C; Newbould RD; Feilding A; Curran HV; Nutt DJ,"BACKGROUND: The compound 3,4-methylenedioxymethamphetamine (MDMA) is a potent monoamine releaser that produces an acute euphoria in most individuals. METHODS: In a double-blind, placebo-controlled, balanced-order study, MDMA was orally administered to 25 physically and mentally healthy individuals. Arterial spin labeling and seed-based resting state functional connectivity (RSFC) were used to produce spatial maps displaying changes in cerebral blood flow (CBF) and RSFC after MDMA administration. Participants underwent two arterial spin labeling and two blood oxygen level-dependent scans in a 90-minute scan session; MDMA and placebo study days were separated by 1 week. RESULTS: Marked increases in positive mood were produced by MDMA. Decreased CBF only was observed after MDMA, and this was localized to the right medial temporal lobe (MTL), thalamus, inferior visual cortex, and the somatosensory cortex. Decreased CBF in the right amygdala and hippocampus correlated with ratings of the intensity of global subjective effects of MDMA. The RSFC results complemented the CBF results, with decreases in RSFC between midline cortical regions, the medial prefrontal cortex, and MTL regions, and increases between the amygdala and hippocampus. There were trend-level correlations between these effects and ratings of intense and positive subjective effects. CONCLUSIONS: The MTLs appear to be specifically implicated in the mechanism of action of MDMA, but further work is required to elucidate how the drug's characteristic subjective effects arise from its modulation of spontaneous brain activity.",2015,Oct,Biol Psychiatry,78,8,554-62,,10.1016/j.biopsych.2013.12.015,24495461,#29041,Carhart-Harris 2015,"",Possible RCT
Functional connectivity measures after psilocybin inform a novel hypothesis of early psychosis.,Carhart-Harris RL; Leech R; Erritzoe D; Williams TM; Stone JM; Evans J; Sharp DJ; Feilding A; Wise RG; Nutt DJ,"Psilocybin is a classic psychedelic and a candidate drug model of psychosis. This study measured the effects of psilocybin on resting-state network and thalamocortical functional connectivity (FC) using functional magnetic resonance imaging (fMRI). Fifteen healthy volunteers received intravenous infusions of psilocybin and placebo in 2 task-free resting-state scans. Primary analyses focused on changes in FC between the default-mode- (DMN) and task-positive network (TPN). Spontaneous activity in the DMN is orthogonal to spontaneous activity in the TPN, and it is well known that these networks support very different functions (ie, the DMN supports introspection, whereas the TPN supports externally focused attention). Here, independent components and seed-based FC analyses revealed increased DMN-TPN FC and so decreased DMN-TPN orthogonality after psilocybin. Increased DMN-TPN FC has been found in psychosis and meditatory states, which share some phenomenological similarities with the psychedelic state. Increased DMN-TPN FC has also been observed in sedation, as has decreased thalamocortical FC, but here we found preserved thalamocortical FC after psilocybin. Thus, we propose that thalamocortical FC may be related to arousal, whereas DMN-TPN FC is related to the separateness of internally and externally focused states. We suggest that this orthogonality is compromised in early psychosis, explaining similarities between its phenomenology and that of the psychedelic state and supporting the utility of psilocybin as a model of early psychosis.",2013,Nov,Schizophr Bull,39,6,1343-51,,10.1093/schbul/sbs117,23044373,#29061,Carhart-Harris 2013,"",Possible RCT; Secondary analysis
"Acute Effects of Psilocybin After Escitalopram or Placebo Pretreatment in a Randomized, Double-Blind, Placebo-Controlled, Crossover Study in Healthy Subjects.",Becker AM; Holze F; Grandinetti T; Klaiber A; Toedtli VE; Kolaczynska KE; Duthaler U; Varghese N; Eckert A; Grünblatt E; Liechti ME,"The psychedelic psilocybin is being investigated for the treatment of depression and anxiety. Unclear is whether antidepressant treatments interact with psilocybin. The present study used a double-blind, placebo-controlled, crossover design with two experimental test sessions to investigate the response to psilocybin (25 mg) in healthy subjects after pretreatment with escitalopram or placebo. The treatment order was random and counterbalanced. Pretreatment consisted of 10 mg escitalopram daily for 7 days, followed by 20 mg daily for 7 days, including the day of psilocybin administration, or 14 days of placebo pretreatment before psilocybin administration. Psilocybin treatments were separated by at least 16 days. The outcome measures included self-rating scales that evaluated subjective effects, autonomic effects, adverse effects, plasma brain-derived neurotrophic factor (BDNF) levels, electrocardiogram QTc time, whole-blood HTR2A and SCL6A4 gene expression, and pharmacokinetics. Escitalopram pretreatment had no relevant effect on positive mood effects of psilocybin but significantly reduced bad drug effects, anxiety, adverse cardiovascular effects, and other adverse effects of psilocybin compared with placebo pretreatment. Escitalopram did not alter the pharmacokinetics of psilocin. The half-life of psychoactive free (unconjugated) psilocin was 1.8 hours (range 1.1-2.2 hours), consistent with the short duration of action of psilocybin. Escitalopram did not alter HTR2A or SCL6A4 gene expression before psilocybin administration, QTc intervals, or circulating BDNF levels before or after psilocybin administration. Further studies are needed with a longer antidepressant pretreatment time and patients with psychiatric disorders to further define interactions between antidepressants and psilocybin.",2022,Apr,Clin Pharmacol Ther,111,4,886-895,ClinicalTrials.gov/NCT03912974,10.1002/cpt.2487,34743319,#29071,Becker 2022,"",Possible RCT
"Investigating the mechanisms of hallucinogen-induced visions using 3,4-methylenedioxyamphetamine (MDA): a randomized controlled trial in humans.",Baggott MJ; Siegrist JD; Galloway GP; Robertson LC; Coyle JR; Mendelson JE,"BACKGROUND: The mechanisms of drug-induced visions are poorly understood. Very few serotonergic hallucinogens have been studied in humans in decades, despite widespread use of these drugs and potential relevance of their mechanisms to hallucinations occurring in psychiatric and neurological disorders. METHODOLOGY/PRINCIPAL FINDINGS: We investigated the mechanisms of hallucinogen-induced visions by measuring the visual and perceptual effects of the hallucinogenic serotonin 5-HT2AR receptor agonist and monoamine releaser, 3,4-methylenedioxyamphetamine (MDA), in a double-blind placebo-controlled study. We found that MDA increased self-report measures of mystical-type experience and other hallucinogen-like effects, including reported visual alterations. MDA produced a significant increase in closed-eye visions (CEVs), with considerable individual variation. Magnitude of CEVs after MDA was associated with lower performance on measures of contour integration and object recognition. CONCLUSIONS/SIGNIFICANCE: Drug-induced visions may have greater intensity in people with poor sensory or perceptual processing, suggesting common mechanisms with other hallucinatory syndromes. MDA is a potential tool to investigate mystical experiences and visual perception. TRIAL REGISTRATION: Clinicaltrials.gov NCT00823407.",2010,Dec,PLoS One,5,12,e14074,ClinicalTrials.gov/NCT00823407,10.1371/journal.pone.0014074,21152030,#29093,Baggott 2010,"",Possible RCT
Acute effects of MDMA on autonomic cardiac activity and their relation to subjective prosocial and stimulant effects.,Clark CM; Frye CG; Wardle MC; Norman GJ; de Wit H,"MDMA is a stimulant with unique ""prosocial"" effects, the physiological and pharmacological mechanisms of which are unknown. Here, we examine the relationship of measures of parasympathetic and sympathetic nervous system activity to the prosocial effects of MDMA. Parasympathetic activity was measured using respiratory sinus arrhythmia (RSA) and sympathetic activity using pre-ejection period (PEP). Over three sessions, 33 healthy volunteers received placebo, 0.75 mg/kg, and 1.5 mg/kg MDMA under counterbalanced, double-blind conditions, while we measured subjective feelings, RSA, and PEP. RSA and PEP data were available for 26 and 21 participants, respectively. MDMA increased prosocial and stimulated feelings, decreased RSA, and decreased PEP. At 1.5 mg/kg, subjective prosocial effects correlated with stimulated feelings and PEP, but not RSA. This suggests sympathetic, rather than parasympathetic, effects relate to the prosocial effects of MDMA.",2015,Mar,Psychophysiology,52,3,429-35,,10.1111/psyp.12327,25208727,#29096,Clark 2015,"",Possible RCT
"3,4-Methylenedioxymethamphetamine (MDMA) modulates cortical and limbic brain activity as measured by [H(2)(15)O]-PET in healthy humans.",Gamma A; Buck A; Berthold T; Liechti ME; Vollenweider FX,"[H(2)(15)O]-Positron Emission Tomography (PET) was used to examine regional cerebral blood flow (rCBF) after administration of a single oral dose of the serotonin realeaser and uptake inhibitor MDMA (1.7 mg/kg) or placebo to 16 MDMA-naïve subjects. Psychological changes were assessed by psychometric rating scales. MDMA produced distributed changes in regional blood flow including increases in ventromedial frontal and occipital cortex, inferior temporal lobe and cerebellum; and decreases in the motor and somatosensory cortex, temporal lobe including left amygdala, cingulate cortex, insula and thalamus. Concomitant with these changes, subjects experienced heightened mood, increased extroversion, slight derealization and mild perceptual alterations. MDMA also produced increases in blood pressure and several side effects such as jaw clenching, lack of appetite and difficulty concentrating. These results indicate that a distributed cluster of brain areas underlie the various effects of MDMA in humans.",2000,Oct,Neuropsychopharmacology,23,4,388-95,,10.1016/S0893-133X(00)00130-5,10989265,#29099,Gamma 2000,"",Possible RCT
MDMA and metabolite disposition in expectorated oral fluid after controlled oral MDMA administration.,Barnes AJ; Scheidweiler KB; Kolbrich-Spargo EA; Gorelick DA; Goodwin RS; Huestis MA,"INTRODUCTION: The use of 3,4-methylenedioxymethamphetamine (MDMA) is increasing, enhancing the need for its detection in clinical, workplace, pain management, and driving under the influence of drugs testing programs. Oral fluid is an important alternative matrix for drug testing, but little is known about MDMA detection windows in oral fluid. AIMS: The aim was to characterize MDMA and metabolite disposition in expectorated oral fluid after controlled MDMA administration. METHODS: Placebo, low (1.0 mg/kg), and high (1.6 mg/kg) oral MDMA doses were given double-blind in random order in separate sessions to 29 healthy adults with histories of MDMA use. One thousand two hundred eighty-six expectorated oral fluid specimens collected up to 7 days after dosing were analyzed for MDMA, 3,4-methylenedioxyamphetamine (MDA), 4-hydroxy-3-methoxymethamphetamine (HMMA), and 4-hydroxy-3-methoxyamphetamine (HMA) by gas chromatography mass spectrometry. The limits of quantification were 5 ng/mL for MDMA and MDA and 10 ng/mL for HMA and HMMA. RESULTS: MDMA was the primary analyte detected, with concentrations up to 12,000 ng/mL in 872 specimens (67.8%). MDA was quantified in 656 specimens (51.0%) at concentrations <403 ng/mL and was never present without concurrent MDMA. HMA and HMMA were not detected. Of the specimens, 59.8%, 58.6%, and 54.9% were found to be MDMA positive at the Talloires (20 ng/mL), Driving under the Influence of Drugs, Alcohol, and Medicines (25 ng/mL) and proposed US Substance Abuse and Mental Health Services Administration (50 ng/mL) confirmation cutoffs, respectively. MDMA was first observed in oral fluid 0.25-1.25 hours after dosing; MDA was initially detected at 0.5-1.75 hours. In general, the windows of detection for MDMA and MDA were 47 and 29 hours, respectively, although a few specimens were positive up to 71 and 47 hours. CONCLUSIONS: Oral fluid monitoring efficiently detects single, recreational 70-150 mg of MDMA use for 1-2 days. These controlled administration data provide a scientific basis for interpreting MDMA oral fluid test results.",2011,Oct,Ther Drug Monit,33,5,602-8,,10.1097/FTD.0b013e3182281975,21860342,#29111,Barnes 2011,"",Possible RCT
"Effects of 3,4-Methylenedioxymethamphetamine on Patient Utterances in a Psychotherapeutic Setting.",Corey VR; Pisano VD; Halpern JH,"3,4-Methylenedioxymethamphetamine (MDMA) administered as an adjunct to talk therapy influences patient speech content and increases improvement in treatment-resistant posttraumatic stress disorder (PTSD). Data came from the recordings of Mithoefer et al. (2011). In the third therapeutic session studied, patients were assigned, double blind, to an MDMA or a placebo group. Condition-blind scorers listened to therapy recordings and scored utterances where patients initiated topics that were empathic (regarding others' emotions), entactic (requesting or appreciating physical touch), or ensuic (describing a change in their sense of themselves). Patients who received MDMA produced high levels of ensuic, empathic, and entactic utterances compared with those who received the placebo. Interrater discourse scoring was reliable. The relationship between the number of scored utterances and the Clinician Administered PTSD Scale scores measuring PTSD severity after the treatment was significant, and reanalysis grouped bimodally into ""many"" or ""few"" such utterances remained significant. MDMA assisted these patients in having meaningful and disorder-resolving thoughts and discourse in talk therapy.",2016,Jul,J Nerv Ment Dis,204,7,519-23,,10.1097/NMD.0000000000000499,26998697,#29118,Corey 2016,"",Possible RCT
"The subjective experience of acute, experimentally-induced Salvia divinorum inebriation.",Addy PH; Garcia-Romeu A; Metzger M; Wade J,"This study examined the overall psychological effects of inebriation facilitated by the naturally-occurring plant hallucinogen Salvia divinorum using a double-blind, randomized, placebo-controlled trial. Thirty healthy individuals self-administered Salvia divinorum via combustion and inhalation in a quiet, comfortable research setting. Experimental sessions, post-session interviews, and 8-week follow-up meetings were audio recorded and transcribed to provide the primary qualitative material analyzed here. Additionally, post-session responses to the Hallucinogen Rating Scale provided a quantitative groundwork for mixed-methods discussion. Qualitative data underwent thematic content analysis, being coded independently by three researchers before being collaboratively integrated to provide the final results. Three main themes and 10 subthemes of acute intoxication emerged, encompassing the qualities of the experience, perceptual alterations, and cognitive-affective shifts. The experience was described as having rapid onset and being intense and unique. Participants reported marked changes in auditory, visual, and interoceptive sensory input; losing normal awareness of themselves and their surroundings; and an assortment of delusional phenomena. Additionally, the abuse potential of Salvia divinorum was examined post hoc. These findings are discussed in light of previous research, and provide an initial framework for greater understanding of the subjective effects of Salvia divinorum, an emerging drug of abuse.",2015,Apr,J Psychopharmacol,29,4,426-35,,10.1177/0269881115570081,25691501,#29148,Addy 2015,"",Possible RCT
Acute and post-acute behavioral and psychological effects of salvinorin A in humans.,Addy PH,"RATIONALE: Salvia divinorum has been used for centuries, and nontraditional use in modern societies is increasing. Inebriation and aftereffects of use are poorly documented in the scientific literature. OBJECTIVES: This double-blind, placebo-controlled, randomized study analyzed subjective experiences of salvinorin A (SA) inebriation and consequences of use after 8 weeks. METHODS: Thirty middle-aged, well-educated, hallucinogen-experienced participants smoked either 1,017 or 100 μg SA 2 weeks apart in counterbalanced order. Vital signs were recorded before and after inhalation. A researcher rated participants' behavior during sessions. Participants completed the Hallucinogen Rating Scale (HRS) assessing inebriation immediately after each session. Differences were analyzed between groups as functions of dose and time. After 8 weeks, participants were interviewed to determine reported consequences and aftereffects. RESULTS: Participants talked, laughed, and moved more often on an active dose. All six HRS clusters were significantly elevated on an active dose indicating hallucinogenic experiences. No significant adverse events were observed or reported by participants. CONCLUSIONS: The present results indicate similarities as well as differences between the subjective effects of S. divinorum and other hallucinogens. As a selective kappa opioid receptor agonist, SA may be useful for expanding understanding of the psychopharmacology and psychology of hallucinogenic states beyond serotonergic mechanisms.",2012,Mar,Psychopharmacology (Berl),220,1,195-204,,10.1007/s00213-011-2470-6,21901316,#29156,Addy 2012,"",Possible RCT
Disposition of MDMA and metabolites in human sweat following controlled MDMA administration.,Barnes AJ; De Martinis BS; Gorelick DA; Goodwin RS; Kolbrich EA; Huestis MA,"BACKGROUND: Understanding the excretion of 3,4-methylenedioxymethamphetamine (MDMA) and metabolites in sweat is vital for interpretation of sweat tests in drug treatment, criminal justice, and workplace programs. METHODS: Placebo, low (1.0 mg/kg), and high (1.6 mg/kg) doses of oral MDMA were given double-blind in random order to healthy volunteers (n = 15) with histories of MDMA use. Participants resided on the closed clinical research unit for up to 7 days after each dose. Volunteers wore PharmChek sweat patches (n = 640) before, during, and after controlled dosing. Patches were analyzed by solid phase extraction and GC-MS for MDMA, methylenedioxyamphetamine (MDA), 4-hydroxy-3-methoxyamphetamine (HMA), and 4-hydroxy-3-methoxymethamphetamine (HMMA). Limits of quantification (LOQ) were 2.5 ng/patch for MDMA and 5 ng/patch for HMA, HMMA, and MDA. RESULTS: MDMA was the primary analyte detected in 382 patches (59.7%), with concentrations up to 3007 ng/patch. MDA was detected in 188 patches (29.4%) at <172 ng/patch, whereas no HMMA or HMA was detected; 224 patches (35.0%) and 60 patches (9.4%) were positive for MDMA and MDA, respectively, at the 25-ng/patch threshold proposed by the Substance Abuse and Mental Health Services Administration. CONCLUSIONS: Sweat testing was shown to be an effective and reliable method for monitoring MDMA use in this controlled MDMA administration study. However, variability in sweat excretion suggests that results should be interpreted qualitatively rather than quantitatively. These data provide a scientific database for interpretation of MDMA sweat test results.",2009,Mar,Clin Chem,55,3,454-62,,10.1373/clinchem.2008.117093,19168553,#29298,Barnes 2009,"",Possible RCT
"A randomized controlled trial of 3,4-methylenedioxymethamphetamine (MDMA) and fear extinction retention in healthy adults.",Maples-Keller JL; Norrholm SD; Burton M; Reiff C; Coghlan C; Jovanovic T; Yasinski C; Jarboe K; Rakofsky J; Rauch S; Dunlop BW; Rothbaum BO,"BACKGROUND: Fear conditioning and extinction are well-characterized cross-species models of fear-related posttraumatic stress disorder (PTSD) symptoms, and recent animal data suggest that 3,4-methylenedioxymethamphetamine (MDMA) enhances fear extinction retention. AIMS: This study investigated the effect of MDMA on fear learning, extinction training, and retention in healthy humans. METHODS: The study involved a randomized placebo-controlled, two-group, parallel design trial in a sample of healthy adults, age 21-55 recruited from a major metropolitan area. The experimental paradigm included a fear acquisition session followed by an extinction training session 24 hours later, and 2 hours after study drug administration. Fear extinction retention was measured 48 hours after extinction training. Participants (N = 34; 70.6% male and 29.4% female) were randomly assigned in 1:1 ratio to 100 mg MDMA or placebo. All randomized participants completed the trial and were included in primary analyses. Safety was monitored via adverse events and vital signs. MDMA was well-tolerated with no serious adverse events. RESULTS: Results indicated a significant main effect of session between extinction training and retention with no significant group differences. Significantly more participants in the MDMA group retained extinction learning compared to the placebo group (χ(2) = 7.29, p = 0.007). CONCLUSION: Although we did not observe the hypothesized facilitation of extinction retention, the findings from this initial human trial provide compelling rationale to continue to explore the potential for MDMA to impact extinction retention.Clinical Trials Registry Name and Identifier: Evaluation of MDMA on Startle Response (NCT0318176) https://clinicaltrials.gov/ct2/show/NCT03181763?term = MDMA&draw = 2&rank = 9.",2022,Mar,J Psychopharmacol,36,3,368-377,ClinicalTrials.gov/NCT03181763,10.1177/02698811211069124,35166140,#29299,Maples-Keller 2022,"",Possible RCT
"Human Metabolome Changes after a Single Dose of 3,4-Methylenedioxymethamphetamine (MDMA) with Special Focus on Steroid Metabolism and Inflammation Processes.",Boxler MI; Streun GL; Liechti ME; Schmid Y; Kraemer T; Steuer AE,"The intake of 3,4-methylenedioxymethamphetamine (MDMA) is known to increase several endogenous substances involved in steroid and inflammation pathways. Untargeted metabolomics screening approaches can determine biochemical changes after drug exposure and can reveal new pathways, which might be involved in the pharmacology and toxicology of a drug of abuse. We analyzed plasma samples from a placebo-controlled crossover study of a single intake of MDMA. Plasma samples from a time point before and three time points after the intake of a single dose of 125 mg MDMA were screened for changes of endogenous metabolites. An untargeted metabolomics approach on a high-resolution quadrupole time-of-flight mass spectrometer coupled to liquid chromatography with two different chromatographic systems (reversed-phase and hydrophobic interaction liquid chromatography) was applied. Over 10 000 features of the human metabolome were detected. Hence, 28 metabolites were identified, which showed significant changes after administration of MDMA compared with placebo. The analysis revealed an upregulation of cortisol and pregnenolone sulfate 4 h after MDMA intake, suggesting increased stress and serotonergic activity. Furthermore, calcitriol levels were decreased after the intake of MDMA. Calcitriol is involved in the upregulation of trophic factors, which have protective effects on brain dopamine neurons. The inflammation mediators hydroxyeicosatetraenoic acid, dihydroxyeicosatetraenoic acid, and octadecadienoic acid were found to be upregulated after the intake of MDMA compared with placebo, which suggested a stimulation of inflammation pathways.",2018,Aug,J Proteome Res,17,8,2900-2907,,10.1021/acs.jproteome.8b00438,29947220,#29401,Boxler 2018,"",Possible RCT
Predicting the outcome of psilocybin treatment for depression from baseline fMRI functional connectivity.,Copa D; Erritzoe D; Giribaldi B; Nutt D; Carhart-Harris R; Tagliazucchi E,"BACKGROUND: Psilocybin is a serotonergic psychedelic drug under assessment as a potential therapy for treatment-resistant and major depression. Heterogeneous treatment responses raise interest in predicting the outcome from baseline data. METHODS: A machine learning pipeline was implemented to investigate baseline resting-state functional connectivity measured with functional magnetic resonance imaging (fMRI) as a predictor of symptom severity in psilocybin monotherapy for treatment-resistant depression (16 patients administered two 5 mg capsules followed by 25 mg, separated by one week). Generalizability was tested in a sample of 22 patients who participated in a psilocybin vs. escitalopram trial for moderate-to-severe major depression (two separate doses of 25 mg of psilocybin 3 weeks apart plus 6 weeks of daily placebo vs. two separate doses of 1 mg of psilocybin 3 weeks apart plus 6 weeks of daily oral escitalopram). The analysis was repeated using both samples combined. RESULTS: Functional connectivity of visual, default mode and executive networks predicted early symptom improvement, while the salience network predicted responders up to 24 weeks after treatment (accuracy≈0.9). Generalization performance was borderline significant. Consistent results were obtained from the combined sample analysis. Fronto-occipital and fronto-temporal coupling predicted early and late symptom reduction, respectively. LIMITATIONS: The number of participants and differences between the two datasets limit the generalizability of the findings, while the lack of a placebo arm limits their specificity. CONCLUSIONS: Baseline neurophysiological measurements can predict the outcome of psilocybin treatment for depression. Future research based on larger datasets should strive to assess the generalizability of these predictions.",2024,May,J Affect Disord,353,,60-69,,10.1016/j.jad.2024.02.089,38423367,#29604,Copa 2024,"",Possible RCT
Pharmacological modulation of the neural basis underlying inhibition of return (IOR) in the human 5-HT2A agonist and NMDA antagonist model of psychosis.,Daumann J; Heekeren K; Neukirch A; Thiel CM; Möller-Hartmann W; Gouzoulis-Mayfrank E,"RATIONALE: Attentional deficits are common symptoms in schizophrenia. Recent evidence suggests that schizophrenic patients show abnormalities in spatial orienting of attention, particularly a deficit of inhibition of return (IOR). IOR is mostly thought to reflect an automatic, inhibitory mechanism protecting the organism from redirecting attention to previously scanned, insignificant locations. Pharmacologic challenges with hallucinogens have been used as models for psychosis. OBJECTIVES: The aim of this study was to investigate the neural correlates underlying orienting of attention in the human N-methyl-D-aspartic acid antagonist and 5-HT2A agonist models of psychosis. MATERIALS AND METHODS: Fourteen healthy volunteers participated in a randomized, double-blind, cross-over event-related functional magnetic resonance imaging (fMRI) study with dimethyltryptamine (DMT) and S-ketamine. We administered a covert orienting of attention task with nonpredictive peripheral cues, and we scanned the subjects on two separate days at least 14 days apart with a placebo and a verum condition on each day. RESULTS: DMT, but not S-ketamine, slowed down reaction times significantly. IOR was blunted after DMT, but not after S-ketamine. Relative to placebo, S-ketamine increased activation in the IOR condition in the right superior frontal gyrus, left superior temporal gyrus, and right midfrontal frontal gyrus. CONCLUSIONS: The discrepancy between the behavioral and functional imaging outcome indicates that pharmacological fMRI might be a sensitive tool to detect drug-modulated blood oxygenation level-dependent signal changes in the absence of behavioral abnormalities. Our findings might help to further clarify the contradictory findings of IOR in schizophrenic patients and might, thus, shed more light on possible differential pathomechanisms of schizophrenic symptoms.",2008,Nov,Psychopharmacology (Berl),200,4,573-83,,10.1007/s00213-008-1237-1,18649072,#29630,Daumann 2008,"",Possible RCT
Neuronal correlates of visual and auditory alertness in the DMT and ketamine model of psychosis.,Daumann J; Wagner D; Heekeren K; Neukirch A; Thiel CM; Gouzoulis-Mayfrank E,"Deficits in attentional functions belong to the core cognitive symptoms in schizophrenic patients. Alertness is a nonselective attention component that refers to a state of general readiness that improves stimulus processing and response initiation. The main goal of the present study was to investigate cerebral correlates of alertness in the human 5HT(2A) agonist and N-methyl-D-aspartic acid (NMDA) antagonist model of psychosis. Fourteen healthy volunteers participated in a randomized double-blind, cross-over event-related functional magnetic resonance imaging (fMRI) study with dimethyltryptamine (DMT) and S-ketamine. A target detection task with cued and uncued trials in both the visual and the auditory modality was used. Administration of DMT led to decreased blood oxygenation level-dependent response during performance of an alertness task, particularly in extrastriate regions during visual alerting and in temporal regions during auditory alerting. In general, the effects for the visual modality were more pronounced. In contrast, administration of S-ketamine led to increased cortical activation in the left insula and precentral gyrus in the auditory modality. The results of the present study might deliver more insight into potential differences and overlapping pathomechanisms in schizophrenia. These conclusions must remain preliminary and should be explored by further fMRI studies with schizophrenic patients performing modality-specific alertness tasks.",2010,Oct,J Psychopharmacol,24,10,1515-24,,10.1177/0269881109103227,19304859,#29651,Daumann 2010,"",Possible RCT
Independent elevation of peripheral oxytocin concentrations and reduction in cognitive empathy during 4-fluoroamphetamine intoxication.,Dolder PC; de Sousa Fernandes Perna EB; Mason NL; Hutten NRPW; Toennes SW; Theunissen EL; Ramaekers JG; Kuypers KPC,"OBJECTIVES: 4-Fluoroamphetamine (4-FA) is a novel psychoactive substance with a pharmacological profile and reported subjective effects (e.g., empathy) intermediate between 3,4-methylenedioxymethamphetamine (MDMA) and amphetamine. Studies have shown that MDMA and amphetamine increase emotional empathy without affecting cognitive empathy; MDMA simultaneously leads to elevated levels of oxytocin, unrelated to its behavioral effects. The aim of the present study was to assess the reported enhancement of empathy by 4-FA, to assess its effects on oxytocin, and to test potential associations between both. METHODS: Twelve healthy poly-drug users were included in a double-blind placebo-controlled two-way crossover study. Treatments were 4-FA (100 mg) and placebo; empathy was assessed by means of the multifaceted empathy test, and blood samples were taken before and after treatment administration to determine oxytocin concentrations. RESULTS: 4-FA reduced cognitive empathy, whereas emotional empathy was left unaffected. One hour after treatment, plasma oxytocin levels were significantly increased compared with placebo. Behavioral and hormonal effects were unrelated. CONCLUSION: Although 4-FA shares its pharmacological mechanism with MDMA and amphetamine, current findings seem to indicate that it affects empathy differently. The 4-FA-induced increase in oxytocin levels was independent of behavioral effects, which confirms previous findings that drug-induced effects on peripheral oxytocin levels are not associated with empathy.",2018,Nov,Hum Psychopharmacol,33,6,e2680,,10.1002/hup.2680,30357914,#29659,Dolder 2018,"",Possible RCT
A controlled study of lysergide in the treatment of alcoholism. 1. The effects on drinking behavior.,Smart RG; Storm T; Baker EF; Solursh L,,1966,Sep,Q J Stud Alcohol,27,3,469-82,,,5970697,#29697,Smart 1966,"",""
"Enhancing mindfulness and compassion through an ayahuasca-inspired formulation containing N,N-DMT and harmine: A randomized controlled trial in healthy subjects.",Aicher HD; Wicki IA; Meling D; Mueller MJ; Dornbierer DA; Scheidegger M,"BACKGROUND: Mindfulness and compassion are therapeutically relevant and can be increased through different forms of meditation practices. However, meditation practice needs time and commitment. These resources are often limited in patients with mood disorders. Therefore, efficacious remedies that increase mindfulness and compassion could provide therapeutic options. This study aimed to investigate the relationship between psychedelic experiences induced by an ayahuasca-inspired N,N-dimethyltryptamine (DMT)/harmine formulation on mindfulness and compassion in healthy subjects. METHODS: This study applies a randomized, double-blind, placebo-controlled within-subjects design in a laboratory setting with 31 healthy participants. Each subject received a formulation comprising DMT + harmine, harmine + placebo, and placebo only on three different study days. Primary outcomes were mindfulness (MINDSENS) and compassion (SOCS). RESULTS: A significant effect of the drug on mindfulness (p < 0.05, F = 3.41), self-compassion (SOCS-S; p < 0.01, F = 7.53), and compassion with others (SOCS-O; p < 0.05, F = 3.37) 1 day post-treatment was found. Significant differences between the high- and low-sensitivity groups were found for mindfulness (p < 0.05, F = 6.54), self-compassion (p < 0.05, F = 4.21), and compassion with others (p < 0.05, F = 4.42). CONCLUSIONS: In line with previous studies on traditional botanical ayahuasca, our findings support the notion that the DMT/harmine formulation might have therapeutic potential through its ability to acutely enhance mindfulness and compassion. Continuing studies in therapeutic settings are needed to further elucidate the mechanisms of action of ayahuasca-inspired formulations.",2025,Jun,J Psychopharmacol,,,2698811251344689,,10.1177/02698811251344689,40536012,#30036,Aicher 2025,"",Possible RCT
GH001 vs Placebo in Patients With Treatment-Resistant Depression: A Randomized Clinical Trial.,Cubala WJ; Bajbouj M; Bauer M; Baune BT; Cardoner N; Devlin F; Doolin K; Dueñas Herrero RM; Elices M; Feeney A; Galuszko-Wegielnik M; Jakuszkowiak-Wojten K; Janu L; Kelly JR; Ledden K; Maclsaac R; Madero S; McInerney SJ; Montejo AL; Nawka A; Pálenícek T; Pérez Solà V; Ramaekers JG; Reif A; Ritter P; Ryan F; Svendsen CB; Sweeney C; Terwey TH; Trivedi MH; Valcheva V; Vieta E; Thase ME,"IMPORTANCE: Few pharmacotherapies are approved for treatment-resistant depression, and many patients do not achieve remission following treatment with those therapies. OBJECTIVE: To examine the efficacy and safety of single-day treatment with a synthetic formulation of inhaled mebufotenin (GH001) vs placebo in patients with treatment-resistant depression. DESIGN, SETTING, AND PARTICIPANTS: This was a 7-day, randomized, double-blind, placebo-controlled phase 2b trial with a 6-month open-label extension phase conducted at 16 sites in Europe from May 2023 to March 2025. Adult patients aged 18 to 64 years with treatment-resistant depression, defined as nonresponse to 2 to 5 oral antidepressant treatments, with current episode duration of up to 2 years were included. Of 128 assessed for eligibility, 81 were randomized and completed the placebo-controlled period of the trial. INTERVENTIONS: Patients were randomly assigned 1:1 to receive an individualized dosing regimen of up to 3 escalating doses of GH001 (6, 12, and 18 mg) or a placebo individualized dosing regimen on a single day (day 1). MAIN OUTCOMES AND MEASURES: The primary efficacy end point was the change from baseline to day 8 in Montgomery-Åsberg Depression Rating Scale total score (range, 0-60; higher scores indicate greater severity of depression), comparing GH001 with placebo. Secondary end points included remission (Montgomery-Åsberg Depression Rating Scale score ≤10) at day 8. RESULTS: Among the 81 patients randomized to GH001 (n = 40) or placebo (n = 41), the mean (SD) age was 41.6 (11.4) years and 43.9 (10.9) years and 24 (60.0%) and 22 (53.7%) were female, respectively. Change in Montgomery-Åsberg Depression Rating Scale score from baseline to day 8 was significantly greater for GH001 vs placebo (least squares mean difference [SE], -15.5 [1.7]; P < .001; effect size, -2.0). Day 8 remission rates were 23/40 (57.5%) with GH001 and 0/41 (0%) with placebo. No severe or serious adverse events were reported in the placebo-controlled period. CONCLUSIONS AND RELEVANCE: In this study, an individualized dosing regimen of inhaled GH001 resulted in significant improvements in depression symptoms relative to placebo and was well tolerated, supporting its potential as a novel, rapid-acting treatment for treatment-resistant depression. TRIAL REGISTRATION: ClinicalTrials.gov Identifier: NCT05800860.",2026,Mar,JAMA Psychiatry,,,,ClinicalTrials.gov/NCT05800860,10.1001/jamapsychiatry.2026.0096,41879760,#30054,Cubala 2026,"",Possible RCT
"Potential therapeutic effects of an ayahuasca-inspired N,N-DMT and harmine formulation: a controlled trial in healthy subjects.",Aicher HD; Mueller MJ; Dornbierer DA; Suay D; Elsner C; Wicki I; Meling D; Caflisch L; Hempe A; Steinhart C; Mueller J; Von Rotz R; Kleim B; Scheidegger M,"BACKGROUND: There is growing scientific evidence for the therapeutic benefits of the Amazonian plant-based psychedelic ""ayahuasca"" for neuropsychiatric disorders such as depression and anxiety. However, there are certain challenges when incorporating botanical ayahuasca into biomedical research and clinical therapy environments. Formulations inspired by ayahuasca, which contain specific and standardized active components, are a potential remedy. METHODS: We investigated subjective acute and persisting effects of a novel formulation containing the reversible monoamine oxidase inhibitor harmine (orodispersible tablet containing 100 mg MAO-I) and N,N-dimethyltryptamine (incremental intranasal dosing of up to 100 mg DMT), compared with two other conditions, namely harmine alone and placebo, in a crossover RCT in 31 healthy male subjects. RESULTS: DMT + harmine, but not harmine alone, induced a psychedelic experience assessed with the 5D-ASC rating scale [global score: F(2,60) = 80.21, p < 0.001] and acute experience sampling items over time, characterized by psychological insights [PIQ, F(2,58.5) = 28.514, p < 0.001], emotional breakthroughs [EBI, F(2,60) = 26.509, p < 0.001], and low scores on the challenging experience questionnaire [CEQ, F(2,60) = 12.84, p < 0.001]. Participants attributed personal and spiritual significance to the experience (GSR) with mainly positive persisting effects (PEQ) at 1- and 4-months follow-up. Acute drug effects correlated positively with persisting effects. We found no changes in trait measures of personality, psychological flexibility, or general well-being, and no increases in psychopathology (SCL-90-R) were reported. DISCUSSION AND CONCLUSION: Our results suggest that the experience induced by the standardized DMT + harmine formulation induces a phenomenologically rich psychedelic experience, demonstrates good psychological safety and tolerability, is well tolerated, and induces beneficial psychological processes that could possibly support psychotherapy. Further studies are required to investigate the psychotherapeutic potential in patients.",2023,,Front Psychiatry,14,,1302559,,10.3389/fpsyt.2023.1302559,38264636,#30059,Aicher 2023,"",Possible RCT
5-HT(1A) receptor blockade potentiates the subjective effects of DMT.,Zahid Z; Strassman RJ; Qualls CR; Nayak SM,"INTRODUCTION: Serotonergic psychedelics are being investigated in the treatment of various disorders and in the improvement of well-being. Evidence suggests that their subjective effects may play a role in long-term behavioral outcomes. The subjective effects are mediated by 5-HT(2A) receptor agonism, but the 5-HT(1A) receptor may also play a role in the subjective effects. This study elucidates the effects of 5-HT(1A) receptor blockade using pindolol pre-treatment on the subjective effects induced by N,N-dimethyltryptamine (DMT). METHODS: In a double-blind, randomized, placebo-controlled within-subjects design, 12 (10 males, 2 females) experienced hallucinogen-using participants received a sub-hallucinogenic dose of intravenous DMT fumarate, 0.1 mg/kg, after pre-treatment with 30 mg oral racemic pindolol. Subjective effects were measured using the Hallucinogen Rating Scale. RESULTS: Pindolol pre-treatment increased DMT-induced subjective effects with a moderate effect size (M = 0.514). Blood pressure and mean arterial pressure also increased with pindolol pre-treatment at 2 minutes following DMT administration, but heart rate was not affected. CONCLUSIONS: 5-HT(1A) receptor blockade results in a global intensification of DMT-induced subjective effects, suggesting a functional role of 5-HT(1A) receptor action in the mechanism of psychedelic-induced subjective effects.",2026,May,J Psychopharmacol,,,2698811261443696,,10.1177/02698811261443696,42068196,#30072,Zahid 2026,"",Possible RCT
The effect of MDMA on anterior pituitary hormones: a secondary analysis of a randomized placebo-controlled trial.,Atila C; Camerin SJ; Liechti ME; Christ-Crain M,"BACKGROUND: 3,4-Methylenedioxymethamphetamine (MDMA), a psychoactive substance, has been proposed as a novel provocation test for oxytocin deficiency. Limited evidence suggests that MDMA may also stimulate the anterior pituitary. Therefore, this analysis aimed to investigate the acute effect of MDMA on the anterior pituitary in healthy adults. METHODS: This secondary analysis utilized data from a double-blind, placebo-controlled, crossover, randomized trial. Healthy participants received a single oral dose of MDMA (100 mg) or placebo in random order. Plasma hormone levels of the anterior pituitary (adrenocorticotropic hormone (ACTH), thyroid-stimulating hormone (TSH), luteinizing hormone (LH), prolactin, growth hormone (GH)) and their peripheral endocrine glands (cortisol, free thyroxine (fT4), testosterone, and estradiol) were measured at baseline and 120 min after drug-intake. Plasma hormone changes following MDMA vs placebo were compared using the paired Wilcoxon test. RESULTS: Fifteen healthy participants (median (IQR) age: 35 years (26, 48); 53% female) with a mean (SD) BMI of 23.2 kg/m2 (2.1) were included. MDMA stimulated the hypothalamic-pituitary-adrenal (HPA) axis, with plasma ACTH increasing from 12 ng/L (11, 15) at baseline to 38 ng/L (25, 59) at 120 min, resulting in a significant change of ACTH (P < 0.001). This was accompanied by a cortisol increase from 347 nmol/L (252, 409) to 566 nmol/L (457, 701), resulting in a significant change of cortisol (P = 0.006). Prolactin showed a mild change of 4 μg/L (-1, 12) (P = 0.062). No effects of MDMA were observed on the remaining anterior pituitary axes. CONCLUSION: MDMA strongly activates the HPA axis, in addition to stimulating oxytocin, suggesting that MDMA may serve as a novel stimulation test for assessing the two pituitary axes simultaneously. Further validation in larger patient populations is necessary.",2025,Jun,Endocr Connect,14,6,,,10.1530/EC-25-0254,40459963,#30081,Atila 2025,"",Possible RCT; Secondary analysis
Modulation of Serum Brain-Derived Neurotrophic Factor by a Single Dose of Ayahuasca: Observation From a Randomized Controlled Trial.,de Almeida RN; Galvão ACM; da Silva FS; Silva EADS; Palhano-Fontes F; Maia-de-Oliveira JP; de Araújo LB; Lobão-Soares B; Galvão-Coelho NL,"Serotonergic psychedelics are emerging as potential antidepressant therapeutic tools, as suggested in a recent randomized controlled trial with ayahuasca for treatment-resistant depression. Preclinical and clinical studies have suggested that serum brain-derived neurotrophic factor (BDNF) levels increase after treatment with serotoninergic antidepressants, but the exact role of BDNF as a biomarker for diagnostic and treatment of major depression is still poorly understood. Here we investigated serum BDNF levels in healthy controls (N = 45) and patients with treatment-resistant depression (N = 28) before (baseline) and 48 h after (D2) a single dose of ayahuasca or placebo. In our sample, baseline serum BDNF levels did not predict major depression and the clinical characteristics of the patients did not predict their BDNF levels. However, at baseline, serum cortisol was a predictor of serum BDNF levels, where lower levels of serum BDNF were detected in a subgroup of subjects with hypocortisolemia. Moreover, at baseline we found a negative correlation between BDNF and serum cortisol in volunteers with eucortisolemia. After treatment (D2) we observed higher BDNF levels in both patients and controls that ingested ayahuasca (N = 35) when compared to placebo (N = 34). Furthermore, at D2 just patients treated with ayahuasca (N = 14), and not with placebo (N = 14), presented a significant negative correlation between serum BDNF levels and depressive symptoms. This is the first double-blind randomized placebo-controlled clinical trial that explored the modulation of BDNF in response to a psychedelic in patients with depression. The results suggest a potential link between the observed antidepressant effects of ayahuasca and changes in serum BDNF, which contributes to the emerging view of using psychedelics as an antidepressant. This trial is registered at http://clinicaltrials.gov (NCT02914769).",2019,,Front Psychol,10,,1234,ClinicalTrials.gov/NCT02914769,10.3389/fpsyg.2019.01234,31231276,#30097,deAlmeida 2019,"",Possible RCT
"Acute dose-dependent effects of 4-bromo-2,5-dimethoxyphenethylamine (2C-B) compared with 3,4-methylenedioxymethamphetamine (MDMA) and psilocybin in a double-blind, placebo-controlled study in healthy participants.",Arikci D; Borgulya J; Straumann I; Vizeli P; Luethi D; Thomann J; Rudin D; Vukalovic I; Eckert A; Liechti ME; Holze F,"Based on its in vitro profile and preliminary evidence, 4-bromo-2,5-dimethoxyphenethylamine (2C-B) may have psychoactive properties that are similar to 3,4-methylenedioxymethamphetamine (MDMA) and psilocybin, which are investigated for the treatment of posttraumatic stress disorder and depressive disorders. We compared acute effects of 2C-B (10, 20, and 30 mg), 125 mg MDMA, and 25 mg psilocybin in 24 healthy participants (12 women, 12 men) using a double-blind, randomized, placebo-controlled, crossover design. Outcome measures included acute subjective effects, autonomic effects, adverse effects, effects on emotional and cognitive empathy, plasma oxytocin and neurophysin I concentrations, and pharmacokinetics up to 9 h. 2C-B produced dose-dependent subjective effects, with the 30 mg dose exerting comparable ""any drug effects"" to MDMA but lower ""any drug effects"" than psilocybin. Only psilocybin induced ""bad drug effects"" and ""anxiety"" compared with placebo. The 30 mg dose of 2C-B induced psychedelic-type alterations of state of consciousness and increased emotional empathy similarly to MDMA. The average subjective effect duration of 30 mg 2C-B was 4.9 h and similar to MDMA (4.8 h) and shorter than psilocybin (6.1 h). MDMA produced the highest cardiovascular stimulation, followed by psilocybin and 2C-B. Only MDMA increased plasma oxytocin and neurophysin I concentrations. 2C-B exhibited dose-proportional pharmacokinetics, with a plasma elimination half-life of ~1.3 h. The 30 mg dose of 2C-B induced entactogenic and psychedelic effects similarly to MDMA and psilocybin, respectively. MDMA is more cardiostimulant than psilocybin and 2C-B. At the tested dose-level, psilocybin is more distressing than MDMA and 2C-B. These results may assist with dose-finding for future 2C-B research and provide a direct comparison with standard doses of the prototypical compounds MDMA and psilocybin. Trial registration: ClinicalTrials.gov identifier: NCT05523401.",2026,Apr,Neuropsychopharmacology,,,,ClinicalTrials.gov/NCT05523401,10.1038/s41386-026-02428-9,42049943,#30103,Arikci 2026,"",Possible RCT
MDMA Impairs Response to Water Intake in Healthy Volunteers.,Baggott MJ; Garrison KJ; Coyle JR; Galloway GP; Barnes AJ; Huestis MA; Mendelson JE,"Hyponatremia is a serious complication of 3,4-methylenedioxymethamphetamine (MDMA) use. We investigated potential mechanisms in two double-blind, placebo-controlled studies. In Study 1, healthy drug-experienced volunteers received MDMA or placebo alone and in combination with the alpha-1 adrenergic inverse agonist prazosin, used as a positive control to release antidiuretic hormone (ADH). In Study 2, volunteers received MDMA or placebo followed by standardized water intake. MDMA lowered serum sodium but did not increase ADH or copeptin, although the control prazosin did increase ADH. Water loading reduced serum sodium more after MDMA than after placebo. There was a trend for women to have lower baseline serum sodium than men, but there were no significant interactions with drug condition. Combining studies, MDMA potentiated the ability of water to lower serum sodium. Thus, hyponatremia appears to be a significant risk when hypotonic fluids are consumed during MDMA use. Clinical trials and events where MDMA use is common should anticipate and mitigate this risk.",2016,,Adv Pharmacol Sci,2016,,2175896,,10.1155/2016/2175896,27403159,#30126,Baggott 2016,"",Possible RCT
A Bayesian Reanalysis of a Trial of Psilocybin versus Escitalopram for Depression.,Nayak SM; Bari BA; Yaden DB; Spriggs MJ; Rosas FE; Peill JM; Giribaldi B; Erritzoe D; Nutt DJ; Carhart-Harris R,"OBJECTIVES: To perform a Bayesian reanalysis of a recent trial of psilocybin (COMP360) versus escitalopram for Major Depressive Disorder (MDD) in order to provide a more informative interpretation of the indeterminate outcome of a previous frequentist analysis. DESIGN: Reanalysis of a two-arm double-blind placebo controlled trial. PARTICIPANTS: Fifty-nine patients with MDD. INTERVENTIONS: Two doses of psilocybin 25mg and daily oral placebo versus daily escitalopram and 2 doses of psilocybin 1mg, with psychological support for both groups. OUTCOME MEASURES: Quick Inventory of Depressive Symptomatology-Self-Report (QIDS SR-16), and three other depression scales as secondary outcomes: HAMD-17, MADRS, and BDI-1A. RESULTS: Using Bayes factors and 'skeptical priors' which bias estimates towards zero, for the hypothesis that psilocybin is superior by any margin, we found indeterminate evidence for QIDS SR-16, strong evidence for BDI-1A and MADRS, and extremely strong evidence for HAMD-17. For the stronger hypothesis that psilocybin is superior by a 'clinically meaningful amount' (using literature defined values of the minimally clinically important difference), we found moderate evidence against it for QIDS SR-16, indeterminate evidence for BDI-1A and MADRS, and moderate evidence supporting it for HAMD-17. Furthermore, across the board we found extremely strong evidence for psilocybin's non-inferiority versus escitalopram. These findings were robust to prior sensitivity analysis. CONCLUSIONS: This Bayesian reanalysis supports the following inferences: 1) that psilocybin did indeed outperform escitalopram in this trial, but not to an extent that was clinically meaningful--and 2) that psilocybin is almost certainly non-inferior to escitalopram. The present results provide a more precise and nuanced interpretation to previously reported results from this trial, and support the need for further research into the relative efficacy of psilocybin therapy for depression with respect to current leading treatments. TRIAL REGISTRATION NUMBER: NCT03429075.",2023,Mar,Psychedelic Med (New Rochelle),1,1,18-26,ClinicalTrials.gov/NCT03429075,10.1089/psymed.2022.0002,37337526,#30158,Nayak 2023,"",Possible RCT; Secondary analysis
A randomised placebo-controlled study of the effects of lysergic acid diethylamide microdosing (15 μg) on pain perception in healthy volunteers.,Cavarra M; Hutten NRPW; Schepers J; Mason NL; Theunissen EL; Liechti ME; Kuypers KPC; Bonnelle V; Feilding A; Ramaekers JG,"BACKGROUND: Preliminary research indicates that psychedelics may hold promise as analgesic agents. This study investigated the potential analgesic effects of lysergic acid diethylamide (LSD) microdosing on pain tolerance and subjective pain perception in healthy participants. METHODS: Utilizing a randomised, placebo-controlled design, participants received 15 μg of LSD or placebo over four administrations. Pain tolerance was assessed using the Cold Pressor Task (CPT), along with subjective ratings of painfulness, unpleasantness, and stress. RESULTS: No analgesic effects of LSD were found on any of these measures in the whole sample. LSD increased blood pressure and subjective ratings of drug experience on administration days. Blood pressure was positively correlated to pain tolerance in the LSD group, whereas subjective drug experience was not. To explore whether the absence of analgesic effects of LSD could be explained by ceiling effects observed in CPT performance, post-hoc analyses were conducted in a smaller subsample of individuals that did not show ceiling effects at baseline. This post-hoc analysis suggested that LSD increased pain tolerance and reduced unpleasantness, but only after the first dose. CONCLUSIONS: Overall, the present study provided no evidence for analgesic effects of 15 µg LSD. Post-hoc analyses only revealed a marginal analgesic effect of LSD in a subsample of participants. The dose used in this study may be below the threshold dose that is needed to produce a solid and consistent analgesic effect. Future research with larger, appropriately selected samples and higher doses is recommended to further elucidate LSD's analgesic effects and its application in clinical settings.",2025,Sep,Br J Pain,,,20494637251371626,,10.1177/20494637251371626,40917239,#30267,Cavarra 2025,"",Possible RCT
"Acute and post-dosing effects of single-dose psilocybin for obsessive-compulsive disorder in a randomized, double-blind, placebo-controlled trial: an interpretative phenomenological analysis.",Ching THW; Stahnke B; Shnayder S; Agin-Liebes G; Adams TG Jr; Amoroso L; Baiz O; Belser A; Bohner C; Burke M; D'Amico E; DePalmer G; Eilbott J; Fram G; Grazioplene R; Hokanson J; Jankovsky A; Kichuk SA; Martins B; Purohit P; Schaer H; Sierra YP; Witherow C; Pittenger C; Kelmendi B,"INTRODUCTION: The subjective effects of psilocybin on obsessive-compulsive disorder (OCD) are under-explored. Therefore, we conducted a qualitative study of participant experiences from the first randomized placebo-controlled trial of single-dose psilocybin combined with unstructured and non-directive support for individuals with treatment-refractory OCD. Our research explored how participants experienced acute and post-dosing effects, the interrelationships between these effects, and participants' perspectives on therapeutic change. MATERIALS AND METHODS: We conducted qualitative interviews with 12 participants approximately one month after psilocybin dosing; (six who received psilocybin in the initial randomized placebo-controlled phase, six who received open-label psilocybin following unblinding). We analyzed interview transcripts via interpretative phenomenological analysis (IPA) and engaged in consensus decision-making to arrive at 100% intercoder agreement in the process of abstracting codes into higher-order themes. RESULTS: Four major themes (and several subthemes) emerged from our analysis: 1) Influences on Psilocybin Experience (i.e., Set, Setting); 2) Acute Effects (i.e., Acute perceptual effects, Acute [meta]cognitive effects, Acute emotional effects, Acute impact of OCD, Other acute effects); 3) Post-Dosing Changes in OCD (i.e., Post-dosing changes in symptoms, Post-dosing changes in perceptions of OCD); as well as 4) Post-Dosing Changes Beyond OCD Symptoms (i.e., Post-dosing [meta]cognitive changes, Other post-dosing changes). Meaningful interrelationships among codes, subthemes, and themes were the norm. DISCUSSION: Our findings highlight the moderate to strong influences of set and setting in the nature and trajectory of participants' psilocybin experiences. We also uncovered acute, synergistic visual/perceptual, emotional/psychological, and physiological/somatic effects that map onto those commonly reported in prior psilocybin trials for other closely related indications. However, these acute effects tended to occur at lower intensities (i.e., 'partial' experiences) potentially due to acute interference by OCD symptoms. Certain acute and post-dosing (meta)cognitive and behavioral effects also map onto putative mechanisms of action in evidence-based psychotherapy for OCD (e.g., exposure and response prevention [ERP] and acceptance and commitment therapy [ACT]). These findings yielded hypotheses for future investigation, and point toward potential integration of psilocybin with structured psychotherapy approaches for OCD.",2025,,Front Psychiatry,16,,1726818,,10.3389/fpsyt.2025.1726818,41450831,#30387,ChingTHW 2025,"",Possible RCT; qualitative study
Neuroplastic white matter changes in patients with major depression following lysergic acid diethylamide treatment.,Avram M; Menegaux A; Müller F; Zaczek H; Korda A; Rogg H; Becker AM; Ley L; Liechti ME; Borgwardt S,"The clinical trial NCT03866252 investigates the antidepressant effects of lysergic acid diethylamide (LSD) in 61 patients with major depressive disorder (MDD) randomized to low-dose LSD (LD-LSD; 2 × 25 μg) or moderate-to-high-dose LSD (HD-LSD; 100 μg followed by 200 μg) 4 weeks apart. Although the trial reports positive clinical outcomes, underlying mechanisms remain unclear. Here, we test whether LSD alters white matter (WM) microstructure, potentially reflecting enhanced neuroplasticity. Diffusion tensor imaging data from 35 patients (17 HD-LSD) include pre- and post-intervention scans. Voxel-wise permutation tests reveal group-by-time interactions, with increased fractional anisotropy (FA) in the internal and external capsule, sagittal stratum, and fornix/stria terminalis in the HD-LSD group. In this group, post-intervention FA values correlate with improvements in depressive symptoms at 2, 6, and 12 weeks, measured using the Inventory of Depressive Symptomatology (IDS-clinician rated [C] and IDS- self report [SR]). These findings suggest that LSD-induced WM microstructural changes are associated with antidepressant effects in MDD.",2026,May,Cell Rep Med,,,102791,,10.1016/j.xcrm.2026.102791,42102823,#30497,Avram 2026,"",Possible RCT
A randomized clinical trial of repeated doses of psilocybin for the treatment of obsessive-compulsive disorder.,Moreno FA; Allen KE; Wiegand CB; Dunne R; Prickett JI; Bayze B; Allen JJB,"BACKGROUND: Current treatments for obsessive-compulsive disorder (OCD), including serotonin reuptake inhibitors and cognitive-behavioral therapy, are often insufficient. Psilocybin, a 5HT2a agonist psychedelic, has shown promise for treating OCD, but rigorous evidence is still needed. AIMS: This randomized clinical trial evaluated safety, tolerability, and benefit of multiple psilocybin doses in OCD patients. METHODS: Fifteen participants were randomized to receive 4 weekly sessions of high-dose (300 µg/kg), low-dose (100 µg/kg) psilocybin, or active placebo (lorazepam) in a double-blind Phase 1 (n = 5 per condition), followed by four additional high-dose sessions (single-blind Phase 2). OCD severity was assessed with the Yale-Brown Obsessive Compulsive Scale (YBOCS) following each session, and prospectively for 6 months. Safety was evaluated via adverse event systematic assessment, suicide severity rating, and psychosis screening. RESULTS: Psilocybin was generally well-tolerated, with no serious adverse events, or psychotic symptoms, and no significant changes in suicide severity scores. Psilocybin but not placebo significantly reduced YBOCS scores. At the end of 8-week treatment, after participants had received at least four high doses of psilocybin, 73.3% were responders (⩾35% reduction in YBOCS scores), with 40% in remission. These effects diminished but remained substantial at 6 months. Post hoc analysis of cumulative dosing correlated with YBOCS score reductions at the end of treatment. CONCLUSIONS: Administration of up to eight doses of psilocybin in a clinical research setting appears to be safe and potentially effective for patients with OCD. Larger trials are needed to further support efficacy and refine treatment protocols. CLINICAL TRIAL REGISTRATION: ClinicalTrials.gov ID NCT03300947.",2026,Mar,J Psychopharmacol,,,2698811261424214,ClinicalTrials.gov/NCT03300947,10.1177/02698811261424214,41825921,#30694,Moreno 2026,"",Possible RCT
The influence of psilocybin on subconscious and conscious emotional learning.,Casanova AF; Ort A; Smallridge JW; Preller KH; Seifritz E; Vollenweider FX,"Serotonergic psychedelics hold promise as a treatment modality for various psychiatric disorders and are currently applied in psychedelic-assisted psychotherapy. We investigated the learning effects of the serotonin receptor agonist psilocybin in a probabilistic cue-reward task with emotional cues in the form of neutral or fearful faces, presented either consciously or subconsciously. This study represents the first investigation into reinforcement learning with psilocybin. Across different dosages, psilocybin preserved learning effects and was statistically noninferior compared to placebo, while suggesting a higher exploratory behavior. Notably, the 20 mg group exhibited significantly better learning rates against the placebo group. Psilocybin induced inferior results with subconscious cues compared to placebo, and better results with conscious neutral cues in some conditions. These findings suggest that modulating serotonin signaling in the brain with psilocybin sufficiently preservers reinforcement learning.",2024,Jun,iScience,27,6,110034,,10.1016/j.isci.2024.110034,38883812,#31226,Casanova 2024,"",Possible RCT
"A Randomized, Double-Blind, Placebo Controlled Phase 3 Study Assessing Efficacy and Safety of MDMA-Assisted Therapy for the Treatment of Severe PTSD","Yazar-Klosinski, B; Mitchell, J",,2021,,BIOLOGICAL PSYCHIATRY,89,9,S105-S105,WOS:000645683800249,,,#36974,Yazar-Klosinski 2021,"",""
A controlled comparison of lysergic acid diethylamide (LSD) and dextroamphetamine in alcoholics,"Hollister, Leo E.; Shelton, Jack; Krieger, George","72 alcoholic patients were admitted to a controlled comparison of LSD and dextroamphetamine as treatments. In the context of little associated psychotherapeutic intervention, LSD produced slightly better results early, but after 6 mo. the results were alike for both treatment groups. It is concluded that controlled studies of such treatments are not only possible but mandatory if one is not to be misled into ascribing special therapeutic attributes to a specific treatment. (PsycINFO Database Record (c) 2016 APA, all rights reserved)",1969,01-01,The American Journal of Psychiatry,125,10,1352-1357,,https://doi.org/10.1176/ajp.125.10.1352,,#38621,Hollister 1969,"",Possible RCT
A clinical study of LSD treatmnt in alcoholism,"Ludwig, Arnold; Levine, Jerome; Stark, Louis; Lazar, Robert","176 male alcoholic patients participated in a controlled investigation of the differential efficacy of 3 LSD treatment procedures and a ""no therapy,"" or milieu treatment, condition. 1/2 of each group was also assigned to disulfiram after discharge from the hospital to determine whether any of these techniques could be enhanced by its use. Although significant improvement was shown within all treatment groups as measured by a number of clinical assessments in the posttreatment and follow-up periods, no 1 treatment condition proved to be superior. It is concluded that the dramatic claims for the efficacy of LSD treatment in alcoholism are unjustified. (PsycINFO Database Record (c) 2016 APA, all rights reserved)",1969,01-01,The American Journal of Psychiatry,126,1,59-69,,https://doi.org/10.1176/ajp.126.1.59,,#39177,Ludwig 1969,"",Possible RCT
